uuid,dataset_name,process_type,lci_file,fu_amount,fu_unit,region,classification,kg_per_m2,temp_c,technology,notes
abaa36ca-c901-429c-9f97-ef5896587d62,,chemicals,processes/abaa36ca-c901-429c-9f97-ef5896587d62.xml,1,kg,GLO w/o EU+EFTA+UK,chemicals,,,"Foreground system:
Acrylonitrile Butadiene Styrene (ABS) can be produced by emulsion polymerisation",scraped_from_ilcd
4e748210-990b-5202-b2db-b27c7eccd81b,,chemicals,processes/4e748210-990b-5202-b2db-b27c7eccd81b.xml,1,kg,GLO,chemicals,,,"This dataset consists of 2-5 layers water based glue lamination process mixture.

This dataset cover",scraped_from_ilcd
76fb4277-d67f-4769-b3c1-5b033dbba214,,chemicals,processes/76fb4277-d67f-4769-b3c1-5b033dbba214.xml,1,kg,EU+EFTA+UK,chemicals,,,This process represents resin-specific environmental burdens associated with the production of secon,scraped_from_ilcd
ab9d2586-641e-58be-9e18-284b04bbffb9,,chemicals,processes/ab9d2586-641e-58be-9e18-284b04bbffb9.xml,1,kg,GLO,chemicals,,,The hot cutting knife would melts the polymer filaments of the synthetic fabric precisely. Hot knife,scraped_from_ilcd
463da761-0322-4340-9016-5673c39c4335,,chemicals,processes/463da761-0322-4340-9016-5673c39c4335.xml,1,kg,EU+EFTA+UK,chemicals,,,"Foreground system:
Polystyrene is produced by polymerisation of styrene monomer, a chain-growth rea",scraped_from_ilcd
ab5e4465-072d-5190-bb39-9008069c0149,,chemicals,processes/ab5e4465-072d-5190-bb39-9008069c0149.xml,1,kg,GLO,chemicals,,,"This data set is modelled as a mix of acid washing, enzyme washing, stone washing, and water-only wa",scraped_from_ilcd
a5897268-3249-5f70-8dbd-220c2bb5de4d,,chemicals,processes/a5897268-3249-5f70-8dbd-220c2bb5de4d.xml,1,kg,RNA,chemicals,,,The activity represents the average production of bleached chemical pulp following the acidic sulfit,scraped_from_ilcd
f4f0024a-7afd-50f1-8ebd-a68fe0546b03,,chemicals,processes/f4f0024a-7afd-50f1-8ebd-a68fe0546b03.xml,1,kg,GLO,chemicals,,,"In dope dyeing method, pigment is extruded along with the melted polymer so that the resulting yarn ",scraped_from_ilcd
0b602c5c-9b61-5946-b4c2-a5743b3e91f5,,chemicals,processes/0b602c5c-9b61-5946-b4c2-a5743b3e91f5.xml,1,kg,GLO,chemicals,,,Acid washing is normally carried out by tumbling the garments with pumice stones presoaked in a blea,scraped_from_ilcd
b96c8a55-fb22-59bc-a2e5-949affa91fdf,,chemicals,processes/b96c8a55-fb22-59bc-a2e5-949affa91fdf.xml,1,kg,GLO,chemicals,,,Most common used acid for carbonization process is sulphuric acid. Typically at 5-7% w/w with approx,scraped_from_ilcd
77fc9346-877f-5f2f-bb97-9b2e455d5d8f,,chemicals,processes/77fc9346-877f-5f2f-bb97-9b2e455d5d8f.xml,1,kg,GLO,chemicals,,,"Coating is the application of polymer onto a textile as a paste, foam or viscous liquid. The applica",scraped_from_ilcd
400eb20f-864e-495b-b1b3-f26b709a5088,,chemicals,processes/400eb20f-864e-495b-b1b3-f26b709a5088.xml,1,kg,EU+EFTA+UK,chemicals,,,This process represents resin-specific environmental burdens associated with the production of secon,scraped_from_ilcd
a90d680e-973b-5dbc-96b4-eda7ee91ea02,,chemicals,processes/a90d680e-973b-5dbc-96b4-eda7ee91ea02.xml,1,kg,"WORLD (WITHOUT EU+EFTA+UK, US AND CA)",chemicals,,,The activity represents the average production of bleached chemical pulp following the acidic sulfit,scraped_from_ilcd
0d450068-181b-5334-9521-0ff9535b8204,,chemicals,processes/0d450068-181b-5334-9521-0ff9535b8204.xml,1,kg,EU+EFTA+UK,chemicals,,,Hot melt compounds must have the correct components to achieve maximum performance and manufacturabi,scraped_from_ilcd
6b04c588-551c-56ba-94e9-152e74fbaac0,,chemicals,processes/6b04c588-551c-56ba-94e9-152e74fbaac0.xml,1,kg,GLO,chemicals,,,"In spraying application, the chemical is applied through spray bars. With controlled flow, the amoun",scraped_from_ilcd
f7333bc7-4825-5cf6-88e5-d05a855aaf3f,,chemicals,processes/f7333bc7-4825-5cf6-88e5-d05a855aaf3f.xml,1,kg,GLO,chemicals,,,"In Stitch bonding maliwatt process,  The horizontal compound needle and closing wire system, which o",scraped_from_ilcd
628adbb2-b29b-542b-a5ca-fb3a673c5690,,chemicals,processes/628adbb2-b29b-542b-a5ca-fb3a673c5690.xml,1,kg,GLO,chemicals,,,"Microfibers are produced by melt spinning. In melt spinning, thermoplastic polymer granules are fed ",scraped_from_ilcd
433198a4-0548-57dc-b19e-47b480d8a9d1,,chemicals,processes/433198a4-0548-57dc-b19e-47b480d8a9d1.xml,1,kg,GLO,chemicals,,,"The usual techniques for applying a coating on solvent or water basis are the so-called ""knife-over-",scraped_from_ilcd
df385374-b0be-590c-ad3e-914ff599d1e3,,chemicals,processes/df385374-b0be-590c-ad3e-914ff599d1e3.xml,1,kg,GLO,chemicals,,,Most common used acid for carbonization process is sulphuric acid. Typically at 5-7% w/w with approx,scraped_from_ilcd
47b66bb4-cfa2-5329-8737-d5f6bc2abd94,,chemicals,processes/47b66bb4-cfa2-5329-8737-d5f6bc2abd94.xml,1,kg,GLO,chemicals,,,"In this model, the process consist of mechanical fading and chemical fading, in which the amount of ",scraped_from_ilcd
7fb93f26-81f6-57f2-9445-0612eea87c1d,,chemicals,processes/7fb93f26-81f6-57f2-9445-0612eea87c1d.xml,1,kg,FI,chemicals,,,The activity represents the average production of bleached chemical pulp following the acidic sulfit,scraped_from_ilcd
2fd05043-2b5d-5c83-90fd-f521d748947a,,chemicals,processes/2fd05043-2b5d-5c83-90fd-f521d748947a.xml,1,kg,GLO,chemicals,,,"Coating is the application of polymer onto a textile as a paste, foam or viscous liquid. The applica",scraped_from_ilcd
b9f6d229-f526-56fa-8fc5-a5dac751be81,,chemicals,processes/b9f6d229-f526-56fa-8fc5-a5dac751be81.xml,1,kg,GLO,chemicals,,,"Coating is the application of polymer onto a textile as a paste, foam or viscous liquid. The applica",scraped_from_ilcd
b295887b-9bd9-5ea1-8b13-7c3654acd3b6,,chemicals,processes/b295887b-9bd9-5ea1-8b13-7c3654acd3b6.xml,1,kg,GLO,chemicals,,,"This dataset consists of 2-5 layers water based glue lamination process mixture.

This dataset cover",scraped_from_ilcd
0b6fd8c3-6ae3-5066-8040-4d7288dfe6a5,,chemicals,processes/0b6fd8c3-6ae3-5066-8040-4d7288dfe6a5.xml,1,kg,GLO,chemicals,,,"Foam technology is a low add-on technology used as a driving tool to apply various chemicals (dye, f",scraped_from_ilcd
0bd177ab-4d57-5290-b6bb-48a72bc1a9db,,chemicals,processes/0bd177ab-4d57-5290-b6bb-48a72bc1a9db.xml,1,kg,GLO,chemicals,,,"Coating is the application of polymer onto a textile as a paste, foam or viscous liquid. The applica",scraped_from_ilcd
871a2195-99d0-526e-b5bb-7167c681c5f6,,chemicals,processes/871a2195-99d0-526e-b5bb-7167c681c5f6.xml,1,kg,GLO,chemicals,,,"Coating is the application of polymer onto a textile as a paste, foam or viscous liquid. The applica",scraped_from_ilcd
f3ed5719-a75b-5cd7-a09b-b0a4517bacfd,,chemicals,processes/f3ed5719-a75b-5cd7-a09b-b0a4517bacfd.xml,1,kg,EU+EFTA+UK,chemicals,,,The activity represents the average production of bleached chemical pulp following the acidic sulfit,scraped_from_ilcd
e7787a5e-6b96-52e8-960b-48fc13b46612,,chemicals,processes/e7787a5e-6b96-52e8-960b-48fc13b46612.xml,1,kg,GLO,chemicals,,,"This dataset consists of lamination process technology mix covers hot melt lamination, water based l",scraped_from_ilcd
3f445970-7d74-4d19-8be7-f9fba0b454b4,,chemicals,processes/3f445970-7d74-4d19-8be7-f9fba0b454b4.xml,1,kg,EU+EFTA+UK,chemicals,,,"Foreground system:
The data set represents the steel production based on the main production steps ",scraped_from_ilcd
02c8b14c-567f-5b88-841f-519301d60705,,chemicals,processes/02c8b14c-567f-5b88-841f-519301d60705.xml,1,kg,GLO,chemicals,,,"This dataset covers rotogravure and flexo printing technologies with the mix of water based, solvent",scraped_from_ilcd
69859398-9dcf-5b1a-a6bd-a1306dc1f494,,chemicals,processes/69859398-9dcf-5b1a-a6bd-a1306dc1f494.xml,1,kg,GLO,chemicals,,,Chemical fading using acidic cellulase done in an acid condition (pH 4.5 - 5.5). Specifc temperature,scraped_from_ilcd
6be0fc1c-b7e4-5dbf-9f67-3f07ffd583a0,,chemicals,processes/6be0fc1c-b7e4-5dbf-9f67-3f07ffd583a0.xml,1,kg,GLO,chemicals,,,"Foam technology is a low add-on technology used as a driving tool to apply various chemicals (dye, f",scraped_from_ilcd
d3c2b172-61d4-49a6-8861-03f8c6e8d319,,chemicals,processes/d3c2b172-61d4-49a6-8861-03f8c6e8d319.xml,1,kg,EU+EFTA+UK,chemicals,,,"Foreground system:

PS production
Polystyrene is mainly produced by continuous polymerisation pro",scraped_from_ilcd
28a2d2e5-9b88-5043-91a6-3b4d9d3ce8c2,,chemicals,processes/28a2d2e5-9b88-5043-91a6-3b4d9d3ce8c2.xml,1,kg,GLO,chemicals,,,"There are various methods of desizing including enzymatic desizing, oxidative desizing, acid steepin",scraped_from_ilcd
075530a8-3839-58dc-bf8d-4177ff64d149,,chemicals,processes/075530a8-3839-58dc-bf8d-4177ff64d149.xml,1,kg,GLO,chemicals,,,Partially biogenic polyurethane foam is made by reacting petrochemical-based diisocyanates with biob,scraped_from_ilcd
825256e9-c83d-5f66-9446-a6e5878c3982,,chemicals,processes/825256e9-c83d-5f66-9446-a6e5878c3982.xml,1,kg,GLO,chemicals,,,"There are several wawter based sizing material.
Washing with water helps get rid of PVA material (si",scraped_from_ilcd
d8911c05-2963-50b3-8947-c7c914a9983e,,chemicals,processes/d8911c05-2963-50b3-8947-c7c914a9983e.xml,1,kg,BR,chemicals,,,"This inventory is based on the ecoinvent 3.7.1 dataset  ""fibre production, cotton, ginning GLO"", adj",scraped_from_ilcd
520b7bc0-ef42-5015-91f1-589afec2b86d,,chemicals,processes/520b7bc0-ef42-5015-91f1-589afec2b86d.xml,1,kg,RNA,chemicals,,,The activity represents the average production of bleached chemical pulp following the acidic sulfit,scraped_from_ilcd
a06f2856-cca9-5c33-a5c1-35ff9ab4c805,,chemicals,processes/a06f2856-cca9-5c33-a5c1-35ff9ab4c805.xml,1,kg,EU+EFTA+UK,chemicals,,,"The dataset is based on general materials of construction, as well as the quantity of material per m",scraped_from_ilcd
8d7cc941-8741-5f06-8141-57d85e403056,,chemicals,processes/8d7cc941-8741-5f06-8141-57d85e403056.xml,1,kg,GLO,chemicals,,,"This data covers zipper machine consumptions, production of nylon polymer which is used as raw mater",scraped_from_ilcd
6c6e1d88-430d-5d05-8464-e24715a72592,,chemicals,processes/6c6e1d88-430d-5d05-8464-e24715a72592.xml,1,kg,WORLD (WITHOUT EU+EFTA+UK),chemicals,,,Semi-chemical pulping is similar to chemical mechanical methods in that the material is first chemic,scraped_from_ilcd
0f4d6b01-9c2f-5625-b33d-0630ef81c69f,,chemicals,processes/0f4d6b01-9c2f-5625-b33d-0630ef81c69f.xml,1,kg,GLO,chemicals,,,"This dataset covers machine electricity consumption, solvent based PU adhesive, solvent emissions.

",scraped_from_ilcd
2607ac2e-4850-5dad-95ff-bf6beebeb55d,,chemicals,processes/2607ac2e-4850-5dad-95ff-bf6beebeb55d.xml,1,kg,GLO,chemicals,,,"This dataset consists of 2-5 layers water based glue lamination process mixture.

This dataset cover",scraped_from_ilcd
f4bd6a4e-cd95-5b83-b684-6c653a6fee13,,chemicals,processes/f4bd6a4e-cd95-5b83-b684-6c653a6fee13.xml,1,kg,GLO,chemicals,,,"A molten material, normally a polymer, is forced into the cavity of a mold. This is managed because ",scraped_from_ilcd
bfbaaa23-4b02-4da1-96f2-45db93a494cc,,chemicals,processes/bfbaaa23-4b02-4da1-96f2-45db93a494cc.xml,1,kg,RAF,chemicals,,,This process represents resin-specific environmental burdens associated with the production of secon,scraped_from_ilcd
202b3469-68bc-5fad-adbf-72e57d480983,,chemicals,processes/202b3469-68bc-5fad-adbf-72e57d480983.xml,1,kg,GLO,chemicals,,,"The natural fibres are generally scoured using organic chemical, ethoxylated alcohol, and fatty alco",scraped_from_ilcd
d8c7da6a-f0b3-4fb3-a207-71b4f5ddb9bc,,chemicals,processes/d8c7da6a-f0b3-4fb3-a207-71b4f5ddb9bc.xml,1,kg,GLO,chemicals,,,This process represents resin-specific environmental burdens associated with the production of secon,scraped_from_ilcd
191e4ff5-6b74-535e-addd-3d9f9b08cc58,,chemicals,processes/191e4ff5-6b74-535e-addd-3d9f9b08cc58.xml,1,kg,"WORLD (WITHOUT EU+EFTA+UK, US AND CA)",chemicals,,,The activity represents the average production of bleached chemical pulp following the acidic sulfit,scraped_from_ilcd
af6fd724-7116-5ffc-9a7f-9b91bf98a71f,,chemicals,processes/af6fd724-7116-5ffc-9a7f-9b91bf98a71f.xml,1,kg,EU+EFTA+UK,chemicals,,,Tufting is a type of textile weaving in which a thread is inserted on a primary base. A woven fabric,scraped_from_ilcd
cda6ef0f-3887-488e-b524-af50ca0c7bee,,chemicals,processes/cda6ef0f-3887-488e-b524-af50ca0c7bee.xml,1,kg,RSA,chemicals,,,This process represents resin-specific environmental burdens associated with the production of secon,scraped_from_ilcd
48d9ffd1-33ae-5429-9070-72bc22fdbe07,,chemicals,processes/48d9ffd1-33ae-5429-9070-72bc22fdbe07.xml,1,kg,RNA,chemicals,,,The activity represents the average production of bleached chemical pulp following the acidic sulfit,scraped_from_ilcd
3dca578e-d5c9-565c-a8b9-0c85c27787fb,,chemicals,processes/3dca578e-d5c9-565c-a8b9-0c85c27787fb.xml,1,kg,GLO,chemicals,,,"This data set is modelled as a mix of acid washing, enzyme washing, stone washing, and water-only wa",scraped_from_ilcd
6992de5f-e616-544c-a20d-c8c51aa954e5,,chemicals,processes/6992de5f-e616-544c-a20d-c8c51aa954e5.xml,1,kg,GLO,chemicals,,,"This dataset consists of lamination process technology mix covers hot melt lamination, water based l",scraped_from_ilcd
fe86f648-88c4-54e3-a52d-5dadd5710bc9,,chemicals,processes/fe86f648-88c4-54e3-a52d-5dadd5710bc9.xml,1,kg,GLO,chemicals,,,"Several types of compounds and polymers are used as Flame Retardants (FR) for textile materials, inc",scraped_from_ilcd
8fec0f11-37dc-535f-b4af-f7ff1cce108d,,chemicals,processes/8fec0f11-37dc-535f-b4af-f7ff1cce108d.xml,1,kg,GLO,chemicals,,,"In this model, the process consist of mechanical fading and chemical fading, in which the amount of ",scraped_from_ilcd
7b1da6df-ef5f-55b2-a692-78cd55d83f91,,chemicals,processes/7b1da6df-ef5f-55b2-a692-78cd55d83f91.xml,1,kg,GLO,chemicals,,,"Coating is the application of polymer onto a textile as a paste, foam or viscous liquid. The applica",scraped_from_ilcd
92d6f138-bfef-4a6f-bbea-b44e8da4e9d4,,chemicals,processes/92d6f138-bfef-4a6f-bbea-b44e8da4e9d4.xml,1,kg,GLO w/o EU+EFTA+UK,chemicals,,,"Foreground system:
Radical polymerisation of tetrafluorethylene is initiated by an aqueous agent. T",scraped_from_ilcd
dbbc8ef4-648d-5011-92d9-717df5455f50,,chemicals,processes/dbbc8ef4-648d-5011-92d9-717df5455f50.xml,1,kg,BR,chemicals,,,"This inventory is based on the ecoinvent 3.7.1 dataset  ""fibre production, cotton, ginning GLO"", adj",scraped_from_ilcd
f1fd8c9e-48b0-5c65-a7f0-1b3af85fa26b,,chemicals,processes/f1fd8c9e-48b0-5c65-a7f0-1b3af85fa26b.xml,1,kg,GLO,chemicals,,,"In this model, the process consist of mechanical fading and chemical fading, in which the amount of ",scraped_from_ilcd
fd0b93eb-5483-5721-831e-2d1ec3b2a4ad,,chemicals,processes/fd0b93eb-5483-5721-831e-2d1ec3b2a4ad.xml,1,kg,GLO,chemicals,,,Some waterproof sprays are sillicone based and it is good for all types of shoes. Before applying wa,scraped_from_ilcd
8292d0b6-033e-5333-aae8-f556a3cc7210,,chemicals,processes/8292d0b6-033e-5333-aae8-f556a3cc7210.xml,1,kg,GLO,chemicals,,,"There are various methods of desizing including enzymatic desizing, oxidative desizing, acid steepin",scraped_from_ilcd
3e45022f-2b84-5964-9fab-07018427df8b,,chemicals,processes/3e45022f-2b84-5964-9fab-07018427df8b.xml,1,kg,GLO,chemicals,,,"This data covers zipper machine consumptions, production of nylon polymer which is used as raw mater",scraped_from_ilcd
9758f4e0-af5a-43ee-832c-3a24f0dff2b7,,chemicals,processes/9758f4e0-af5a-43ee-832c-3a24f0dff2b7.xml,1,kg,GLO,chemicals,,,"Foreground system:
The data set includes the truck production (<=7.5t gross weight) based on public",scraped_from_ilcd
02d676a4-68dd-42dc-a264-82c6aaa5189b,,chemicals,processes/02d676a4-68dd-42dc-a264-82c6aaa5189b.xml,1,kg,EU+EFTA+UK,chemicals,,,"Foreground system:
The photovoltaic model is based on the mix of different photovoltaic technologie",scraped_from_ilcd
96814657-e159-536d-95d7-feb8947d9633,,chemicals,processes/96814657-e159-536d-95d7-feb8947d9633.xml,1,kg,GLO,chemicals,,,"Coating is the application of polymer onto a textile as a paste, foam or viscous liquid. The applica",scraped_from_ilcd
c132da37-2fa6-5f23-8a2b-165f5d9436a5,,chemicals,processes/c132da37-2fa6-5f23-8a2b-165f5d9436a5.xml,1,kg,GLO,chemicals,,,"This dataset consists of 2-5 layers water based glue lamination process mixture.

This dataset cover",scraped_from_ilcd
6b5ef6be-e581-4f2d-8627-c24a5e54e2b8,,chemicals,processes/6b5ef6be-e581-4f2d-8627-c24a5e54e2b8.xml,1,kg,EU+EFTA+UK,chemicals,,,This process represents resin-specific environmental burdens associated with the production of secon,scraped_from_ilcd
2d34bbbc-8af3-430b-b171-08c94afff427,,chemicals,processes/2d34bbbc-8af3-430b-b171-08c94afff427.xml,1,kg,GLO,chemicals,,,"Foreground system:

Primary gold:
The use of water-based solutions to extract and recover metals ",scraped_from_ilcd
d7774f29-92ec-46b9-a624-514a6b52e559,,chemicals,processes/d7774f29-92ec-46b9-a624-514a6b52e559.xml,1,kg,EU+EFTA+UK,chemicals,,,"Foreground system:
EPDM is produced by the copolymerization of ethylene and propylene. The polymeri",scraped_from_ilcd
f2ef3468-e23e-5f73-adb3-c09d993dc49d,,chemicals,processes/f2ef3468-e23e-5f73-adb3-c09d993dc49d.xml,1,kg,GLO,chemicals,,,One or more molds or forms provided along and/or at least partially around the base member and/or th,scraped_from_ilcd
9ca18527-053a-587d-aac0-ed15d03b3e5a,,chemicals,processes/9ca18527-053a-587d-aac0-ed15d03b3e5a.xml,1,kg,EU+EFTA+UK,chemicals,,,"The dataset is based on general materials of construction, as well as the quantity of material per s",scraped_from_ilcd
2c8e39f1-048d-5910-af25-40d148add4c7,,chemicals,processes/2c8e39f1-048d-5910-af25-40d148add4c7.xml,1,kg,GLO,chemicals,,,"In melt spinning, thermoplastic polymer granules are fed into an extruder and then the polymer melt ",scraped_from_ilcd
767e542b-7dec-5de0-a766-8f168ce3b65e,,chemicals,processes/767e542b-7dec-5de0-a766-8f168ce3b65e.xml,1,kg,GLO,chemicals,,,"This dataset consists of 2-5 layers water based glue lamination process mixture.

This dataset cover",scraped_from_ilcd
b7facca0-4416-5b20-8546-e165da938854,,chemicals,processes/b7facca0-4416-5b20-8546-e165da938854.xml,1,kg,GLO,chemicals,,,"The natural fibres are generally scoured using organic chemical, ethoxylated alcohol, and fatty alco",scraped_from_ilcd
7ceebd0a-ecd2-4289-9210-1334211d763f,,chemicals,processes/7ceebd0a-ecd2-4289-9210-1334211d763f.xml,1,kg,GLO w/o EU+EFTA+UK,chemicals,,,"Foreground system:
Nylon 6 is produced from caprolactam which is synthesized from benzene, ammonia,",scraped_from_ilcd
5120f505-52f8-5359-8e57-124522a57cc0,,chemicals,processes/5120f505-52f8-5359-8e57-124522a57cc0.xml,1,kg,GLO,chemicals,,,"This dataset covers machine electricity consumption, solvent based PU adhesive, solvent emissions.

",scraped_from_ilcd
89225898-8df2-5369-b8d0-6129f54dec46,,chemicals,processes/89225898-8df2-5369-b8d0-6129f54dec46.xml,1,kg,EU+EFTA+UK,chemicals,,,"The dataset is based on general materials of construction, as well as the quantity of material per h",scraped_from_ilcd
4a5df62a-5991-4862-a249-4eb07d2e943c,,chemicals,processes/4a5df62a-5991-4862-a249-4eb07d2e943c.xml,1,kg,EU+EFTA+UK,chemicals,,,This process represents resin-specific environmental burdens associated with the production of secon,scraped_from_ilcd
22390039-2214-5a19-b2f0-e7c4cd28bbc1,,chemicals,processes/22390039-2214-5a19-b2f0-e7c4cd28bbc1.xml,1,kg,GLO,chemicals,,,"This dataset covers machine electricity consumption, solvent based PU adhesive, solvent emissions.

",scraped_from_ilcd
e3119753-01fd-5db3-8423-861050af406b,,chemicals,processes/e3119753-01fd-5db3-8423-861050af406b.xml,1,kg,EU+EFTA+UK,chemicals,,,"The dataset is based on general materials of construction, as well as the quantity of material per m",scraped_from_ilcd
38ed8079-ee3b-477a-ab6a-312629743693,,chemicals,processes/38ed8079-ee3b-477a-ab6a-312629743693.xml,1,kg,EU+EFTA+UK,chemicals,,,This process represents resin-specific environmental burdens associated with the production of secon,scraped_from_ilcd
750ef00d-df3e-5fb7-a3db-16e90fc535ff,,chemicals,processes/750ef00d-df3e-5fb7-a3db-16e90fc535ff.xml,1,kg,GLO,chemicals,,,"The natural fibres are generally scoured using organic chemical, ethoxylated alcohol, and fatty alco",scraped_from_ilcd
3533ef34-7740-5d23-b5b9-7285f429255d,,chemicals,processes/3533ef34-7740-5d23-b5b9-7285f429255d.xml,1,kg,GLO,chemicals,,,"Coating is the application of polymer onto a textile as a paste, foam or viscous liquid. The applica",scraped_from_ilcd
99f42915-73a4-55f6-bc18-0758f095cee6,,chemicals,processes/99f42915-73a4-55f6-bc18-0758f095cee6.xml,1,kg,GLO,chemicals,,,"Includes:
- Electrical energy (grid mix based on production of plastic coated texitiles, OEC, 2019)
",scraped_from_ilcd
5d92d1ff-47d7-58bf-930e-6d66da06033d,,chemicals,processes/5d92d1ff-47d7-58bf-930e-6d66da06033d.xml,1,kg,EU+EFTA+UK,chemicals,,,"The dataset is based on general materials of construction, as well as the quantity of material per m",scraped_from_ilcd
4cf45fac-61b7-59fb-9b82-4456e1679dc1,,chemicals,processes/4cf45fac-61b7-59fb-9b82-4456e1679dc1.xml,1,kg,GLO,chemicals,,,"The antimicrobial finish can be applied by physical and chemical methods, and by adding functional a",scraped_from_ilcd
f8fe6870-733b-54f1-aa89-e61a14d54d27,,chemicals,processes/f8fe6870-733b-54f1-aa89-e61a14d54d27.xml,1,kg,GLO,chemicals,,,One or more molds or forms provided along and/or at least partially around the base member and/or th,scraped_from_ilcd
fe990bf1-d768-5de0-bc37-42eaad41d36f,,chemicals,processes/fe990bf1-d768-5de0-bc37-42eaad41d36f.xml,1,kg,GLO,chemicals,,,"Coating is the application of polymer onto a textile as a paste, foam or viscous liquid. The applica",scraped_from_ilcd
6031803f-223a-5051-ac37-b5edfd1c4cb1,,chemicals,processes/6031803f-223a-5051-ac37-b5edfd1c4cb1.xml,1,kg,GLO,chemicals,,,"A molten material, normally a polymer, is forced into the cavity of a mold. This is managed because ",scraped_from_ilcd
38b2660b-b388-5d24-a876-23fdc79e88f3,,chemicals,processes/38b2660b-b388-5d24-a876-23fdc79e88f3.xml,1,kg,GLO,chemicals,,,"This dataset covers machine electricity consumption, solvent based PU adhesive, solvent emissions.

",scraped_from_ilcd
8be901f8-302b-58c8-8f8f-83d12076bfa1,,chemicals,processes/8be901f8-302b-58c8-8f8f-83d12076bfa1.xml,1,kg,GLO,chemicals,,,"There are several wawter based sizing material.
Washing with water helps get rid of PVA material (si",scraped_from_ilcd
f07bf6ae-273e-5b48-9247-5d76cb973bdc,,chemicals,processes/f07bf6ae-273e-5b48-9247-5d76cb973bdc.xml,1,kg,BR,chemicals,,,"This inventory is based on the ecoinvent 3.7.1 dataset  ""fibre production, cotton, ginning GLO"", adj",scraped_from_ilcd
5f0f7e7f-221d-5822-bde2-a974ff0422db,,chemicals,processes/5f0f7e7f-221d-5822-bde2-a974ff0422db.xml,1,kg,GLO,chemicals,,,"In spraying application, the chemical is applied through spray bars. With controlled flow, the amoun",scraped_from_ilcd
723f974d-628c-539c-b86a-c9455abf3f00,,chemicals,processes/723f974d-628c-539c-b86a-c9455abf3f00.xml,1,kg,GLO,chemicals,,,"In Stitch bonding maliwatt process,  The horizontal compound needle and closing wire system, which o",scraped_from_ilcd
e3a0cacd-f616-5a4f-be13-6e8dc4f6f9dd,,chemicals,processes/e3a0cacd-f616-5a4f-be13-6e8dc4f6f9dd.xml,1,kg,GLO,chemicals,,,"This dataset consists of 2-5 layers water based glue lamination process mixture.

This dataset cover",scraped_from_ilcd
cfa1e9c5-411b-565b-9c7f-30216c262dcb,,chemicals,processes/cfa1e9c5-411b-565b-9c7f-30216c262dcb.xml,1,kg,EU+EFTA+UK,chemicals,,,"The dataset is based on general materials of construction, as well as the quantity of material per h",scraped_from_ilcd
fc356487-7de1-55d8-8938-cc4bbe3f0ec7,,chemicals,processes/fc356487-7de1-55d8-8938-cc4bbe3f0ec7.xml,1,kg,"WORLD (WITHOUT EU+EFTA+UK, US AND CA)",chemicals,,,The activity represents the average production of bleached chemical pulp following the acidic sulfit,scraped_from_ilcd
b628983f-9373-5e1b-ba98-acdc07b7aca8,,chemicals,processes/b628983f-9373-5e1b-ba98-acdc07b7aca8.xml,1,kg,GLO,chemicals,,,Acid washing is normally carried out by tumbling the garments with pumice stones presoaked in a blea,scraped_from_ilcd
c5b32fd9-4956-55a0-9691-55eace36059f,,chemicals,processes/c5b32fd9-4956-55a0-9691-55eace36059f.xml,1,kg,GLO,chemicals,,,"In this model, the baseline is formed by 30% knitted polyester fabric. The coating, which makes up 6",scraped_from_ilcd
bc459fb9-34cc-58df-98fc-b638d6dbc334,,chemicals,processes/bc459fb9-34cc-58df-98fc-b638d6dbc334.xml,1,kg,GLO,chemicals,,,"The model is based on Flexible rubber Foam (Polyurethane) production, the energy and infrastructure ",scraped_from_ilcd
f3e1010a-008d-55df-961f-e1bcb9d9c0e3,,chemicals,processes/f3e1010a-008d-55df-961f-e1bcb9d9c0e3.xml,1,kg,GLO,chemicals,,,"Coating is the application of polymer onto a textile as a paste, foam or viscous liquid. The applica",scraped_from_ilcd
a2322420-3fb0-5801-b6c1-f01011c930a3,,chemicals,processes/a2322420-3fb0-5801-b6c1-f01011c930a3.xml,1,kg,EU+EFTA+UK,chemicals,,,The activity represents the average production of bleached chemical pulp following the acidic sulfit,scraped_from_ilcd
4092c75f-5df7-546b-b7e6-58b43328b77c,,chemicals,processes/4092c75f-5df7-546b-b7e6-58b43328b77c.xml,1,kg,WORLD (WITHOUT EU+EFTA+UK),chemicals,,,Semi-chemical pulping is similar to chemical mechanical methods in that the material is first chemic,scraped_from_ilcd
017768df-738a-5eac-8866-d09e3ac8f9cb,,chemicals,processes/017768df-738a-5eac-8866-d09e3ac8f9cb.xml,1,kg,GLO,chemicals,,,"In continuous foam processing, the chemicals or dyes are formulated with a foaming agent in a more c",scraped_from_ilcd
a52b81b9-e1c1-5c40-86ac-78008d0f9706,,chemicals,processes/a52b81b9-e1c1-5c40-86ac-78008d0f9706.xml,1,kg,GLO,chemicals,,,"Coating is the application of polymer onto a textile as a paste, foam or viscous liquid. The applica",scraped_from_ilcd
b81e813a-906b-5a42-8ff7-e21c7c4ac6a5,,chemicals,processes/b81e813a-906b-5a42-8ff7-e21c7c4ac6a5.xml,1,kg,GLO,chemicals,,,"Coating is the application of polymer onto a textile as a paste, foam or viscous liquid. The applica",scraped_from_ilcd
e6f87b1a-aa46-503a-9b61-f22269f50ede,,chemicals,processes/e6f87b1a-aa46-503a-9b61-f22269f50ede.xml,1,kg,GLO,chemicals,,,"Coating is the application of polymer onto a textile as a paste, foam or viscous liquid. The applica",scraped_from_ilcd
d2e49dc8-e54a-5ac4-8885-ce03f7ec7863,,chemicals,processes/d2e49dc8-e54a-5ac4-8885-ce03f7ec7863.xml,1,kg,GLO,chemicals,,,"Coating is the application of polymer onto a textile as a paste, foam or viscous liquid. The applica",scraped_from_ilcd
435e964c-d05f-5b3a-ae63-b0c3d6dcd6aa,,chemicals,processes/435e964c-d05f-5b3a-ae63-b0c3d6dcd6aa.xml,1,kg,GLO,chemicals,,,"This data covers zipper machine consumptions, production of nylon polymer which is used as raw mater",scraped_from_ilcd
56b3012c-a268-5c41-925a-c20172988b94,,chemicals,processes/56b3012c-a268-5c41-925a-c20172988b94.xml,1,kg,GLO,chemicals,,,One or more molds or forms provided along and/or at least partially around the base member and/or th,scraped_from_ilcd
01d245ed-6bd9-5183-8116-d05e4e0aed10,,chemicals,processes/01d245ed-6bd9-5183-8116-d05e4e0aed10.xml,1,kg,GLO,chemicals,,,"Coating is the application of polymer onto a textile as a paste, foam or viscous liquid. The applica",scraped_from_ilcd
a5f3c97e-0447-5bf8-ab8c-9e0699568519,,chemicals,processes/a5f3c97e-0447-5bf8-ab8c-9e0699568519.xml,1,kg,GLO,chemicals,,,"Foam technology is a low add-on technology used as a driving tool to apply various chemicals (dye, f",scraped_from_ilcd
d58944cd-6e5d-5c50-987c-fff43ea84151,,chemicals,processes/d58944cd-6e5d-5c50-987c-fff43ea84151.xml,1,kg,GLO,chemicals,,,"This dataset covers machine electricity consumption, solvent based PU adhesive, solvent emissions.

",scraped_from_ilcd
aba73d5b-f78a-58b4-bb64-6aad4f17f9e3,,chemicals,processes/aba73d5b-f78a-58b4-bb64-6aad4f17f9e3.xml,1,kg,GLO,chemicals,,,"In continuous foam processing, the chemicals or dyes are formulated with a foaming agent in a more c",scraped_from_ilcd
277fa8d7-7c73-5ec0-aa94-3d2aa6ca670e,,chemicals,processes/277fa8d7-7c73-5ec0-aa94-3d2aa6ca670e.xml,1,kg,GLO,chemicals,,,"In this model, the baseline is formed by 30% knitted polyester fabric. The coating, which makes up 6",scraped_from_ilcd
feea6088-638f-50eb-83b1-3b0782fc91a4,,chemicals,processes/feea6088-638f-50eb-83b1-3b0782fc91a4.xml,1,kg,EU+EFTA+UK,chemicals,,,"The dataset is based on general materials of construction, as well as the quantity of material per s",scraped_from_ilcd
492e3355-20a7-4398-ad98-0eac76989b45,,chemicals,processes/492e3355-20a7-4398-ad98-0eac76989b45.xml,1,kg,EU+EFTA+UK,chemicals,,,This process represents resin-specific environmental burdens associated with the production of secon,scraped_from_ilcd
d143bc67-6c9f-5e50-bf43-305c27224068,,chemicals,processes/d143bc67-6c9f-5e50-bf43-305c27224068.xml,1,kg,GLO,chemicals,,,"In melt spinning, thermoplastic polymer granules are fed into an extruder and then the polymer melt ",scraped_from_ilcd
38c2d115-1ddd-50cf-ac9c-45a961d53741,,chemicals,processes/38c2d115-1ddd-50cf-ac9c-45a961d53741.xml,1,kg,GLO,chemicals,,,"This dataset consists of 2-5 layers water based glue lamination process mixture.

This dataset cover",scraped_from_ilcd
18aa57fe-49d2-5f81-92cd-ee847a89b565,,chemicals,processes/18aa57fe-49d2-5f81-92cd-ee847a89b565.xml,1,kg,GLO,chemicals,,,"The antimicrobial finish can be applied by physical and chemical methods, and by adding functional a",scraped_from_ilcd
bc5ec6ee-0309-5857-945f-89ff7f80da34,,chemicals,processes/bc5ec6ee-0309-5857-945f-89ff7f80da34.xml,1,kg,GLO,chemicals,,,"This dataset consists of 2-5 layers water based glue lamination process mixture.

This dataset cover",scraped_from_ilcd
0210060a-4a78-5b7c-93e6-ab78b6af5b8d,,chemicals,processes/0210060a-4a78-5b7c-93e6-ab78b6af5b8d.xml,1,kg,GLO,chemicals,,,Enzyme washing using acidic cellulase require a pH range of 4.5 - 5.5  at 45 - 55 celcius degree to ,scraped_from_ilcd
36f0e452-abeb-501a-88fb-bc999841aad1,,chemicals,processes/36f0e452-abeb-501a-88fb-bc999841aad1.xml,1,kg,EU+EFTA+UK,chemicals,,,The mix of products is based on infromation sourced from Forest Owners Association. (2018). Global W,scraped_from_ilcd
55b75794-ab8c-5f2c-b132-1b128185e986,,chemicals,processes/55b75794-ab8c-5f2c-b132-1b128185e986.xml,1,kg,GLO,chemicals,,,"Coating is the application of polymer onto a textile as a paste, foam or viscous liquid. The applica",scraped_from_ilcd
a3abb7aa-f46d-554c-8e12-b765de346ec8,,chemicals,processes/a3abb7aa-f46d-554c-8e12-b765de346ec8.xml,1,kg,GLO,chemicals,,,"This dataset covers machine electricity consumption, solvent based PU adhesive, solvent emissions.

",scraped_from_ilcd
b20adcf2-a7df-4788-8ca2-056fb6f693f1,,chemicals,processes/b20adcf2-a7df-4788-8ca2-056fb6f693f1.xml,1,kg,GLO,chemicals,,,"Foreground system:
The data set represents the steel production in Europe based on the main product",scraped_from_ilcd
1abeece9-64e5-460e-b424-5dd756129a77,,chemicals,processes/1abeece9-64e5-460e-b424-5dd756129a77.xml,1,kg,EU+EFTA+UK,chemicals,,,"Foreground system:
Expanded clay is an additive which requires specially suited clays with uniform ",scraped_from_ilcd
e7b05d64-d99b-5a13-98bc-111b52676334,,chemicals,processes/e7b05d64-d99b-5a13-98bc-111b52676334.xml,1,kg,GLO,chemicals,,,"Coating is the application of polymer onto a textile as a paste, foam or viscous liquid. The applica",scraped_from_ilcd
938a7ec9-ab73-5835-8f34-047394b62eb7,,chemicals,processes/938a7ec9-ab73-5835-8f34-047394b62eb7.xml,1,kg,GLO,chemicals,,,"The model is based on Flexible rubber Foam (Polyurethane) production, the energy and infrastructure ",scraped_from_ilcd
bc18ebf4-88c5-504b-afb9-4c788fb8507f,,chemicals,processes/bc18ebf4-88c5-504b-afb9-4c788fb8507f.xml,1,kg,GLO,chemicals,,,"In melt spinning, thermoplastic polymer granules are fed into an extruder and then the polymer melt ",scraped_from_ilcd
99d771ca-5c5f-4f2e-b825-0a08b257f2e2,,chemicals,processes/99d771ca-5c5f-4f2e-b825-0a08b257f2e2.xml,1,kg,GLO,chemicals,,,"Foreground system:
The data set includes the truck production (14t - 20t gross weight) based on pub",scraped_from_ilcd
566fc877-de6f-4c75-b676-3c068c8a6c73,,chemicals,processes/566fc877-de6f-4c75-b676-3c068c8a6c73.xml,1,kg,GLO,chemicals,,,"Foreground system:
The data set includes the truck production (12t - 14t gross weight) based on pub",scraped_from_ilcd
71cf59cd-5c2a-5d82-8d76-0947470f9fe9,,chemicals,processes/71cf59cd-5c2a-5d82-8d76-0947470f9fe9.xml,1,kg,GLO,chemicals,,,"This dataset covers machine electricity consumption, solvent based PU adhesive, solvent emissions.

",scraped_from_ilcd
7e9e0ae0-7549-56e4-929d-2df31a8e5df1,,chemicals,processes/7e9e0ae0-7549-56e4-929d-2df31a8e5df1.xml,1,kg,GLO,chemicals,,,"Coating is the application of polymer onto a textile as a paste, foam or viscous liquid. The applica",scraped_from_ilcd
8c9f8f6f-2e2a-57a2-8020-e83bb33bb5f3,,chemicals,processes/8c9f8f6f-2e2a-57a2-8020-e83bb33bb5f3.xml,1,kg,GLO,chemicals,,,"In melt spinning, thermoplastic polymer granules are fed into an extruder and then the polymer melt ",scraped_from_ilcd
1dbf1849-8a12-4dce-a5f3-97b6462bc3fd,,chemicals,processes/1dbf1849-8a12-4dce-a5f3-97b6462bc3fd.xml,1,kg,GLO,chemicals,,,"Foreground system:
The data set includes the truck production (20t - 26t gross weight) based on pub",scraped_from_ilcd
f2524c09-70fc-5879-aa20-660eeb549d18,,chemicals,processes/f2524c09-70fc-5879-aa20-660eeb549d18.xml,1,kg,GLO,chemicals,,,"The antimicrobial finish can be applied by physical and chemical methods, and by adding functional a",scraped_from_ilcd
85f01fab-49da-5e25-9581-42b2f8221bb9,,chemicals,processes/85f01fab-49da-5e25-9581-42b2f8221bb9.xml,1,kg,GLO,chemicals,,,"Several types of compounds and polymers are used as Flame Retardants (FR) for textile materials, inc",scraped_from_ilcd
e5b61b82-da50-46e1-862a-48592bfa4854,,chemicals,processes/e5b61b82-da50-46e1-862a-48592bfa4854.xml,1,kg,EU+EFTA+UK,chemicals,,,"Foreground system:

Steel coil production
The data set represents the steel production based on t",scraped_from_ilcd
d71900a6-9bb3-4ecc-a4a9-7553a99d57d4,,chemicals,processes/d71900a6-9bb3-4ecc-a4a9-7553a99d57d4.xml,1,kg,EU+EFTA+UK,chemicals,,,"Foreground system:

Steel coil production
The data set represents the steel productionbased on th",scraped_from_ilcd
e7ac1571-43a0-5186-8bb2-cb69a911e85d,,chemicals,processes/e7ac1571-43a0-5186-8bb2-cb69a911e85d.xml,1,kg,GLO,chemicals,,,"In spraying application, the chemical is applied through spray bars. With controlled flow, the amoun",scraped_from_ilcd
1c05e5a9-ce39-4f5b-aa7d-98a4d6f6cc5c,,chemicals,processes/1c05e5a9-ce39-4f5b-aa7d-98a4d6f6cc5c.xml,1,kg,EU+EFTA+UK,chemicals,,,"Foreground system:
Styrene acrylonitrile is produced by emulsion polymerization of styrene and acry",scraped_from_ilcd
0f27632c-4480-576c-824a-184697512e6c,,chemicals,processes/0f27632c-4480-576c-824a-184697512e6c.xml,1,kg,GLO,chemicals,,,"In spraying application, the chemical is applied through spray bars. With controlled flow, the amoun",scraped_from_ilcd
8e43acc4-52fb-4e3e-9d5d-1a692c67ecf5,,chemicals,processes/8e43acc4-52fb-4e3e-9d5d-1a692c67ecf5.xml,1,kg,GLO,chemicals,,,"Foreground system:
The float flat glass process is mainly based on the best available techniques re",scraped_from_ilcd
f8a8ff8c-3144-471f-9e01-69455f81bed5,,chemicals,processes/f8a8ff8c-3144-471f-9e01-69455f81bed5.xml,1,kg,GLO,chemicals,,,"Foreground system:
The data set includes the truck production (>32t gross weight) based on publical",scraped_from_ilcd
603bcbce-8602-5fb7-8976-176f06ca6d30,,chemicals,processes/603bcbce-8602-5fb7-8976-176f06ca6d30.xml,1,kg,GLO,chemicals,,,"This data covers zipper machine consumptions, production of nylon polymer which is used as raw mater",scraped_from_ilcd
47c2a324-1e48-5be8-ab08-3951cb61bf84,,chemicals,processes/47c2a324-1e48-5be8-ab08-3951cb61bf84.xml,1,kg,GLO,chemicals,,,The hot cutting knife would melts the polymer filaments of the synthetic fabric precisely. Hot knife,scraped_from_ilcd
2d0b5358-ae2b-4eb8-8a28-71c327be94a6,,chemicals,processes/2d0b5358-ae2b-4eb8-8a28-71c327be94a6.xml,1,kg,EU+EFTA+UK,chemicals,,,This process represents resin-specific environmental burdens associated with the production of secon,scraped_from_ilcd
44995368-596c-526c-a4fc-ad4b73297543,,chemicals,processes/44995368-596c-526c-a4fc-ad4b73297543.xml,1,kg,GLO,chemicals,,,"Coating is the application of polymer onto a textile as a paste, foam or viscous liquid. The applica",scraped_from_ilcd
49a42d24-84be-42d5-8fe4-48efad0f4487,,chemicals,processes/49a42d24-84be-42d5-8fe4-48efad0f4487.xml,1,kg,EU+EFTA+UK,chemicals,,,This process represents resin-specific environmental burdens associated with the production of secon,scraped_from_ilcd
53f4162a-22c2-493a-bede-a97a0df7b240,,chemicals,processes/53f4162a-22c2-493a-bede-a97a0df7b240.xml,1,kg,EU+EFTA+UK,chemicals,,,"Foreground system:

Steel coil production
The data set represents the steel production based on t",scraped_from_ilcd
77d9f821-e4b4-466c-b616-0a7faee6fab1,,chemicals,processes/77d9f821-e4b4-466c-b616-0a7faee6fab1.xml,1,kg,EU+EFTA+UK,chemicals,,,This process represents resin-specific environmental burdens associated with the production of secon,scraped_from_ilcd
54bb0e1d-816a-54a9-a8f8-c3c04a92a122,,chemicals,processes/54bb0e1d-816a-54a9-a8f8-c3c04a92a122.xml,1,kg,GLO,chemicals,,,The hot cutting knife would melts the polymer filaments of the synthetic fabric precisely. Hot knife,scraped_from_ilcd
d734c3e1-2189-5538-bdbc-5c727210d566,,chemicals,processes/d734c3e1-2189-5538-bdbc-5c727210d566.xml,1,kg,GLO,chemicals,,,"Chome dyes have acidic nature. Chromium salts (Na2Cr2O7, K2Cr2O7) are used for complex formation, th",scraped_from_ilcd
695c72d8-2ded-5e89-b733-68068237c732,,chemicals,processes/695c72d8-2ded-5e89-b733-68068237c732.xml,1,kg,GLO,chemicals,,,Acid washing is normally carried out by tumbling the garments with pumice stones presoaked in a blea,scraped_from_ilcd
f8354878-6a84-5465-88f5-cbddf2b4bfbc,,chemicals,processes/f8354878-6a84-5465-88f5-cbddf2b4bfbc.xml,1,kg,EU+EFTA+UK,chemicals,,,"The dataset is based on general materials of construction, as well as the quantity of material per s",scraped_from_ilcd
1fc1b146-118e-5d33-9105-9e7daa5ab49b,,chemicals,processes/1fc1b146-118e-5d33-9105-9e7daa5ab49b.xml,1,kg,EU+EFTA+UK,chemicals,,,Semi-chemical pulping is similar to chemical mechanical methods in that the material is first chemic,scraped_from_ilcd
e1a6d643-a88c-43bc-93cd-b98abe57b214,,chemicals,processes/e1a6d643-a88c-43bc-93cd-b98abe57b214.xml,1,kg,GLO,chemicals,,,"Foreground system:
This dataset represents a combined chemical and electrolytic gold-on-nickel fini",scraped_from_ilcd
14cad298-ba89-5851-87b8-0ccf02feb575,,chemicals,processes/14cad298-ba89-5851-87b8-0ccf02feb575.xml,1,kg,EU+EFTA+UK,chemicals,,,The activity represents the average production of bleached chemical pulp following the acidic sulfit,scraped_from_ilcd
59431729-c50f-5ef3-942f-428bcd22bee7,,chemicals,processes/59431729-c50f-5ef3-942f-428bcd22bee7.xml,1,kg,GLO,chemicals,,,"In melt spinning, thermoplastic polymer granules are fed into an extruder and then the polymer melt ",scraped_from_ilcd
8ace79d1-a1a7-5cc3-bf07-a7f0b38d9b2d,,chemicals,processes/8ace79d1-a1a7-5cc3-bf07-a7f0b38d9b2d.xml,1,kg,GLO,chemicals,,,"This dataset consists of 2-5 layers water based glue lamination process mixture.

This dataset cover",scraped_from_ilcd
c3de389e-2995-52e0-ab9d-92bb2c4cc47f,,chemicals,processes/c3de389e-2995-52e0-ab9d-92bb2c4cc47f.xml,1,kg,GLO,chemicals,,,"In spraying application, the chemical is applied through spray bars. With controlled flow, the amoun",scraped_from_ilcd
3d5a2825-663e-5ddc-b4f6-8a8d64745b92,,chemicals,processes/3d5a2825-663e-5ddc-b4f6-8a8d64745b92.xml,1,kg,EU+EFTA+UK,chemicals,,,Semi-chemical pulping is similar to chemical mechanical methods in that the material is first chemic,scraped_from_ilcd
7f0f6f0f-83f1-5231-9186-859cbdd921f0,,chemicals,processes/7f0f6f0f-83f1-5231-9186-859cbdd921f0.xml,1,kg,EU+EFTA+UK,chemicals,,,The model is made based on the average value of the machine for small and large field maintenance ro,scraped_from_ilcd
96a54bd1-b2c4-51a3-9766-b19caf7ee897,,chemicals,processes/96a54bd1-b2c4-51a3-9766-b19caf7ee897.xml,1,kg,GLO,chemicals,,,"Coating is the application of polymer onto a textile as a paste, foam or viscous liquid. The applica",scraped_from_ilcd
4a61176a-1763-53c3-bc2e-0d2e9e29fef1,,chemicals,processes/4a61176a-1763-53c3-bc2e-0d2e9e29fef1.xml,1,kg,GLO,chemicals,,,Enzyme washing using acidic cellulase require a pH range of 4.5 - 5.5  at 45 - 55 celcius degree to ,scraped_from_ilcd
9007abff-9f0d-4644-86a7-72dd00a5ca2b,,chemicals,processes/9007abff-9f0d-4644-86a7-72dd00a5ca2b.xml,1,kg,GLO w/o EU+EFTA+UK,chemicals,,,"Foreground system:
EPDM is produced by the copolymerization of ethylene and propylene. The polymeri",scraped_from_ilcd
04b48d16-b487-50a5-aac4-105f94b61492,,chemicals,processes/04b48d16-b487-50a5-aac4-105f94b61492.xml,1,kg,EU+EFTA+UK,chemicals,,,The model is made based on the average value of the machine for small and large field maintenance ro,scraped_from_ilcd
eacd3b7f-6008-5aa1-a24c-b78d1dd9279c,,chemicals,processes/eacd3b7f-6008-5aa1-a24c-b78d1dd9279c.xml,1,kg,BR,chemicals,,,"This inventory is based on the ecoinvent 3.7.1 dataset  ""fibre production, cotton, ginning GLO"", adj",scraped_from_ilcd
efa7f8e7-83eb-59de-89cb-f54f191a3e99,,chemicals,processes/efa7f8e7-83eb-59de-89cb-f54f191a3e99.xml,1,kg,GLO,chemicals,,,"Coating is the application of polymer onto a textile as a paste, foam or viscous liquid. The applica",scraped_from_ilcd
7086f405-906e-403e-9216-921c17191ec5,,chemicals,processes/7086f405-906e-403e-9216-921c17191ec5.xml,1,kg,EU+EFTA+UK,chemicals,,,"Foreground system:

Steel coil production
The data set represents the steel productionbased on th",scraped_from_ilcd
8e034a90-0667-516e-acfb-6b6a09055901,,chemicals,processes/8e034a90-0667-516e-acfb-6b6a09055901.xml,1,kg,GLO,chemicals,,,"Microfibers are produced by melt spinning. In melt spinning, thermoplastic polymer granules are fed ",scraped_from_ilcd
721a2174-d122-5f3c-aa66-c6906da251a8,,chemicals,processes/721a2174-d122-5f3c-aa66-c6906da251a8.xml,1,kg,GLO,chemicals,,,"Coating is the application of polymer onto a textile as a paste, foam or viscous liquid. The applica",scraped_from_ilcd
bc529686-40fd-594a-850a-b794ebda7527,,chemicals,processes/bc529686-40fd-594a-850a-b794ebda7527.xml,1,kg,GLO,chemicals,,,"This dataset covers machine electricity consumption, solvent based PU adhesive, solvent emissions.

",scraped_from_ilcd
af237258-66f9-5fab-803d-855af43a8d37,,chemicals,processes/af237258-66f9-5fab-803d-855af43a8d37.xml,1,kg,"WORLD (WITHOUT EU+EFTA+UK, US AND CA)",chemicals,,,The activity represents the average production of bleached chemical pulp following the acidic sulfit,scraped_from_ilcd
e2e19a34-e094-52a0-8201-053a50c132b3,,chemicals,processes/e2e19a34-e094-52a0-8201-053a50c132b3.xml,1,kg,GLO,chemicals,,,"In melt spinning, thermoplastic polymer granules are fed into an extruder and then the polymer melt ",scraped_from_ilcd
d77f4d29-a142-53cc-bf6e-e5410ba33e02,,chemicals,processes/d77f4d29-a142-53cc-bf6e-e5410ba33e02.xml,1,kg,GLO,chemicals,,,"This dataset consists of 2-5 layers solvent based glue lamination process mixture.

Lamination proce",scraped_from_ilcd
c140fee8-9818-5fda-8503-f196bc298ac3,,chemicals,processes/c140fee8-9818-5fda-8503-f196bc298ac3.xml,1,kg,GLO,chemicals,,,"This dataset consists of 2-5 layers water based glue lamination process mixture.

This dataset cover",scraped_from_ilcd
c26b23d7-7562-58f2-ba11-851635ab1688,,chemicals,processes/c26b23d7-7562-58f2-ba11-851635ab1688.xml,1,kg,GLO,chemicals,,,"This dataset consists of 2-5 layers water based glue lamination process mixture.

This dataset cover",scraped_from_ilcd
6e4b8d8d-4849-4f3a-8edb-07d684159e2d,,chemicals,processes/6e4b8d8d-4849-4f3a-8edb-07d684159e2d.xml,1,kg,GLO,chemicals,,,This process represents resin-specific environmental burdens associated with the production of secon,scraped_from_ilcd
6251bdff-ed54-5135-b74c-d5c9aadee079,,chemicals,processes/6251bdff-ed54-5135-b74c-d5c9aadee079.xml,1,kg,GLO,chemicals,,,"Coating is the application of polymer onto a textile as a paste, foam or viscous liquid. The applica",scraped_from_ilcd
bf0d85a2-0e08-5f0c-b7ed-1662855429e7,,chemicals,processes/bf0d85a2-0e08-5f0c-b7ed-1662855429e7.xml,1,kg,GLO,chemicals,,,"Coating is the application of polymer onto a textile as a paste, foam or viscous liquid. The applica",scraped_from_ilcd
130205a5-881a-4725-a328-ba5e76475f7b,,chemicals,processes/130205a5-881a-4725-a328-ba5e76475f7b.xml,1,kg,EU+EFTA+UK,chemicals,,,"Foreground system:
The major raw materials consist of chemical liquids stored in tanks onsite. The ",scraped_from_ilcd
03953301-bfd0-4064-af89-c0b6523b681f,,chemicals,processes/03953301-bfd0-4064-af89-c0b6523b681f.xml,1,kg,EU+EFTA+UK,chemicals,,,"Foreground system:

Steel coil production
The data set represents the steel productionbased on th",scraped_from_ilcd
b4db0193-7498-46d5-b4ed-aab85fdb779d,,chemicals,processes/b4db0193-7498-46d5-b4ed-aab85fdb779d.xml,1,kg,EU+EFTA+UK,chemicals,,,"Foreground system:
Nylon 6 is produced from caprolactam which is synthesized from benzene, ammonia,",scraped_from_ilcd
5d708433-6441-5d13-9bb5-f2aad873d588,,chemicals,processes/5d708433-6441-5d13-9bb5-f2aad873d588.xml,1,kg,GLO,chemicals,,,"Coating is the application of polymer onto a textile as a paste, foam or viscous liquid. The applica",scraped_from_ilcd
ef4e440e-05b3-4dd7-afbc-f24b4e625634,,chemicals,processes/ef4e440e-05b3-4dd7-afbc-f24b4e625634.xml,1,kg,EU+EFTA+UK,chemicals,,,"Foreground system:

Steel coil production
The data set represents the steel productionbased on th",scraped_from_ilcd
353eeba2-7515-5a50-8940-c23b69b98ddb,,chemicals,processes/353eeba2-7515-5a50-8940-c23b69b98ddb.xml,1,kg,EU+EFTA+UK,chemicals,,,The model is made based on the average value of the machine for small and large field maintenance ro,scraped_from_ilcd
474a82e6-c634-59a0-9c5e-3af3518ea7b9,,chemicals,processes/474a82e6-c634-59a0-9c5e-3af3518ea7b9.xml,1,kg,GLO,chemicals,,,"Includes:
- Electrical energy (grid mix based on production of plastic coated texitiles, OEC, 2019)
",scraped_from_ilcd
904d5830-14d3-5ac1-92df-7dcce1fb3673,,chemicals,processes/904d5830-14d3-5ac1-92df-7dcce1fb3673.xml,1,kg,GLO,chemicals,,,"Coating is the application of polymer onto a textile as a paste, foam or viscous liquid. The applica",scraped_from_ilcd
a5cb0af8-ea42-59b2-bfda-9375979edf40,,chemicals,processes/a5cb0af8-ea42-59b2-bfda-9375979edf40.xml,1,kg,GLO,chemicals,,,"A molten material, normally a polymer, is forced into the cavity of a mold. This is managed because ",scraped_from_ilcd
9d78507d-b21c-4df7-b557-bdb73e24b319,,chemicals,processes/9d78507d-b21c-4df7-b557-bdb73e24b319.xml,1,kg,EU+EFTA+UK,chemicals,,,This process represents resin-specific environmental burdens associated with the production of secon,scraped_from_ilcd
c1503719-e97e-5566-a5ef-410206b8a436,,chemicals,processes/c1503719-e97e-5566-a5ef-410206b8a436.xml,1,kg,EU+EFTA+UK,chemicals,,,Kraft paper is produced from chemical pulp produced in the kraft process. The activity includes tran,scraped_from_ilcd
cfb16589-4bef-57ee-8580-5dab6f5f88ee,,chemicals,processes/cfb16589-4bef-57ee-8580-5dab6f5f88ee.xml,1,kg,GLO,chemicals,,,"This dataset covers machine electricity consumption, solvent based PU adhesive, solvent emissions.

",scraped_from_ilcd
2ae9083e-e402-572c-b27c-a5f00fe860b1,,chemicals,processes/2ae9083e-e402-572c-b27c-a5f00fe860b1.xml,1,kg,GLO,chemicals,,,"Coating is the application of polymer onto a textile as a paste, foam or viscous liquid. The applica",scraped_from_ilcd
0ba85074-cc95-450c-996d-2f253cf5bf69,,chemicals,processes/0ba85074-cc95-450c-996d-2f253cf5bf69.xml,1,kg,RAF,chemicals,,,"Foreground system:
Expanded clay is an additive which requires specially suited clays with uniform ",scraped_from_ilcd
202eb857-9414-5b1a-8af2-29dbd24a2e0e,,chemicals,processes/202eb857-9414-5b1a-8af2-29dbd24a2e0e.xml,1,kg,EU+EFTA+UK,chemicals,,,"The dataset is based on general materials of construction, as well as the quantity of material per m",scraped_from_ilcd
7555ff73-eb00-5559-8066-791f84e028d7,,chemicals,processes/7555ff73-eb00-5559-8066-791f84e028d7.xml,1,kg,GLO,chemicals,,,The hot cutting knife would melts the polymer filaments of the synthetic fabric precisely. Hot knife,scraped_from_ilcd
fdf1c81e-e418-4240-91e7-512dcf63d4a9,,chemicals,processes/fdf1c81e-e418-4240-91e7-512dcf63d4a9.xml,1,kg,BE,chemicals,,,"Foreground system:
Expanded clay is an additive which requires specially suited clays with uniform ",scraped_from_ilcd
6e43729f-fa21-50bc-98b3-ae737e2a78d8,,chemicals,processes/6e43729f-fa21-50bc-98b3-ae737e2a78d8.xml,1,kg,GLO,chemicals,,,Partially biogenic polyurethane foam is made by reacting petrochemical-based diisocyanates with biob,scraped_from_ilcd
d4e734a7-6e9a-55fb-ba39-0aee9f1cbeed,,chemicals,processes/d4e734a7-6e9a-55fb-ba39-0aee9f1cbeed.xml,1,kg,GLO,chemicals,,,"There are various methods of desizing including enzymatic desizing, oxidative desizing, acid steepin",scraped_from_ilcd
06b17124-629e-4d96-9fb1-94d751632c3c,,chemicals,processes/06b17124-629e-4d96-9fb1-94d751632c3c.xml,1,kg,RNA,chemicals,,,This process represents resin-specific environmental burdens associated with the production of secon,scraped_from_ilcd
fa5ed53a-b166-5e43-b444-b7c46872e060,,chemicals,processes/fa5ed53a-b166-5e43-b444-b7c46872e060.xml,1,kg,GLO,chemicals,,,"Coating is the application of polymer onto a textile as a paste, foam or viscous liquid. The applica",scraped_from_ilcd
de900970-5a0e-5831-8a5b-5d43c1b0cc5f,,chemicals,processes/de900970-5a0e-5831-8a5b-5d43c1b0cc5f.xml,1,kg,GLO,chemicals,,,"A molten material, normally a polymer, is forced into the cavity of a mold. This is managed because ",scraped_from_ilcd
981256e3-ab0c-549c-9afb-8ed05f15d1c8,,chemicals,processes/981256e3-ab0c-549c-9afb-8ed05f15d1c8.xml,1,kg,GLO,chemicals,,,"In spraying application, the chemical is applied through spray bars. With controlled flow, the amoun",scraped_from_ilcd
50aefb14-aad8-5c9d-9158-170d02635e71,,chemicals,processes/50aefb14-aad8-5c9d-9158-170d02635e71.xml,1,kg,GLO,chemicals,,,The hot cutting knife would melts the polymer filaments of the synthetic fabric precisely. Hot knife,scraped_from_ilcd
8ea45eef-0ea8-4209-88fe-354b99f330b2,,chemicals,processes/8ea45eef-0ea8-4209-88fe-354b99f330b2.xml,1,kg,EU+EFTA+UK,chemicals,,,This process represents resin-specific environmental burdens associated with the production of secon,scraped_from_ilcd
c92705bd-622d-516c-a2d8-fbb865b509d5,,chemicals,processes/c92705bd-622d-516c-a2d8-fbb865b509d5.xml,1,kg,RNA,chemicals,,,The activity represents the average production of bleached chemical pulp following the acidic sulfit,scraped_from_ilcd
b8766752-e3b1-4c75-be72-987be891880a,,chemicals,processes/b8766752-e3b1-4c75-be72-987be891880a.xml,1,kg,EU+EFTA+UK,chemicals,,,"Foreground system:

Steel coil production
The data set represents the steel production based on t",scraped_from_ilcd
ee26847b-324a-5405-bc4e-63a2884b66f3,,chemicals,processes/ee26847b-324a-5405-bc4e-63a2884b66f3.xml,1,kg,GLO,chemicals,,,"This dataset consists of 2-5 layers water based glue lamination process mixture.

This dataset cover",scraped_from_ilcd
7cc019f4-fe74-442a-b5dc-95930f0f3854,,chemicals,processes/7cc019f4-fe74-442a-b5dc-95930f0f3854.xml,1,kg,SE,chemicals,,,"Foreground system:
Expanded clay is an additive which requires specially suited clays with uniform ",scraped_from_ilcd
d118db86-a3d2-5cc1-9053-578887a56c2f,,chemicals,processes/d118db86-a3d2-5cc1-9053-578887a56c2f.xml,1,kg,BR,chemicals,,,"This inventory is based on the ecoinvent 3.7.1 dataset  ""fibre production, cotton, ginning GLO"", adj",scraped_from_ilcd
2c9d78f5-ac17-51c2-b1ad-e3d78fa3de22,,chemicals,processes/2c9d78f5-ac17-51c2-b1ad-e3d78fa3de22.xml,1,kg,EU+EFTA+UK,chemicals,,,"The dataset is based on general materials of construction, as well as the quantity of material per m",scraped_from_ilcd
10184451-d92b-535f-8885-68ceeee3817d,,chemicals,processes/10184451-d92b-535f-8885-68ceeee3817d.xml,1,kg,EU+EFTA+UK,chemicals,,,"The dataset is based on general materials of construction, as well as the quantity of material per m",scraped_from_ilcd
b391520c-2b34-539f-a925-53b0c3408c2a,,chemicals,processes/b391520c-2b34-539f-a925-53b0c3408c2a.xml,1,kg,GLO,chemicals,,,"This dataset covers machine electricity consumption, solvent based PU adhesive, solvent emissions.

",scraped_from_ilcd
61042919-2439-45d0-ba10-66e221167a24,,chemicals,processes/61042919-2439-45d0-ba10-66e221167a24.xml,1,kg,EU+EFTA+UK,chemicals,,,"Foreground system:
The starting compounds for the commercial production of PET are ethylene (CH2=CH",scraped_from_ilcd
52ce6985-95af-47f4-87a5-d60ebcf3341e,,chemicals,processes/52ce6985-95af-47f4-87a5-d60ebcf3341e.xml,1,kg,EU+EFTA+UK,chemicals,,,"Foreground system:

Raw material production
PET is produced from terephthalic acid and ethylene g",scraped_from_ilcd
841a49a8-f5c4-529f-8b93-5e63c9465c33,,chemicals,processes/841a49a8-f5c4-529f-8b93-5e63c9465c33.xml,1,kg,GLO,chemicals,,,"Coating is the application of polymer onto a textile as a paste, foam or viscous liquid. The applica",scraped_from_ilcd
c4811f3c-09b1-593f-9b15-229628a1e810,,chemicals,processes/c4811f3c-09b1-593f-9b15-229628a1e810.xml,1,kg,EU+EFTA+UK,chemicals,,,"The dataset is based on general materials of construction, as well as the quantity of material per h",scraped_from_ilcd
3bc01b9d-8c58-4d90-9aa3-eecf4c274a5d,,chemicals,processes/3bc01b9d-8c58-4d90-9aa3-eecf4c274a5d.xml,1,kg,RSA,chemicals,,,"Foreground system:
Expanded clay is an additive which requires specially suited clays with uniform ",scraped_from_ilcd
141c176e-c0fb-495b-9393-2c6e761ace61,,chemicals,processes/141c176e-c0fb-495b-9393-2c6e761ace61.xml,1,kg,EU+EFTA+UK,chemicals,,,This process represents resin-specific environmental burdens associated with the production of secon,scraped_from_ilcd
02daa175-c830-5568-a69c-5dc4aca6ebb8,,chemicals,processes/02daa175-c830-5568-a69c-5dc4aca6ebb8.xml,1,kg,WORLD (WITHOUT EU+EFTA+UK),chemicals,,,Semi-chemical pulping is similar to chemical mechanical methods in that the material is first chemic,scraped_from_ilcd
d3f0a70a-63ba-4137-b161-fea4cc8832b1,,chemicals,processes/d3f0a70a-63ba-4137-b161-fea4cc8832b1.xml,1,kg,GLO,chemicals,,,"Foreground system:
The data set includes the truck production (28t - 32t gross weight) based on pub",scraped_from_ilcd
13633df3-4d6d-5981-8631-7faa98032ca9,,chemicals,processes/13633df3-4d6d-5981-8631-7faa98032ca9.xml,1,kg,EU+EFTA+UK,chemicals,,,"The dataset is based on general materials of construction, as well as the quantity of material per s",scraped_from_ilcd
bbfd7da9-7cc0-58bb-8589-0ee19c081a2e,,chemicals,processes/bbfd7da9-7cc0-58bb-8589-0ee19c081a2e.xml,1,kg,GLO,chemicals,,,"This dataset consists of 2-5 layers solvent based glue lamination process mixture.

Lamination proce",scraped_from_ilcd
1a111a30-e039-4dba-aa2c-bfa63b1e3d0c,,chemicals,processes/1a111a30-e039-4dba-aa2c-bfa63b1e3d0c.xml,1,kg,EU+EFTA+UK,chemicals,,,"Foreground system:
The float flat glass process is mainly based on the best available techniques re",scraped_from_ilcd
67445f11-ec82-59f3-aa9b-152e1f842870,,chemicals,processes/67445f11-ec82-59f3-aa9b-152e1f842870.xml,1,kg,GLO,chemicals,,,"There are several wawter based sizing material.
Washing with water helps get rid of PVA material (si",scraped_from_ilcd
8d4fa127-d429-59d2-b285-c8967292fa2c,,chemicals,processes/8d4fa127-d429-59d2-b285-c8967292fa2c.xml,1,kg,GLO,chemicals,,,"In spraying application, the chemical is applied through spray bars. With controlled flow, the amoun",scraped_from_ilcd
b803b58a-dcd8-5717-8731-af4abb405d5f,,chemicals,processes/b803b58a-dcd8-5717-8731-af4abb405d5f.xml,1,kg,GLO,chemicals,,,"In melt spinning, thermoplastic polymer granules are fed into an extruder and then the polymer melt ",scraped_from_ilcd
7c1dfcd9-63f8-5b6d-a79c-e542d71925db,,chemicals,processes/7c1dfcd9-63f8-5b6d-a79c-e542d71925db.xml,1,kg,GLO,chemicals,,,Some waterproof sprays are sillicone based and it is good for all types of shoes. Before applying wa,scraped_from_ilcd
5ce60628-23dc-5ec1-bf21-207688e16fea,,chemicals,processes/5ce60628-23dc-5ec1-bf21-207688e16fea.xml,1,kg,GLO,chemicals,,,"This data set is modelled as a mix of acid washing, enzyme washing, stone washing, and water-only wa",scraped_from_ilcd
deff8001-b664-4883-9bc2-a25557b183f3,,chemicals,processes/deff8001-b664-4883-9bc2-a25557b183f3.xml,1,kg,EU+EFTA+UK,chemicals,,,This process represents resin-specific environmental burdens associated with the production of secon,scraped_from_ilcd
ab996aec-e3eb-5f4c-9b75-f1a242efca86,,chemicals,processes/ab996aec-e3eb-5f4c-9b75-f1a242efca86.xml,1,kg,GLO,chemicals,,,"This dataset covers machine electricity consumption, solvent based PU adhesive, solvent emissions.

",scraped_from_ilcd
742e84c8-4b05-42d1-9499-a543c31fefbc,,chemicals,processes/742e84c8-4b05-42d1-9499-a543c31fefbc.xml,1,kg,GLO w/o EU+EFTA+UK,chemicals,,,"Foreground system:
Methacrylic acid and methyl methacrylate are the essential raw materials for pro",scraped_from_ilcd
624be6f5-6dfb-5034-9127-cf96b554201b,,chemicals,processes/624be6f5-6dfb-5034-9127-cf96b554201b.xml,1,kg,GLO,chemicals,,,"Chome dyes have acidic nature. Chromium salts (Na2Cr2O7, K2Cr2O7) are used for complex formation, th",scraped_from_ilcd
23e615d9-2e9c-5da2-a41b-d0f780aadfda,,chemicals,processes/23e615d9-2e9c-5da2-a41b-d0f780aadfda.xml,1,kg,EU+EFTA+UK,chemicals,,,"The dataset is based on general materials of construction, as well as the quantity of material pertr",scraped_from_ilcd
6207b473-3855-5af0-a2ce-1162a0215853,,chemicals,processes/6207b473-3855-5af0-a2ce-1162a0215853.xml,1,kg,GLO,chemicals,,,"In this model, the baseline is formed by 30% knitted polyester fabric. The coating, which makes up 6",scraped_from_ilcd
b11343cc-e9d6-537d-a2dc-90e9eed84519,,chemicals,processes/b11343cc-e9d6-537d-a2dc-90e9eed84519.xml,1,kg,GLO,chemicals,,,"The usual techniques for applying a coating on solvent or water basis are the so-called ""knife-over-",scraped_from_ilcd
4763c8f5-8b50-5d8b-99f7-ff4428d1499a,,chemicals,processes/4763c8f5-8b50-5d8b-99f7-ff4428d1499a.xml,1,kg,EU+EFTA+UK,chemicals,,,"The dataset is based on general materials of construction, as well as the quantity of material per m",scraped_from_ilcd
52004f5e-23b3-5860-a667-06045d98e640,,chemicals,processes/52004f5e-23b3-5860-a667-06045d98e640.xml,1,kg,EU+EFTA+UK,chemicals,,,"The dataset is based on general materials of construction, as well as the quantity of material pertr",scraped_from_ilcd
b5d094c3-6691-57b3-96e2-16b2f559a4bb,,chemicals,processes/b5d094c3-6691-57b3-96e2-16b2f559a4bb.xml,1,kg,GLO,chemicals,,,"Coating is the application of polymer onto a textile as a paste, foam or viscous liquid. The applica",scraped_from_ilcd
3aa94557-ad7f-52b2-92e0-9d40792f119b,,chemicals,processes/3aa94557-ad7f-52b2-92e0-9d40792f119b.xml,1,kg,EU+EFTA+UK,chemicals,,,"The dataset is based on general materials of construction, as well as the quantity of material per m",scraped_from_ilcd
b3f6d506-5e50-4cb1-bbe2-ee83d9a27531,,chemicals,processes/b3f6d506-5e50-4cb1-bbe2-ee83d9a27531.xml,1,kg,GB,chemicals,,,"Foreground system:
Radical polymerisation of tetrafluorethylene is initiated by an aqueous agent. T",scraped_from_ilcd
54efe586-87f5-405a-b279-9ee4c88424d7,,chemicals,processes/54efe586-87f5-405a-b279-9ee4c88424d7.xml,1,kg,EU+EFTA+UK,chemicals,,,"Foreground system:
The aluminium sheet production is based on two technologies: direct strip castin",scraped_from_ilcd
fdc0bffa-87a5-5c8f-9653-a7f267e7d517,,chemicals,processes/fdc0bffa-87a5-5c8f-9653-a7f267e7d517.xml,1,kg,GLO,chemicals,,,"In melt spinning, thermoplastic polymer granules are fed into an extruder and then the polymer melt ",scraped_from_ilcd
7df724ab-f8b4-5b68-a66b-0e6faefededf,,chemicals,processes/7df724ab-f8b4-5b68-a66b-0e6faefededf.xml,1,kg,GLO,chemicals,,,"Coating is the application of polymer onto a textile as a paste, foam or viscous liquid. The applica",scraped_from_ilcd
804398d9-29d7-5744-a67b-7d9875a06ad7,,chemicals,processes/804398d9-29d7-5744-a67b-7d9875a06ad7.xml,1,kg,EU+EFTA+UK,chemicals,,,Liquid roll is a secondary coating application during carpet production. PVC polymer is coated to ca,scraped_from_ilcd
e7bc66f5-25e7-5c7d-99c0-a7246b759f48,,chemicals,processes/e7bc66f5-25e7-5c7d-99c0-a7246b759f48.xml,1,kg,EU+EFTA+UK,chemicals,,,Tufting is a type of textile weaving in which a thread is inserted on a primary base. A woven fabric,scraped_from_ilcd
9e408d68-750e-58d8-95fe-c6dccf91b017,,chemicals,processes/9e408d68-750e-58d8-95fe-c6dccf91b017.xml,1,kg,GLO,chemicals,,,"There are various methods of desizing including enzymatic desizing, oxidative desizing, acid steepin",scraped_from_ilcd
da703aac-ce88-5bb5-a31a-59de19440b5f,,chemicals,processes/da703aac-ce88-5bb5-a31a-59de19440b5f.xml,1,kg,GLO,chemicals,,,"In dope dyeing method, pigment is extruded along with the melted polymer so that the resulting yarn ",scraped_from_ilcd
7049c6be-50be-56c9-913d-bfe4b6d63c6f,,chemicals,processes/7049c6be-50be-56c9-913d-bfe4b6d63c6f.xml,1,kg,GLO,chemicals,,,"In this model, the baseline is formed by 30% knitted polyester fabric. The coating, which makes up 6",scraped_from_ilcd
a348d557-4d8b-5d9a-9553-3f088084972a,,chemicals,processes/a348d557-4d8b-5d9a-9553-3f088084972a.xml,1,kg,EU+EFTA+UK,chemicals,,,"The dataset is based on general materials of construction, as well as the quantity of material per m",scraped_from_ilcd
46037d49-57c3-53a7-8bf7-76625279fe61,,chemicals,processes/46037d49-57c3-53a7-8bf7-76625279fe61.xml,1,kg,GLO,chemicals,,,"Foam technology is a low add-on technology used as a driving tool to apply various chemicals (dye, f",scraped_from_ilcd
568cb3a0-de15-5216-8cc8-cdb92c483e81,,chemicals,processes/568cb3a0-de15-5216-8cc8-cdb92c483e81.xml,1,kg,GLO,chemicals,,,"Vulcanizing is the process of being more durable, using the help of chemicals (in this model, sulphu",scraped_from_ilcd
805e94d8-9c6a-5bb3-8605-09c7961599c1,,chemicals,processes/805e94d8-9c6a-5bb3-8605-09c7961599c1.xml,1,kg,GLO,chemicals,,,"Coating is the application of polymer onto a textile as a paste, foam or viscous liquid. The applica",scraped_from_ilcd
c9faf1ec-4195-5acb-b987-240c017a0f6c,,chemicals,processes/c9faf1ec-4195-5acb-b987-240c017a0f6c.xml,1,kg,GLO,chemicals,,,"A molten material, normally a polymer, is forced into the cavity of a mold. This is managed because ",scraped_from_ilcd
30330988-7800-5b4b-9cda-2ad01922fb78,,chemicals,processes/30330988-7800-5b4b-9cda-2ad01922fb78.xml,1,kg,GLO,chemicals,,,"Coating is the application of polymer onto a textile as a paste, foam or viscous liquid. The applica",scraped_from_ilcd
3dd3bf8a-6111-5aac-9252-0da5f20de77d,,chemicals,processes/3dd3bf8a-6111-5aac-9252-0da5f20de77d.xml,1,kg,GLO,chemicals,,,"This dataset covers machine electricity consumption, solvent based PU adhesive, solvent emissions.

",scraped_from_ilcd
ab7bdb26-2eaf-5d2f-8565-a8ba44dd654f,,chemicals,processes/ab7bdb26-2eaf-5d2f-8565-a8ba44dd654f.xml,1,kg,GLO,chemicals,,,"In spraying application, the chemical is applied through spray bars. With controlled flow, the amoun",scraped_from_ilcd
2d117ffa-5858-4764-9075-faa12d1b5b87,,chemicals,processes/2d117ffa-5858-4764-9075-faa12d1b5b87.xml,1,kg,GLO,chemicals,,,"Foreground system:
The use of water-based solutions to extract and recover metals such as gold is c",scraped_from_ilcd
a157f84a-942b-5283-b08d-069459e2b9f5,,chemicals,processes/a157f84a-942b-5283-b08d-069459e2b9f5.xml,1,kg,EU+EFTA+UK,chemicals,,,"The dataset is based on general materials of construction, as well as the quantity of material per s",scraped_from_ilcd
bd1d3154-8fca-43e8-a40a-1113c1135689,,chemicals,processes/bd1d3154-8fca-43e8-a40a-1113c1135689.xml,1,kg,EU+EFTA+UK,chemicals,,,"Foreground system:
Expandable Polystyrene (EPS) is produced by polymerisation of styrene monomer, a",scraped_from_ilcd
156f9b8b-5be0-57ab-8466-4ad4acdee3ca,,chemicals,processes/156f9b8b-5be0-57ab-8466-4ad4acdee3ca.xml,1,kg,GLO,chemicals,,,"Coating is the application of polymer onto a textile as a paste, foam or viscous liquid. The applica",scraped_from_ilcd
3685ff07-b7ba-5b3d-b036-33585c614d84,,chemicals,processes/3685ff07-b7ba-5b3d-b036-33585c614d84.xml,1,kg,GLO,chemicals,,,"This dataset consists of lamination process technology mix covers hot melt lamination, water based l",scraped_from_ilcd
4f0e2261-e2db-49fc-a84c-2e7ff6a3101b,,chemicals,processes/4f0e2261-e2db-49fc-a84c-2e7ff6a3101b.xml,1,kg,GLO,chemicals,,,"Foreground system:

Catalysts are collected and transported to the recycling plant. The parts are ",scraped_from_ilcd
829c20a1-208d-56ae-89f5-b958d832f921,,chemicals,processes/829c20a1-208d-56ae-89f5-b958d832f921.xml,1,kg,EU+EFTA+UK,chemicals,,,The mix of products is based on infromation sourced from Forest Owners Association. (2018). Global W,scraped_from_ilcd
5c56899b-3ef6-48f6-a9a6-168030ce3c0a,,chemicals,processes/5c56899b-3ef6-48f6-a9a6-168030ce3c0a.xml,1,kg,GLO,chemicals,,,"Foreground system:
The data set includes the truck production (26t - 28t gross weight) based on pub",scraped_from_ilcd
3952c4cd-0cfa-5eed-817c-10094a349b7b,,chemicals,processes/3952c4cd-0cfa-5eed-817c-10094a349b7b.xml,1,kg,GLO,chemicals,,,Enzyme washing using acidic cellulase require a pH range of 4.5 - 5.5  at 45 - 55 celcius degree to ,scraped_from_ilcd
d1f1dacd-672a-4782-be2d-232dfa29de56,,chemicals,processes/d1f1dacd-672a-4782-be2d-232dfa29de56.xml,1,kg,EU+EFTA+UK,chemicals,,,"Foreground system:
Polystyrene is mainly produced by continuous polymerisation processes. Solvents ",scraped_from_ilcd
f2af7266-4641-417a-abf6-ec3165085229,,chemicals,processes/f2af7266-4641-417a-abf6-ec3165085229.xml,1,kg,EU+EFTA+UK,chemicals,,,This process represents resin-specific environmental burdens associated with the production of secon,scraped_from_ilcd
3b554da9-3abf-5ccb-8d0e-ff2ae41e350e,,chemicals,processes/3b554da9-3abf-5ccb-8d0e-ff2ae41e350e.xml,1,kg,EU+EFTA+UK,chemicals,,,Kraft paper is produced from chemical pulp produced in the kraft process. The activity includes tran,scraped_from_ilcd
cf175d8d-cad5-5bd0-82d1-5b1ad0212732,,chemicals,processes/cf175d8d-cad5-5bd0-82d1-5b1ad0212732.xml,1,kg,GLO,chemicals,,,"In spraying application, the chemical is applied through spray bars. With controlled flow, the amoun",scraped_from_ilcd
a3e02162-2802-593d-ba8c-7f62952bca8c,,chemicals,processes/a3e02162-2802-593d-ba8c-7f62952bca8c.xml,1,kg,GLO,chemicals,,,Fluorochemical coatings dominate the stain repellency textile apparel market. Out of all existing te,scraped_from_ilcd
36d86006-2584-5376-b49b-88902f0f1c39,,chemicals,processes/36d86006-2584-5376-b49b-88902f0f1c39.xml,1,kg,GLO,chemicals,,,"Coating is the application of polymer onto a textile as a paste, foam or viscous liquid. The applica",scraped_from_ilcd
64cbce50-9064-49d9-acec-bac9670dbb5e,,chemicals,processes/64cbce50-9064-49d9-acec-bac9670dbb5e.xml,1,kg,EU+EFTA+UK,chemicals,,,"Foreground system:
A partially crystalline copolymer of ethylene and vinyl alcohol, EVOH [25067-34-",scraped_from_ilcd
dd34bfae-ba2b-554d-b902-fd1d4de84a4d,,chemicals,processes/dd34bfae-ba2b-554d-b902-fd1d4de84a4d.xml,1,kg,SE,chemicals,,,The activity represents the average production of bleached chemical pulp following the acidic sulfit,scraped_from_ilcd
3878a06d-2190-4816-b4a6-d715c97e3e0d,,chemicals,processes/3878a06d-2190-4816-b4a6-d715c97e3e0d.xml,1,kg,GLO,chemicals,,,"Foreground system:

Primary gold:
The use of water-based solutions to extract and recover metals ",scraped_from_ilcd
0a7c8287-6e7f-466a-9e63-2cd9c7cc8524,,chemicals,processes/0a7c8287-6e7f-466a-9e63-2cd9c7cc8524.xml,1,kg,GLO,chemicals,,,"Foreground system:
The data set includes the truck production (7.5t - 12t gross weight) based on pu",scraped_from_ilcd
5d89a553-8ed4-5c50-b473-71d4d9a9f984,,chemicals,processes/5d89a553-8ed4-5c50-b473-71d4d9a9f984.xml,1,kg,EU+EFTA+UK,chemicals,,,The model is made based on the average value of the machine for small and large field maintenance ro,scraped_from_ilcd
c90562d4-8a13-4f67-8934-62cdd769a4eb,,chemicals,processes/c90562d4-8a13-4f67-8934-62cdd769a4eb.xml,1,kg,NL,chemicals,,,"Foreground system:
Radical polymerisation of tetrafluorethylene is initiated by an aqueous agent. T",scraped_from_ilcd
13c6a030-b42c-46be-acd2-6c81bcaa8355,,chemicals,processes/13c6a030-b42c-46be-acd2-6c81bcaa8355.xml,1,kg,EU+EFTA+UK,chemicals,,,"Foreground system:
PVC is produced by polymerisation of vinyl chloride monomer to polyvinyl chlorid",scraped_from_ilcd
41effe5d-c613-5e53-b6b0-371cdb6937e0,,chemicals,processes/41effe5d-c613-5e53-b6b0-371cdb6937e0.xml,1,kg,GLO,chemicals,,,"Coating is the application of polymer onto a textile as a paste, foam or viscous liquid. The applica",scraped_from_ilcd
29daa8f5-71e3-5d1b-9232-731fd0b852bb,,chemicals,processes/29daa8f5-71e3-5d1b-9232-731fd0b852bb.xml,1,kg,EU+EFTA+UK,chemicals,,,Kraft paper is produced from chemical pulp produced in the kraft process. The activity includes tran,scraped_from_ilcd
88e8d1c4-7899-49f4-8fd9-5fb50b4b4686,,chemicals,processes/88e8d1c4-7899-49f4-8fd9-5fb50b4b4686.xml,1,kg,EU+EFTA+UK,chemicals,,,"Foreground system:

Steel coil production
The data set represents the steel production based on t",scraped_from_ilcd
2fa5acb0-059d-56de-9fdc-f337fbc02007,,chemicals,processes/2fa5acb0-059d-56de-9fdc-f337fbc02007.xml,1,kg,GLO,chemicals,,,"Several types of compounds and polymers are used as Flame Retardants (FR) for textile materials, inc",scraped_from_ilcd
b9150653-8954-5de6-b100-30850e2ab351,,chemicals,processes/b9150653-8954-5de6-b100-30850e2ab351.xml,1,kg,GLO,chemicals,,,"The usual techniques for applying a coating on solvent or water basis are the so-called ""knife-over-",scraped_from_ilcd
ba1a3536-dad1-5424-9c0a-ba0f16a7c7fc,,chemicals,processes/ba1a3536-dad1-5424-9c0a-ba0f16a7c7fc.xml,1,kg,GLO,chemicals,,,Most common used acid for carbonization process is sulphuric acid. Typically at 5-7% w/w with approx,scraped_from_ilcd
4001e5b8-3d1a-5c8c-9422-db3c407719e3,,chemicals,processes/4001e5b8-3d1a-5c8c-9422-db3c407719e3.xml,1,kg,GLO,chemicals,,,"In Stitch bonding maliwatt process,  The horizontal compound needle and closing wire system, which o",scraped_from_ilcd
e9efe475-dd46-47b5-a960-fe39f3a34d3e,,chemicals,processes/e9efe475-dd46-47b5-a960-fe39f3a34d3e.xml,1,kg,EU+EFTA+UK,chemicals,,,This process represents resin-specific environmental burdens associated with the production of secon,scraped_from_ilcd
9a705415-bff1-5439-a9f8-9e1a08774921,,chemicals,processes/9a705415-bff1-5439-a9f8-9e1a08774921.xml,1,kg,GLO,chemicals,,,"The antimicrobial finish can be applied by physical and chemical methods, and by adding functional a",scraped_from_ilcd
fe6a738a-7bff-59c9-b955-ac0e9a73bc53,,chemicals,processes/fe6a738a-7bff-59c9-b955-ac0e9a73bc53.xml,1,kg,GLO,chemicals,,,"A molten material, normally a polymer, is forced into the cavity of a mold. This is managed because ",scraped_from_ilcd
85b79e7a-1548-5980-95a8-62a1fee1e71d,,chemicals,processes/85b79e7a-1548-5980-95a8-62a1fee1e71d.xml,1,kg,GLO,chemicals,,,"There are various methods of desizing including enzymatic desizing, oxidative desizing, acid steepin",scraped_from_ilcd
78d96730-7ba9-41b8-ae06-36320d9c0b13,,chemicals,processes/78d96730-7ba9-41b8-ae06-36320d9c0b13.xml,1,kg,EU+EFTA+UK,chemicals,,,"Foreground system:
PVDC is produced by the polymerization of vinylidene chloride. The reaction temp",scraped_from_ilcd
44e925fe-791d-5786-976f-0041ccabec6b,,chemicals,processes/44e925fe-791d-5786-976f-0041ccabec6b.xml,1,kg,EU+EFTA+UK,chemicals,,,The mix of products is based on infromation sourced from Forest Owners Association. (2018). Global W,scraped_from_ilcd
7c732695-bf0a-5f38-bd87-11ab1e067e82,,chemicals,processes/7c732695-bf0a-5f38-bd87-11ab1e067e82.xml,1,kg,FI,chemicals,,,The activity represents the average production of bleached chemical pulp following the acidic sulfit,scraped_from_ilcd
9dcebf45-f24e-5b81-b744-c8eb12e6ad64,,chemicals,processes/9dcebf45-f24e-5b81-b744-c8eb12e6ad64.xml,1,kg,EU+EFTA+UK,chemicals,,,Tufting is a type of textile weaving in which a thread is inserted on a primary base. A woven fabric,scraped_from_ilcd
b150ff20-ba72-5711-89b6-17d0dad0c7a2,,chemicals,processes/b150ff20-ba72-5711-89b6-17d0dad0c7a2.xml,1,kg,EU+EFTA+UK,chemicals,,,Kraft paper is produced from chemical pulp produced in the kraft process. The activity includes tran,scraped_from_ilcd
83f138d1-0ae9-54a1-9e77-83d8e32d7506,,chemicals,processes/83f138d1-0ae9-54a1-9e77-83d8e32d7506.xml,1,kg,EU+EFTA+UK,chemicals,,,"The dataset is based on general materials of construction, as well as the quantity of material per m",scraped_from_ilcd
fce9463a-68dc-5580-92ef-7787e54ed80d,,chemicals,processes/fce9463a-68dc-5580-92ef-7787e54ed80d.xml,1,kg,GLO,chemicals,,,"This dataset covers rotogravure and flexo printing technologies with the mix of water based, solvent",scraped_from_ilcd
7036b7b6-a2e1-5dbe-a571-bb03eb0c3a51,,chemicals,processes/7036b7b6-a2e1-5dbe-a571-bb03eb0c3a51.xml,1,kg,GLO,chemicals,,,One or more molds or forms provided along and/or at least partially around the base member and/or th,scraped_from_ilcd
32dc578d-634a-495a-a52e-fbebda2d8971,,chemicals,processes/32dc578d-634a-495a-a52e-fbebda2d8971.xml,1,kg,EU+EFTA+UK,chemicals,,,This process represents resin-specific environmental burdens associated with the production of secon,scraped_from_ilcd
da397fb2-4f6f-4fec-9d46-a5f2f693e2c9,,chemicals,processes/da397fb2-4f6f-4fec-9d46-a5f2f693e2c9.xml,1,kg,DE,chemicals,,,"Foreground system:
Radical polymerisation of tetrafluorethylene is initiated by an aqueous agent. T",scraped_from_ilcd
42affac5-a207-4ec5-bd7d-2dffd85ff50e,,chemicals,processes/42affac5-a207-4ec5-bd7d-2dffd85ff50e.xml,1,kg,EU+EFTA+UK,chemicals,,,"Foreground system:
Polystyrene is mainly produced by continuous polymerisation processes. Solvents ",scraped_from_ilcd
290acdb7-6aa4-553a-a17a-58e086f7f9a3,,chemicals,processes/290acdb7-6aa4-553a-a17a-58e086f7f9a3.xml,1,kg,GLO,chemicals,,,"The usual techniques for applying a coating on solvent or water basis are the so-called ""knife-over-",scraped_from_ilcd
952cf003-b406-5d3f-8175-c27ee7a73761,,chemicals,processes/952cf003-b406-5d3f-8175-c27ee7a73761.xml,1,kg,GLO,chemicals,,,"This dataset consists of 2-5 layers water based glue lamination process mixture.

This dataset cover",scraped_from_ilcd
bbd3136f-0614-5825-ab80-a121835fdbc9,,chemicals,processes/bbd3136f-0614-5825-ab80-a121835fdbc9.xml,1,kg,GLO,chemicals,,,The hot cutting knife would melts the polymer filaments of the synthetic fabric precisely. Hot knife,scraped_from_ilcd
ae69dc5a-981d-5c4c-8fe7-f884ede8256f,,chemicals,processes/ae69dc5a-981d-5c4c-8fe7-f884ede8256f.xml,1,kg,GLO,chemicals,,,"Coating is the application of polymer onto a textile as a paste, foam or viscous liquid. The applica",scraped_from_ilcd
b4732f7f-e511-5e10-bf34-73f8d4e4c71a,,chemicals,processes/b4732f7f-e511-5e10-bf34-73f8d4e4c71a.xml,1,kg,GLO,chemicals,,,"There are various methods of desizing including enzymatic desizing, oxidative desizing, acid steepin",scraped_from_ilcd
1b2499f8-8a23-5575-abce-160072cae04b,,chemicals,processes/1b2499f8-8a23-5575-abce-160072cae04b.xml,1,kg,GLO,chemicals,,,"Includes:
- Electrical energy (grid mix based on production of plastic coated texitiles, OEC, 2019)
",scraped_from_ilcd
2a848d07-9f19-5441-accc-a8f6f7b3f798,,chemicals,processes/2a848d07-9f19-5441-accc-a8f6f7b3f798.xml,1,kg,GLO,chemicals,,,"The natural fibres are generally scoured using organic chemical, ethoxylated alcohol, and fatty alco",scraped_from_ilcd
e8d7033a-123f-42c0-82d0-a1ba4bd0df4f,,chemicals,processes/e8d7033a-123f-42c0-82d0-a1ba4bd0df4f.xml,1,kg,GLO,chemicals,,,"Foreground system:
The data set represents the ship production based on the material composition gi",scraped_from_ilcd
5e601469-7658-536e-a941-47b7e457a0b9,,chemicals,processes/5e601469-7658-536e-a941-47b7e457a0b9.xml,1,kg,GLO,chemicals,,,"Coating is the application of polymer onto a textile as a paste, foam or viscous liquid. The applica",scraped_from_ilcd
9be560cc-6400-488c-bba0-ea46d162eb8b,,chemicals,processes/9be560cc-6400-488c-bba0-ea46d162eb8b.xml,1,kg,EU+EFTA+UK,chemicals,,,"Foreground system:
Radical polymerisation of tetrafluorethylene is initiated by an aqueous agent. T",scraped_from_ilcd
2bdf56d2-7a06-596f-a84c-5b9fb800705c,,chemicals,processes/2bdf56d2-7a06-596f-a84c-5b9fb800705c.xml,1,kg,EU+EFTA+UK,chemicals,,,"The dataset is based on general materials of construction, as well as the quantity of material per s",scraped_from_ilcd
ec28ed26-8c22-4a5b-8fa1-527b83162548,,chemicals,processes/ec28ed26-8c22-4a5b-8fa1-527b83162548.xml,1,kg,GLO,chemicals,,,"Foreground system:
The data set includes the car production based on publically available informati",scraped_from_ilcd
bc670bb8-04ba-5ed9-a02d-4aa9a64b4f98,,chemicals,processes/bc670bb8-04ba-5ed9-a02d-4aa9a64b4f98.xml,1,kg,EU+EFTA+UK,chemicals,,,Hot melt compounds must have the correct components to achieve maximum performance and manufacturabi,scraped_from_ilcd
83b4a6bb-6ae4-5851-a115-71badee193cc,,chemicals,processes/83b4a6bb-6ae4-5851-a115-71badee193cc.xml,1,kg,GLO,chemicals,,,"There are several wawter based sizing material.
Washing with water helps get rid of PVA material (si",scraped_from_ilcd
82577b8a-d9dc-52fd-9f60-4016602558b5,,chemicals,processes/82577b8a-d9dc-52fd-9f60-4016602558b5.xml,1,kg,GLO,chemicals,,,"Coating is the application of polymer onto a textile as a paste, foam or viscous liquid. The applica",scraped_from_ilcd
e2885b22-404c-5681-9816-6a52fcf58a3a,,chemicals,processes/e2885b22-404c-5681-9816-6a52fcf58a3a.xml,1,kg,GLO,chemicals,,,"There are various methods of desizing including enzymatic desizing, oxidative desizing, acid steepin",scraped_from_ilcd
b63d42ee-f766-40d0-88ec-742bb58f57be,,chemicals,processes/b63d42ee-f766-40d0-88ec-742bb58f57be.xml,1,kg,EU+EFTA+UK,chemicals,,,"Foreground system:

Steel coil production
The data set represents the steel productionbased on th",scraped_from_ilcd
499c1e7a-b58f-5fbc-bce5-d2923a8b1cda,,chemicals,processes/499c1e7a-b58f-5fbc-bce5-d2923a8b1cda.xml,1,kg,EU+EFTA+UK,chemicals,,,Hot melt compounds must have the correct components to achieve maximum performance and manufacturabi,scraped_from_ilcd
91d1f352-30bb-5247-a266-3bb65a3d0e21,,chemicals,processes/91d1f352-30bb-5247-a266-3bb65a3d0e21.xml,1,kg,GLO,chemicals,,,"Includes:
- Electrical energy (grid mix based on production of plastic coated texitiles, OEC, 2019)
",scraped_from_ilcd
2ec1afd9-7d95-4b64-8120-c362bb0c8bee,,chemicals,processes/2ec1afd9-7d95-4b64-8120-c362bb0c8bee.xml,1,kg,EU+EFTA+UK,chemicals,,,This process represents resin-specific environmental burdens associated with the production of secon,scraped_from_ilcd
fe45da90-5831-46b7-a02a-4fc282d6624a,,chemicals,processes/fe45da90-5831-46b7-a02a-4fc282d6624a.xml,1,kg,EU+EFTA+UK,chemicals,,,This process represents resin-specific environmental burdens associated with the production of secon,scraped_from_ilcd
0c6cb6cb-53ad-573f-9b33-1996d049ee9f,,chemicals,processes/0c6cb6cb-53ad-573f-9b33-1996d049ee9f.xml,1,kg,GLO,chemicals,,,"Coating is the application of polymer onto a textile as a paste, foam or viscous liquid. The applica",scraped_from_ilcd
63a6069f-5175-5543-8f64-955dfe66e57c,,chemicals,processes/63a6069f-5175-5543-8f64-955dfe66e57c.xml,1,kg,GLO,chemicals,,,Chemical fading using acidic cellulase done in an acid condition (pH 4.5 - 5.5). Specifc temperature,scraped_from_ilcd
6213aa17-6429-5553-ad86-5f52a3dba9f5,,chemicals,processes/6213aa17-6429-5553-ad86-5f52a3dba9f5.xml,1,kg,GLO,chemicals,,,"In spraying application, the chemical is applied through spray bars. With controlled flow, the amoun",scraped_from_ilcd
7446d134-90ad-48d9-a420-881dc019a0d5,,chemicals,processes/7446d134-90ad-48d9-a420-881dc019a0d5.xml,1,kg,EU+EFTA+UK,chemicals,,,"Foreground system:

Steel coil production
The data set represents the steel production based on t",scraped_from_ilcd
9f4366dc-2a0a-57e3-9052-f5522ba374c5,,chemicals,processes/9f4366dc-2a0a-57e3-9052-f5522ba374c5.xml,1,kg,GLO,chemicals,,,"In melt spinning, thermoplastic polymer granules are fed into an extruder and then the polymer melt ",scraped_from_ilcd
9bad6a9f-bb43-59cd-86fb-6dfccb692831,,chemicals,processes/9bad6a9f-bb43-59cd-86fb-6dfccb692831.xml,1,kg,GLO,chemicals,,,"In this model, the baseline is formed by 30% knitted polyester fabric. The coating, which makes up 6",scraped_from_ilcd
b767be43-d890-501d-adad-529f83418126,,chemicals,processes/b767be43-d890-501d-adad-529f83418126.xml,1,kg,GLO,chemicals,,,"Vulcanizing is the process of being more durable, using the help of chemicals (in this model, sulphu",scraped_from_ilcd
7127bdd6-9785-5170-b11d-3947e4451742,,chemicals,processes/7127bdd6-9785-5170-b11d-3947e4451742.xml,1,kg,GLO,chemicals,,,"In this model, the baseline is formed by 30% knitted polyester fabric. The coating, which makes up 6",scraped_from_ilcd
4a635764-3179-5c01-b303-69c03fa9fd79,,chemicals,processes/4a635764-3179-5c01-b303-69c03fa9fd79.xml,1,kg,GLO,chemicals,,,"Coating is the application of polymer onto a textile as a paste, foam or viscous liquid. The applica",scraped_from_ilcd
03dfec31-730d-51e2-b862-eb917ef650dd,,chemicals,processes/03dfec31-730d-51e2-b862-eb917ef650dd.xml,1,kg,GLO,chemicals,,,Partially biogenic polyurethane foam is made by reacting petrochemical-based diisocyanates with biob,scraped_from_ilcd
79193782-e233-5fd5-ad51-942d78298ed5,,chemicals,processes/79193782-e233-5fd5-ad51-942d78298ed5.xml,1,kg,GLO,chemicals,,,"Coating is the application of polymer onto a textile as a paste, foam or viscous liquid. The applica",scraped_from_ilcd
41ea57b4-8641-5405-87f9-c995f9fc65f3,,chemicals,processes/41ea57b4-8641-5405-87f9-c995f9fc65f3.xml,1,kg,GLO,chemicals,,,"Chome dyes have acidic nature. Chromium salts (Na2Cr2O7, K2Cr2O7) are used for complex formation, th",scraped_from_ilcd
6a249004-0e04-5f56-ab07-7123f859eed6,,chemicals,processes/6a249004-0e04-5f56-ab07-7123f859eed6.xml,1,kg,GLO,chemicals,,,"In melt spinning, thermoplastic polymer granules are fed into an extruder and then the polymer melt ",scraped_from_ilcd
d6bdbd6d-91e0-5644-9b8b-b99b6b00a674,,chemicals,processes/d6bdbd6d-91e0-5644-9b8b-b99b6b00a674.xml,1,kg,GLO,chemicals,,,Partially biogenic polyurethane foam is made by reacting petrochemical-based diisocyanates with biob,scraped_from_ilcd
5889bdcc-c444-5cde-9f0c-70048d2cf7fb,,chemicals,processes/5889bdcc-c444-5cde-9f0c-70048d2cf7fb.xml,1,kg,GLO,chemicals,,,"In melt spinning, thermoplastic polymer granules are fed into an extruder and then the polymer melt ",scraped_from_ilcd
b128df16-334f-54bb-b0bd-06034b665d58,,chemicals,processes/b128df16-334f-54bb-b0bd-06034b665d58.xml,1,kg,GLO,chemicals,,,"In continuous foam processing, the chemicals or dyes are formulated with a foaming agent in a more c",scraped_from_ilcd
351a289a-2c61-4958-bea4-92b58266b3fc,,chemicals,processes/351a289a-2c61-4958-bea4-92b58266b3fc.xml,1,kg,GLO,chemicals,,,"Foreground system:
PVDF is produced by emulsion polymerization of vinylidene fluoride. The reaction",scraped_from_ilcd
5e7ecd90-97c6-562d-bd84-5bd86a7bbc1d,,chemicals,processes/5e7ecd90-97c6-562d-bd84-5bd86a7bbc1d.xml,1,kg,GLO,chemicals,,,Chemical fading using acidic cellulase done in an acid condition (pH 4.5 - 5.5). Specifc temperature,scraped_from_ilcd
52ecabcf-fb6a-4d58-895c-41078326bbcb,,chemicals,processes/52ecabcf-fb6a-4d58-895c-41078326bbcb.xml,1,kg,EU+EFTA+UK,chemicals,,,"Foreground system:
The starting compounds for the commercial production of PET are ethylene (CH2=CH",scraped_from_ilcd
ef1a625e-1677-5d04-b088-7e077d487170,,chemicals,processes/ef1a625e-1677-5d04-b088-7e077d487170.xml,1,kg,GLO,chemicals,,,This process includes applying a layer of solvent or water-based primer with resin as its main compo,scraped_from_ilcd
10573e07-f4b6-55cd-8416-2d6d48c35a9d,,chemicals,processes/10573e07-f4b6-55cd-8416-2d6d48c35a9d.xml,1,kg,GLO,chemicals,,,Most common used acid for carbonization process is sulphuric acid. Typically at 5-7% w/w with approx,scraped_from_ilcd
7f114fa2-70f6-5581-9a49-1e1d5b3139dc,,chemicals,processes/7f114fa2-70f6-5581-9a49-1e1d5b3139dc.xml,1,kg,EU+EFTA+UK,chemicals,,,"The dataset is based on general materials of construction, as well as the quantity of material per h",scraped_from_ilcd
318937a2-fa48-5b2e-b241-0f7e5d27cbf3,,chemicals,processes/318937a2-fa48-5b2e-b241-0f7e5d27cbf3.xml,1,kg,WORLD (WITHOUT EU+EFTA+UK),chemicals,,,Semi-chemical pulping is similar to chemical mechanical methods in that the material is first chemic,scraped_from_ilcd
d65307e5-98f9-5e4a-aa8b-b5e12428f8b9,,chemicals,processes/d65307e5-98f9-5e4a-aa8b-b5e12428f8b9.xml,1,kg,GLO,chemicals,,,"In Stitch bonding maliwatt process,  The horizontal compound needle and closing wire system, which o",scraped_from_ilcd
17385582-09c0-5885-b59e-fd5b4ab33547,,chemicals,processes/17385582-09c0-5885-b59e-fd5b4ab33547.xml,1,kg,GLO,chemicals,,,"This dataset consists of lamination process technology mix covers hot melt lamination, water based l",scraped_from_ilcd
0678246b-0d7d-5dc5-a353-2c2d93cf1d46,,chemicals,processes/0678246b-0d7d-5dc5-a353-2c2d93cf1d46.xml,1,kg,GLO,chemicals,,,"Vulcanizing is the process of being more durable, using the help of chemicals (in this model, sulphu",scraped_from_ilcd
52d3e29b-64f6-4ea7-98e6-0f73fa4491a0,,chemicals,processes/52d3e29b-64f6-4ea7-98e6-0f73fa4491a0.xml,1,kg,GLO,chemicals,,,"Foreground system:
The data set represents the Airbus 330-200F production based on public informati",scraped_from_ilcd
0f906b9a-29a7-595a-a5a3-607c11997c2e,,chemicals,processes/0f906b9a-29a7-595a-a5a3-607c11997c2e.xml,1,kg,GLO,chemicals,,,"Coating is the application of polymer onto a textile as a paste, foam or viscous liquid. The applica",scraped_from_ilcd
d0d4eba8-709d-5848-80aa-539b96425768,,chemicals,processes/d0d4eba8-709d-5848-80aa-539b96425768.xml,1,kg,EU+EFTA+UK,chemicals,,,"The dataset is based on general materials of construction, as well as the quantity of material per m",scraped_from_ilcd
8d9bfd1e-3ceb-5a3c-b15a-48011441346d,,chemicals,processes/8d9bfd1e-3ceb-5a3c-b15a-48011441346d.xml,1,kg,EU+EFTA+UK,chemicals,,,The mix of products is based on infromation sourced from Forest Owners Association. (2018). Global W,scraped_from_ilcd
c9f2b486-c4d6-5cc0-a0f2-ba968fcacea2,,chemicals,processes/c9f2b486-c4d6-5cc0-a0f2-ba968fcacea2.xml,1,kg,GLO,chemicals,,,Semi-mechanical recycling of pre-consumer waste polyethylene terephthalate (PET) is based on the pos,scraped_from_ilcd
f06c62d5-713e-5d60-9210-734d81c45bdf,,chemicals,processes/f06c62d5-713e-5d60-9210-734d81c45bdf.xml,1,kg,GLO,chemicals,,,"This dataset consists of 2-5 layers water based glue lamination process mixture.

This dataset cover",scraped_from_ilcd
80025848-e31f-56b3-8401-d7a71c3f1344,,chemicals,processes/80025848-e31f-56b3-8401-d7a71c3f1344.xml,1,kg,EU+EFTA+UK,chemicals,,,Hot melt compounds must have the correct components to achieve maximum performance and manufacturabi,scraped_from_ilcd
2a45fc49-9fd3-57e3-8aaf-39308eff48ee,,chemicals,processes/2a45fc49-9fd3-57e3-8aaf-39308eff48ee.xml,1,kg,GLO,chemicals,,,"In melt spinning, thermoplastic polymer granules are fed into an extruder and then the polymer melt ",scraped_from_ilcd
62453fcd-b0f7-47fc-80fb-08ca0d92fc62,,chemicals,processes/62453fcd-b0f7-47fc-80fb-08ca0d92fc62.xml,1,kg,EU+EFTA+UK,chemicals,,,"Foreground system:
Acrylonitrile Butadiene Styrene (ABS) can be produced by emulsion polymerisation",scraped_from_ilcd
7b204ba7-a301-5e4a-9031-a4c1cbf6fdd5,,chemicals,processes/7b204ba7-a301-5e4a-9031-a4c1cbf6fdd5.xml,1,kg,GLO,chemicals,,,Enzyme washing using acidic cellulase require a pH range of 4.5 - 5.5  at 45 - 55 celcius degree to ,scraped_from_ilcd
fe64294c-eb8d-5dc9-8b20-e60f1d4c49cc,,chemicals,processes/fe64294c-eb8d-5dc9-8b20-e60f1d4c49cc.xml,1,kg,EU+EFTA+UK,chemicals,,,"The dataset is based on general materials of construction, as well as the quantity of material per s",scraped_from_ilcd
979a3fcb-e5da-5f01-b447-524a774bd968,,chemicals,processes/979a3fcb-e5da-5f01-b447-524a774bd968.xml,1,kg,GLO,chemicals,,,"Coating is the application of polymer onto a textile as a paste, foam or viscous liquid. The applica",scraped_from_ilcd
fcf8c791-eb39-59e3-8447-16cdf6fe792d,,chemicals,processes/fcf8c791-eb39-59e3-8447-16cdf6fe792d.xml,1,kg,GLO,chemicals,,,"This data covers zipper machine consumptions, production of nylon polymer which is used as raw mater",scraped_from_ilcd
90887881-8afa-50db-8a51-3b9c4b20ae19,,chemicals,processes/90887881-8afa-50db-8a51-3b9c4b20ae19.xml,1,kg,GLO,chemicals,,,"The usual techniques for applying a coating on solvent or water basis are the so-called ""knife-over-",scraped_from_ilcd
a616ff49-6cdd-55d4-a313-5a3736cf5472,,chemicals,processes/a616ff49-6cdd-55d4-a313-5a3736cf5472.xml,1,kg,GLO,chemicals,,,"The usual techniques for applying a coating on solvent or water basis are the so-called ""knife-over-",scraped_from_ilcd
647e6872-908d-57a0-bb5f-1a9ed47e2940,,chemicals,processes/647e6872-908d-57a0-bb5f-1a9ed47e2940.xml,1,kg,EU+EFTA+UK,chemicals,,,"The dataset is based on general materials of construction, as well as the quantity of material per s",scraped_from_ilcd
4be36162-4a15-41ad-b974-af47a52e93e2,,chemicals,processes/4be36162-4a15-41ad-b974-af47a52e93e2.xml,1,kg,RAS,chemicals,,,This process represents resin-specific environmental burdens associated with the production of secon,scraped_from_ilcd
3b29e36d-2b21-5647-a03d-acfe5a085faa,,chemicals,processes/3b29e36d-2b21-5647-a03d-acfe5a085faa.xml,1,kg,EU+EFTA+UK,chemicals,,,"The dataset is based on general materials of construction, as well as the quantity of material per m",scraped_from_ilcd
3230fac3-80a0-5996-8c27-6b097b91eb95,,chemicals,processes/3230fac3-80a0-5996-8c27-6b097b91eb95.xml,1,kg,GLO,chemicals,,,"The usual techniques for applying a coating on solvent or water basis are the so-called ""knife-over-",scraped_from_ilcd
e5e5a9e8-9261-54a2-a5b3-b24d096e6489,,chemicals,processes/e5e5a9e8-9261-54a2-a5b3-b24d096e6489.xml,1,kg,FI,chemicals,,,The activity represents the average production of bleached chemical pulp following the acidic sulfit,scraped_from_ilcd
fe6e1e7a-18f6-5a87-bfd9-4ec7a8ab1888,,chemicals,processes/fe6e1e7a-18f6-5a87-bfd9-4ec7a8ab1888.xml,1,kg,GLO,chemicals,,,"In melt spinning, thermoplastic polymer granules are fed into an extruder and then the polymer melt ",scraped_from_ilcd
ff8119aa-3908-43ba-a90c-6154fafff294,,chemicals,processes/ff8119aa-3908-43ba-a90c-6154fafff294.xml,1,kg,EU+EFTA+UK,chemicals,,,This process represents resin-specific environmental burdens associated with the production of secon,scraped_from_ilcd
53e88810-24ca-5975-b0b9-94f10c897698,,chemicals,processes/53e88810-24ca-5975-b0b9-94f10c897698.xml,1,kg,EU+EFTA+UK,chemicals,,,"The dataset is based on general materials of construction, as well as the quantity of material pertr",scraped_from_ilcd
d2fab1fe-f9b8-533e-84d6-9b5b0dc1bd53,,chemicals,processes/d2fab1fe-f9b8-533e-84d6-9b5b0dc1bd53.xml,1,kg,GLO,chemicals,,,"In this model, the process consist of mechanical fading and chemical fading, in which the amount of ",scraped_from_ilcd
c2cbf1fd-5b28-5334-bc09-480144fb0e12,,chemicals,processes/c2cbf1fd-5b28-5334-bc09-480144fb0e12.xml,1,kg,GLO,chemicals,,,Some waterproof sprays are sillicone based and it is good for all types of shoes. Before applying wa,scraped_from_ilcd
f7306553-2310-5fad-a248-48754ed28dc3,,chemicals,processes/f7306553-2310-5fad-a248-48754ed28dc3.xml,1,kg,GLO,chemicals,,,"This dataset consists of 2-5 layers water based glue lamination process mixture.

This dataset cover",scraped_from_ilcd
f87b25e6-ef1e-5559-8883-0ea0873d0fc2,,chemicals,processes/f87b25e6-ef1e-5559-8883-0ea0873d0fc2.xml,1,kg,GLO,chemicals,,,"This dataset consists of 2-5 layers water based glue lamination process mixture.

This dataset cover",scraped_from_ilcd
9a087ecc-2899-5d70-be37-1697ce75ccf1,,chemicals,processes/9a087ecc-2899-5d70-be37-1697ce75ccf1.xml,1,kg,EU+EFTA+UK,chemicals,,,Liquid roll is a secondary coating application during carpet production. PVC polymer is coated to ca,scraped_from_ilcd
c337af12-4c53-5e98-af8e-57c79b96ff24,,chemicals,processes/c337af12-4c53-5e98-af8e-57c79b96ff24.xml,1,kg,FI,chemicals,,,The activity represents the average production of bleached chemical pulp following the acidic sulfit,scraped_from_ilcd
510d83bf-0485-52ab-945f-bbde7710e78b,,chemicals,processes/510d83bf-0485-52ab-945f-bbde7710e78b.xml,1,kg,GLO,chemicals,,,"Coating is the application of polymer onto a textile as a paste, foam or viscous liquid. The applica",scraped_from_ilcd
7eb713c8-0c1b-5abb-9826-441d189b05dd,,chemicals,processes/7eb713c8-0c1b-5abb-9826-441d189b05dd.xml,1,kg,GLO,chemicals,,,"In this model, the baseline is formed by 30% knitted polyester fabric. The coating, which makes up 6",scraped_from_ilcd
f8d6fdf9-9998-5e5a-bede-16cdf85a92db,,chemicals,processes/f8d6fdf9-9998-5e5a-bede-16cdf85a92db.xml,1,kg,GLO,chemicals,,,"Coating is the application of polymer onto a textile as a paste, foam or viscous liquid. The applica",scraped_from_ilcd
3a88fe1e-ec96-4e30-89f4-27e763b42549,,chemicals,processes/3a88fe1e-ec96-4e30-89f4-27e763b42549.xml,1,kg,EU+EFTA+UK,chemicals,,,This process represents resin-specific environmental burdens associated with the production of secon,scraped_from_ilcd
0512f42f-70bd-53a3-a808-8f16a99aa3e3,,chemicals,processes/0512f42f-70bd-53a3-a808-8f16a99aa3e3.xml,1,kg,GLO,chemicals,,,"This dataset consists of 2-5 layers water based glue lamination process mixture.

This dataset cover",scraped_from_ilcd
2129be8f-4202-50b6-9b52-aa303708b3d6,,chemicals,processes/2129be8f-4202-50b6-9b52-aa303708b3d6.xml,1,kg,GLO,chemicals,,,"Coating is the application of polymer onto a textile as a paste, foam or viscous liquid. The applica",scraped_from_ilcd
1448822f-a7f2-410c-b45d-9de639f455d9,,chemicals,processes/1448822f-a7f2-410c-b45d-9de639f455d9.xml,1,kg,EU+EFTA+UK,chemicals,,,This process represents resin-specific environmental burdens associated with the production of secon,scraped_from_ilcd
a12c38d0-ded1-54be-89f4-28028e51d638,,chemicals,processes/a12c38d0-ded1-54be-89f4-28028e51d638.xml,1,kg,GLO,chemicals,,,"Coating is the application of polymer onto a textile as a paste, foam or viscous liquid. The applica",scraped_from_ilcd
e7bb4ea4-c2f7-5fd6-afc0-ddae00c3efb2,,chemicals,processes/e7bb4ea4-c2f7-5fd6-afc0-ddae00c3efb2.xml,1,kg,GLO,chemicals,,,The hot cutting knife would melts the polymer filaments of the synthetic fabric precisely. Hot knife,scraped_from_ilcd
750431dd-7541-58ff-bfe0-1af6d546bedb,,chemicals,processes/750431dd-7541-58ff-bfe0-1af6d546bedb.xml,1,kg,GLO,chemicals,,,"Coating is the application of polymer onto a textile as a paste, foam or viscous liquid. The applica",scraped_from_ilcd
3f96ee08-6d40-5236-a6ef-4e30505b8dcc,,chemicals,processes/3f96ee08-6d40-5236-a6ef-4e30505b8dcc.xml,1,kg,GLO,chemicals,,,"Coating is the application of polymer onto a textile as a paste, foam or viscous liquid. The applica",scraped_from_ilcd
830c8027-bd1e-5f2f-9e09-c579c36ab3ed,,chemicals,processes/830c8027-bd1e-5f2f-9e09-c579c36ab3ed.xml,1,kg,GLO,chemicals,,,Chemical fading using acidic cellulase done in an acid condition (pH 4.5 - 5.5). Specifc temperature,scraped_from_ilcd
57e6f7ad-c9e5-4137-a009-b9ddf8b03c72,,chemicals,processes/57e6f7ad-c9e5-4137-a009-b9ddf8b03c72.xml,1,kg,NL,chemicals,,,"Foreground system:
Expanded clay is an additive which requires specially suited clays with uniform ",scraped_from_ilcd
fd8b00ee-a17a-5941-8d64-6151629f3cfc,,chemicals,processes/fd8b00ee-a17a-5941-8d64-6151629f3cfc.xml,1,kg,GLO,chemicals,,,"Coating is the application of polymer onto a textile as a paste, foam or viscous liquid. The applica",scraped_from_ilcd
755bf577-ec47-5de8-8324-10d780b69403,,chemicals,processes/755bf577-ec47-5de8-8324-10d780b69403.xml,1,kg,GLO,chemicals,,,"Coating is the application of polymer onto a textile as a paste, foam or viscous liquid. The applica",scraped_from_ilcd
86034c65-32b3-4a85-9241-1930c5c2495a,,chemicals,processes/86034c65-32b3-4a85-9241-1930c5c2495a.xml,1,kg,EU+EFTA+UK,chemicals,,,This process represents resin-specific environmental burdens associated with the production of secon,scraped_from_ilcd
00d09aaa-f6b8-5e16-bbc5-4f74d571366f,,chemicals,processes/00d09aaa-f6b8-5e16-bbc5-4f74d571366f.xml,1,kg,GLO,chemicals,,,"This data covers zipper machine consumptions, production of nylon polymer which is used as raw mater",scraped_from_ilcd
a6ef96b3-2e17-5f3d-ab04-cf0c5ca8d194,,chemicals,processes/a6ef96b3-2e17-5f3d-ab04-cf0c5ca8d194.xml,1,kg,GLO,chemicals,,,"Several types of compounds and polymers are used as Flame Retardants (FR) for textile materials, inc",scraped_from_ilcd
be8182c9-d8ef-5d45-98e7-8ded6a3fd1c2,,chemicals,processes/be8182c9-d8ef-5d45-98e7-8ded6a3fd1c2.xml,1,kg,GLO,chemicals,,,"Coating is the application of polymer onto a textile as a paste, foam or viscous liquid. The applica",scraped_from_ilcd
4be5e87a-26bd-5a4e-a781-804b75def0c5,,chemicals,processes/4be5e87a-26bd-5a4e-a781-804b75def0c5.xml,1,kg,GLO,chemicals,,,Acid washing is normally carried out by tumbling the garments with pumice stones presoaked in a blea,scraped_from_ilcd
536f717a-6efc-57a9-8ddf-46ba70a10c1e,,chemicals,processes/536f717a-6efc-57a9-8ddf-46ba70a10c1e.xml,1,kg,GLO,chemicals,,,"In melt spinning, thermoplastic polymer granules are fed into an extruder and then the polymer melt ",scraped_from_ilcd
f3da0e16-f93c-5e66-91ab-1e7453310df0,,chemicals,processes/f3da0e16-f93c-5e66-91ab-1e7453310df0.xml,1,kg,EU+EFTA+UK,chemicals,,,Tufting is a type of textile weaving in which a thread is inserted on a primary base. A woven fabric,scraped_from_ilcd
4e084ec5-e47f-5339-9b5f-6c1c00b780fd,,chemicals,processes/4e084ec5-e47f-5339-9b5f-6c1c00b780fd.xml,1,kg,GLO,chemicals,,,This process includes applying a layer of solvent or water-based primer with resin as its main compo,scraped_from_ilcd
4f615629-c6ec-5f49-9695-28d8643680bd,,chemicals,processes/4f615629-c6ec-5f49-9695-28d8643680bd.xml,1,kg,GLO,chemicals,,,"The model is based on Flexible rubber Foam (Polyurethane) production, the energy and infrastructure ",scraped_from_ilcd
2d5f10f2-ea8e-45cf-afa3-59d80f93ea4d,,chemicals,processes/2d5f10f2-ea8e-45cf-afa3-59d80f93ea4d.xml,1,kg,EU+EFTA+UK,chemicals,,,"Foreground system:

Steel coil production
The data set represents the steel production based on t",scraped_from_ilcd
d93dd983-089c-42a3-8906-3feb9930b3b9,,chemicals,processes/d93dd983-089c-42a3-8906-3feb9930b3b9.xml,1,kg,ROW,chemicals,,,"Foreground system:
The data set represents the steel productionbased on the main production steps w",scraped_from_ilcd
7a3506f9-8059-5352-a977-676c685c66b5,,chemicals,processes/7a3506f9-8059-5352-a977-676c685c66b5.xml,1,kg,GLO,chemicals,,,"This dataset consists of 2-5 layers water based glue lamination process mixture.

This dataset cover",scraped_from_ilcd
7a1a95e1-3b0e-5bf7-9955-9109b5cb76fc,,chemicals,processes/7a1a95e1-3b0e-5bf7-9955-9109b5cb76fc.xml,1,kg,GLO,chemicals,,,"This dataset covers rotogravure and flexo printing technologies with the mix of water based, solvent",scraped_from_ilcd
dbb94dff-cd06-5e02-8337-a70cfbfcd48d,,chemicals,processes/dbb94dff-cd06-5e02-8337-a70cfbfcd48d.xml,1,kg,SE,chemicals,,,The activity represents the average production of bleached chemical pulp following the acidic sulfit,scraped_from_ilcd
149e06ed-23b1-552d-b6df-8a08e073313a,,chemicals,processes/149e06ed-23b1-552d-b6df-8a08e073313a.xml,1,kg,SE,chemicals,,,The activity represents the average production of bleached chemical pulp following the acidic sulfit,scraped_from_ilcd
20e35bc3-e889-5a5a-af08-1a212138e1a4,,chemicals,processes/20e35bc3-e889-5a5a-af08-1a212138e1a4.xml,1,kg,GLO,chemicals,,,"In spraying application, the chemical is applied through spray bars. With controlled flow, the amoun",scraped_from_ilcd
99d3942b-b9f5-4f29-b6b9-c916b7d69cd6,,chemicals,processes/99d3942b-b9f5-4f29-b6b9-c916b7d69cd6.xml,1,kg,EU+EFTA+UK,chemicals,,,This process represents resin-specific environmental burdens associated with the production of secon,scraped_from_ilcd
9aa672ce-300d-5cba-8ccd-14813a1c2cba,,chemicals,processes/9aa672ce-300d-5cba-8ccd-14813a1c2cba.xml,1,kg,GLO,chemicals,,,"In this model, the baseline is formed by 30% knitted polyester fabric. The coating, which makes up 6",scraped_from_ilcd
775406ae-9126-5e7b-93f6-57414c408e6c,,chemicals,processes/775406ae-9126-5e7b-93f6-57414c408e6c.xml,1,kg,BR,chemicals,,,"This inventory is based on the ecoinvent 3.7.1 dataset  ""fibre production, cotton, ginning GLO"", adj",scraped_from_ilcd
61075261-1b12-5aa4-b41f-7202c5c53da4,,chemicals,processes/61075261-1b12-5aa4-b41f-7202c5c53da4.xml,1,kg,GLO,chemicals,,,"Coating is the application of polymer onto a textile as a paste, foam or viscous liquid. The applica",scraped_from_ilcd
a4dfbe75-b64a-4f14-b0b4-c46de3bf37bc,,chemicals,processes/a4dfbe75-b64a-4f14-b0b4-c46de3bf37bc.xml,1,kg,EU+EFTA+UK,chemicals,,,This process represents resin-specific environmental burdens associated with the production of secon,scraped_from_ilcd
1440b0f1-c9bc-4cb5-841e-548e5a418123,,chemicals,processes/1440b0f1-c9bc-4cb5-841e-548e5a418123.xml,1,kg,EU+EFTA+UK,chemicals,,,"Foreground system:

PVC production
PVC is produced by polymerisation of vinyl chloride monomer to",scraped_from_ilcd
bab29fe7-1cd0-5366-8714-74e705745608,,chemicals,processes/bab29fe7-1cd0-5366-8714-74e705745608.xml,1,kg,GLO,chemicals,,,"This dataset consists of 2-5 layers solvent based glue lamination process mixture.

Lamination proce",scraped_from_ilcd
4e650d12-7371-4919-a302-0c60869d97b9,,chemicals,processes/4e650d12-7371-4919-a302-0c60869d97b9.xml,1,kg,GLO,chemicals,,,"Foreground system:
The data set represents the ship production based on the material composition gi",scraped_from_ilcd
e7fcfedc-ba53-5ac8-9fe0-75d185c3e726,,chemicals,processes/e7fcfedc-ba53-5ac8-9fe0-75d185c3e726.xml,1,kg,EU+EFTA+UK,chemicals,,,Semi-chemical pulping is similar to chemical mechanical methods in that the material is first chemic,scraped_from_ilcd
4dbbe0a6-2163-5db3-aab6-45ee27d1ac31,,chemicals,processes/4dbbe0a6-2163-5db3-aab6-45ee27d1ac31.xml,1,kg,SE,chemicals,,,The activity represents the average production of bleached chemical pulp following the acidic sulfit,scraped_from_ilcd
2b2ef7e9-0c21-5812-8688-ef5bf303477e,,chemicals,processes/2b2ef7e9-0c21-5812-8688-ef5bf303477e.xml,1,kg,GLO,chemicals,,,"This dataset covers machine electricity consumption, solvent based PU adhesive, solvent emissions.

",scraped_from_ilcd
0ccda8b8-1b60-543e-a548-0a0799d2ffa9,,chemicals,processes/0ccda8b8-1b60-543e-a548-0a0799d2ffa9.xml,1,kg,EU+EFTA+UK,chemicals,,,"The dataset is based on general materials of construction, as well as the quantity of material pertr",scraped_from_ilcd
32a92520-3814-4311-b18b-28ca2790eb3f,,chemicals,processes/32a92520-3814-4311-b18b-28ca2790eb3f.xml,1,kg,EU+EFTA+UK,chemicals,,,"Foreground system:
The aluminium foil production is based on two technologies: direct strip casting",scraped_from_ilcd
f7e92658-c213-59e9-88df-f7bb956e9e3c,,chemicals,processes/f7e92658-c213-59e9-88df-f7bb956e9e3c.xml,1,kg,GLO,chemicals,,,"This data set is modelled as a mix of acid washing, enzyme washing, stone washing, and water-only wa",scraped_from_ilcd
3ad2c366-0bcf-5cb5-82e4-3d6e6a9f2637,,chemicals,processes/3ad2c366-0bcf-5cb5-82e4-3d6e6a9f2637.xml,1,kg,GLO,chemicals,,,"Coating is the application of polymer onto a textile as a paste, foam or viscous liquid. The applica",scraped_from_ilcd
ee73b92a-006b-53f9-94dd-0426bfb397d7,,chemicals,processes/ee73b92a-006b-53f9-94dd-0426bfb397d7.xml,1,kg,GLO,chemicals,,,"Coating is the application of polymer onto a textile as a paste, foam or viscous liquid. The applica",scraped_from_ilcd
ad9c1187-6845-5638-8b1a-31cacc2058b1,,chemicals,processes/ad9c1187-6845-5638-8b1a-31cacc2058b1.xml,1,kg,GLO,chemicals,,,Fluorochemical coatings dominate the stain repellency textile apparel market. Out of all existing te,scraped_from_ilcd
920ca75f-da5f-4c89-98cd-c191a6855be1,,chemicals,processes/920ca75f-da5f-4c89-98cd-c191a6855be1.xml,1,kg,GLO w/o EU+EFTA+UK,chemicals,,,"Foreground system:
Polystyrene is mainly produced by continuous polymerisation processes. Solvents ",scraped_from_ilcd
17344997-341b-5ee0-b1e6-340517352ab5,,chemicals,processes/17344997-341b-5ee0-b1e6-340517352ab5.xml,1,kg,GLO,chemicals,,,"This dataset consists of 2-5 layers water based glue lamination process mixture.

This dataset cover",scraped_from_ilcd
0e4c72c6-2775-54ef-b9d8-8eb903eef71a,,chemicals,processes/0e4c72c6-2775-54ef-b9d8-8eb903eef71a.xml,1,kg,GLO,chemicals,,,"This dataset covers machine electricity consumption, solvent based PU adhesive, solvent emissions.

",scraped_from_ilcd
9b39eb99-bc18-525e-a8a3-31b14805ad3c,,chemicals,processes/9b39eb99-bc18-525e-a8a3-31b14805ad3c.xml,1,kg,GLO,chemicals,,,"This dataset covers machine electricity consumption, solvent based PU adhesive, solvent emissions.

",scraped_from_ilcd
1669d945-2367-5aa9-ab3b-fbcdf1f4ed82,,chemicals,processes/1669d945-2367-5aa9-ab3b-fbcdf1f4ed82.xml,1,kg,GLO,chemicals,,,"In dope dyeing method, pigment is extruded along with the melted polymer so that the resulting yarn ",scraped_from_ilcd
b408aac7-fbc9-5c3d-88b7-aca5502e3945,,chemicals,processes/b408aac7-fbc9-5c3d-88b7-aca5502e3945.xml,1,kg,BR,chemicals,,,"This inventory is based on the ecoinvent 3.7.1 dataset  ""fibre production, cotton, ginning GLO"", adj",scraped_from_ilcd
c75fb862-0f70-4c53-9a4a-14a38dfef7f0,,chemicals,processes/c75fb862-0f70-4c53-9a4a-14a38dfef7f0.xml,1,kg,ROC,chemicals,,,This process represents resin-specific environmental burdens associated with the production of secon,scraped_from_ilcd
86b13816-ce8a-5a78-98c2-2c956cc7face,,chemicals,processes/86b13816-ce8a-5a78-98c2-2c956cc7face.xml,1,kg,GLO,chemicals,,,This process includes applying a layer of solvent or water-based primer with resin as its main compo,scraped_from_ilcd
de40e503-9f0b-57fe-8ee9-09ab5a08d15e,,chemicals,processes/de40e503-9f0b-57fe-8ee9-09ab5a08d15e.xml,1,kg,GLO,chemicals,,,"Chome dyes have acidic nature. Chromium salts (Na2Cr2O7, K2Cr2O7) are used for complex formation, th",scraped_from_ilcd
a8cb043b-1ecd-42bf-bba6-4016a3674e14,,chemicals,processes/a8cb043b-1ecd-42bf-bba6-4016a3674e14.xml,1,kg,GLO w/o EU+EFTA+UK,chemicals,,,"Foreground system:
Nitrile butadiene rubber NBR is produced by copolymerisation of acrylonitrile an",scraped_from_ilcd
1150d78c-fe17-5a10-b4b0-52675a726e9e,,chemicals,processes/1150d78c-fe17-5a10-b4b0-52675a726e9e.xml,1,kg,GLO,chemicals,,,"In dope dyeing method, pigment is extruded along with the melted polymer so that the resulting yarn ",scraped_from_ilcd
06d65811-4f63-53de-9aee-8e06c552c51c,,chemicals,processes/06d65811-4f63-53de-9aee-8e06c552c51c.xml,1,kg,GLO,chemicals,,,"This dataset consists of 2-5 layers water based glue lamination process mixture.

This dataset cover",scraped_from_ilcd
f1c6deb0-5f8a-52fe-a670-b507b40b711a,,chemicals,processes/f1c6deb0-5f8a-52fe-a670-b507b40b711a.xml,1,kg,GLO,chemicals,,,"Coating is the application of polymer onto a textile as a paste, foam or viscous liquid. The applica",scraped_from_ilcd
56fad5e9-814f-4041-845c-fdf51f320fd6,,chemicals,processes/56fad5e9-814f-4041-845c-fdf51f320fd6.xml,1,kg,EU+EFTA+UK,chemicals,,,"Foreground system:
Methacrylic acid and methyl methacrylate are the essential raw materials for pro",scraped_from_ilcd
185e28c5-6b7b-4d2a-93c6-5c5189254818,,chemicals,processes/185e28c5-6b7b-4d2a-93c6-5c5189254818.xml,1,kg,DE,chemicals,,,"Foreground system:
Expanded clay is an additive which requires specially suited clays with uniform ",scraped_from_ilcd
7049752f-3a39-5740-af3a-8663f36161d7,,chemicals,processes/7049752f-3a39-5740-af3a-8663f36161d7.xml,1,kg,EU+EFTA+UK,chemicals,,,The activity represents the average production of bleached chemical pulp following the acidic sulfit,scraped_from_ilcd
45945c25-5980-507b-abe4-4324a6740609,,chemicals,processes/45945c25-5980-507b-abe4-4324a6740609.xml,1,kg,GLO,chemicals,,,"This dataset covers machine electricity consumption, solvent based PU adhesive, solvent emissions.

",scraped_from_ilcd
55816347-78af-5110-90e0-cfe34689e87b,,chemicals,processes/55816347-78af-5110-90e0-cfe34689e87b.xml,1,kg,EU+EFTA+UK,chemicals,,,Liquid roll is a secondary coating application during carpet production. PVC polymer is coated to ca,scraped_from_ilcd
af8df8cf-20b3-5bce-bbdd-47ef4addf1cf,,chemicals,processes/af8df8cf-20b3-5bce-bbdd-47ef4addf1cf.xml,1,kg,GLO,chemicals,,,"This dataset consists of 2-5 layers solvent based glue lamination process mixture.

Lamination proce",scraped_from_ilcd
2b909672-508c-4199-9e9b-79ce2fb44e17,,chemicals,processes/2b909672-508c-4199-9e9b-79ce2fb44e17.xml,1,kg,GLO,chemicals,,,"Foreground system:

Primary gold:
The use of water-based solutions to extract and recover metals ",scraped_from_ilcd
5ce30a5a-5178-5a78-9a82-8b6dc16116cc,,chemicals,processes/5ce30a5a-5178-5a78-9a82-8b6dc16116cc.xml,1,kg,GLO,chemicals,,,The hot cutting knife would melts the polymer filaments of the synthetic fabric precisely. Hot knife,scraped_from_ilcd
e2a929b3-abba-430f-b199-7a83944a936e,,chemicals,processes/e2a929b3-abba-430f-b199-7a83944a936e.xml,1,kg,EU+EFTA+UK,chemicals,,,This process represents resin-specific environmental burdens associated with the production of secon,scraped_from_ilcd
ed513cd6-73cd-59ba-81c1-37e87c4dfd8f,,chemicals,processes/ed513cd6-73cd-59ba-81c1-37e87c4dfd8f.xml,1,kg,GLO,chemicals,,,"In spraying application, the chemical is applied through spray bars. With controlled flow, the amoun",scraped_from_ilcd
2c94f6ed-61b4-545e-afca-7c440ce99a91,,chemicals,processes/2c94f6ed-61b4-545e-afca-7c440ce99a91.xml,1,kg,GLO,chemicals,,,Fluorochemical coatings dominate the stain repellency textile apparel market. Out of all existing te,scraped_from_ilcd
455ea85d-0ca1-5185-970e-82757b520e85,,chemicals,processes/455ea85d-0ca1-5185-970e-82757b520e85.xml,1,kg,GLO,chemicals,,,"There are various methods of desizing including enzymatic desizing, oxidative desizing, acid steepin",scraped_from_ilcd
2ee38a88-2a0c-5ae7-890c-2eeaa4c4d663,,chemicals,processes/2ee38a88-2a0c-5ae7-890c-2eeaa4c4d663.xml,1,kg,GLO,chemicals,,,"Coating is the application of polymer onto a textile as a paste, foam or viscous liquid. The applica",scraped_from_ilcd
80fc2d92-1218-5048-9246-716a4e116952,,chemicals,processes/80fc2d92-1218-5048-9246-716a4e116952.xml,1,kg,GLO,chemicals,,,"This dataset covers rotogravure and flexo printing technologies with the mix of water based, solvent",scraped_from_ilcd
837bd1b5-0b0d-57aa-9e95-235db17e5f34,,chemicals,processes/837bd1b5-0b0d-57aa-9e95-235db17e5f34.xml,1,kg,GLO,chemicals,,,"Coating is the application of polymer onto a textile as a paste, foam or viscous liquid. The applica",scraped_from_ilcd
088694a2-adf8-5a91-b47d-7342b6b8304a,,chemicals,processes/088694a2-adf8-5a91-b47d-7342b6b8304a.xml,1,kg,GLO,chemicals,,,"The usual techniques for applying a coating on solvent or water basis are the so-called ""knife-over-",scraped_from_ilcd
4c87e625-e77e-50cf-8c12-930a67339ed0,,chemicals,processes/4c87e625-e77e-50cf-8c12-930a67339ed0.xml,1,kg,GLO,chemicals,,,This process includes applying a layer of solvent or water-based primer with resin as its main compo,scraped_from_ilcd
c2b707af-8e61-463f-af31-5d503a9b9dd7,,chemicals,processes/c2b707af-8e61-463f-af31-5d503a9b9dd7.xml,1,kg,GLO,chemicals,,,"Foreground system:
PVF is produced by emulsion polymerization of vinyl fluoride. The reaction takes",scraped_from_ilcd
5aab6014-ae68-569f-bdce-96b092d7d3da,,chemicals,processes/5aab6014-ae68-569f-bdce-96b092d7d3da.xml,1,kg,EU+EFTA+UK,chemicals,,,Semi-chemical pulping is similar to chemical mechanical methods in that the material is first chemic,scraped_from_ilcd
3d0b3ecb-ad76-5135-bdba-4b077c0fdd4a,,chemicals,processes/3d0b3ecb-ad76-5135-bdba-4b077c0fdd4a.xml,1,kg,GLO,chemicals,,,"Coating is the application of polymer onto a textile as a paste, foam or viscous liquid. The applica",scraped_from_ilcd
ff2f10c4-987d-5eb9-a4ae-6bb1fe00a815,,chemicals,processes/ff2f10c4-987d-5eb9-a4ae-6bb1fe00a815.xml,1,kg,GLO,chemicals,,,"This dataset covers rotogravure and flexo printing technologies with the mix of water based, solvent",scraped_from_ilcd
982c45d8-e66d-5d3b-9a95-6327a0c9d721,,chemicals,processes/982c45d8-e66d-5d3b-9a95-6327a0c9d721.xml,1,kg,GLO,chemicals,,,"A molten material, normally a polymer, is forced into the cavity of a mold. This is managed because ",scraped_from_ilcd
296f6083-9ac2-42a1-a9a0-78357d49be1e,,chemicals,processes/296f6083-9ac2-42a1-a9a0-78357d49be1e.xml,1,kg,EU+EFTA+UK,chemicals,,,"Foreground system:
Nitrile butadiene rubber NBR is produced by copolymerisation of acrylonitrile an",scraped_from_ilcd
dd165bf7-ad08-504f-bdd1-8dbddf181af7,,chemicals,processes/dd165bf7-ad08-504f-bdd1-8dbddf181af7.xml,1,kg,GLO,chemicals,,,"Microfibers are produced by melt spinning. In melt spinning, thermoplastic polymer granules are fed ",scraped_from_ilcd
4e547e83-0468-55eb-8531-1e2ae9035aed,,chemicals,processes/4e547e83-0468-55eb-8531-1e2ae9035aed.xml,1,kg,GLO,chemicals,,,"In continuous foam processing, the chemicals or dyes are formulated with a foaming agent in a more c",scraped_from_ilcd
3bc4d696-e1ed-4ac8-b275-0630500e976c,,chemicals,processes/3bc4d696-e1ed-4ac8-b275-0630500e976c.xml,1,kg,EU+EFTA+UK,chemicals,,,"Foreground system:
This film consists of polyethylene and ethylene vinyl alcohol copolymer. The fir",scraped_from_ilcd
ad1290e5-629d-531d-9aaf-06fcbfeb06e8,,chemicals,processes/ad1290e5-629d-531d-9aaf-06fcbfeb06e8.xml,1,kg,GLO,chemicals,,,Fluorochemical coatings dominate the stain repellency textile apparel market. Out of all existing te,scraped_from_ilcd
b12ac51e-389c-4b2d-a64d-d14c837ea2d6,,chemicals,processes/b12ac51e-389c-4b2d-a64d-d14c837ea2d6.xml,1,kg,EU+EFTA+UK,chemicals,,,"Foreground system:
The beverage carton production process consists of polymer extrusion, lamination",scraped_from_ilcd
5d1f74c2-1ff8-4100-b930-06b5adc88506,,chemicals,processes/5d1f74c2-1ff8-4100-b930-06b5adc88506.xml,1,kg,EU+EFTA+UK,chemicals,,,"Foreground system:

Polystyrene production
Polystyrene is mainly produced by continuous polymeris",scraped_from_ilcd
7043fa62-4f0f-542e-90da-42f48affd330,,chemicals,processes/7043fa62-4f0f-542e-90da-42f48affd330.xml,1,kg,GLO,chemicals,,,"The model is based on Flexible rubber Foam (Polyurethane) production, the energy and infrastructure ",scraped_from_ilcd
2a2da23b-a871-51ec-9cd4-89e6f677b380,,chemicals,processes/2a2da23b-a871-51ec-9cd4-89e6f677b380.xml,1,kg,BR,chemicals,,,"This inventory is based on the ecoinvent 3.7.1 dataset  ""fibre production, cotton, ginning GLO"", adj",scraped_from_ilcd
6b4ad152-9075-5821-a164-eb8a3977ee26,,chemicals,processes/6b4ad152-9075-5821-a164-eb8a3977ee26.xml,1,kg,GLO,chemicals,,,"Vulcanizing is the process of being more durable, using the help of chemicals (in this model, sulphu",scraped_from_ilcd
727791d0-2bd6-5193-9645-d2442009a4d6,,chemicals,processes/727791d0-2bd6-5193-9645-d2442009a4d6.xml,1,kg,GLO,chemicals,,,Some waterproof sprays are sillicone based and it is good for all types of shoes. Before applying wa,scraped_from_ilcd
34ef2d85-7260-5953-9a19-d6b1c33c39ae,,chemicals,processes/34ef2d85-7260-5953-9a19-d6b1c33c39ae.xml,1,kg,GLO,chemicals,,,"Microfibers are produced by melt spinning. In melt spinning, thermoplastic polymer granules are fed ",scraped_from_ilcd
c8f442ea-3062-57a6-9f06-2197712ef6e1,,chemicals,processes/c8f442ea-3062-57a6-9f06-2197712ef6e1.xml,1,kg,GLO,chemicals,,,"A molten material, normally a polymer, is forced into the cavity of a mold. This is managed because ",scraped_from_ilcd
cedfc884-4690-4f56-a190-2181997500bf,,chemicals,processes/cedfc884-4690-4f56-a190-2181997500bf.xml,1,kg,GLO w/o EU+EFTA+UK,chemicals,,,"Foreground system:
PVDC is produced by the polymerization of vinylidene chloride. The reaction temp",scraped_from_ilcd
9d2754ad-5813-47e0-9803-87b437a75ee7,,chemicals,processes/9d2754ad-5813-47e0-9803-87b437a75ee7.xml,1,kg,EU+EFTA+UK,chemicals,,,"Foreground system:
Steel sheet production
The data set represents the steel production based on th",scraped_from_ilcd
1feb1dc2-7bf1-5114-bbbb-038942f5c2ff,,chemicals,processes/1feb1dc2-7bf1-5114-bbbb-038942f5c2ff.xml,1,kg,EU+EFTA+UK,chemicals,,,Liquid roll is a secondary coating application during carpet production. PVC polymer is coated to ca,scraped_from_ilcd
76cee091-50ca-5c15-a70c-d65152fada93,,chemicals,processes/76cee091-50ca-5c15-a70c-d65152fada93.xml,1,kg,GLO,chemicals,,,"In melt spinning, thermoplastic polymer granules are fed into an extruder and then the polymer melt ",scraped_from_ilcd
011fffa2-7da2-5a7a-b16f-6f5bf2b61fe5,,chemicals,processes/011fffa2-7da2-5a7a-b16f-6f5bf2b61fe5.xml,1,kg,GLO,chemicals,,,"In melt spinning, thermoplastic polymer granules are fed into an extruder and then the polymer melt ",scraped_from_ilcd
e053e84c-1c12-4b1a-91fa-ff58ee12728b,,chemicals,processes/e053e84c-1c12-4b1a-91fa-ff58ee12728b.xml,1,kg,DE,chemicals,,,"Foreground system:
Radical polymerisation of tetrafluorethylene is initiated by an aqueous agent. T",scraped_from_ilcd
