uuid,dataset_name,process_type,lci_file,fu_amount,fu_unit,region,classification,kg_per_m2,temp_c,technology,notes
0ee9a2c6-78a3-4605-97f5-d9e71e67e8a7,,energy,processes/0ee9a2c6-78a3-4605-97f5-d9e71e67e8a7.xml,1,kg,SE,energy,,,"Foreground system:
The electricity is either produced in a natural gasl specific power plants and/o",scraped_from_ilcd
4f1ece6c-9fec-4c3d-b991-253ef79f6e46,,energy,processes/4f1ece6c-9fec-4c3d-b991-253ef79f6e46.xml,1,kg,ROW,energy,,,"Foreground system:
The thermal energy is produced in light fuel oil (LFO) specific heat plants. Als",scraped_from_ilcd
d412a126-3cec-4f0c-b01f-62d661255673,,energy,processes/d412a126-3cec-4f0c-b01f-62d661255673.xml,1,kg,SK,energy,,,"Foreground system:
The hydro power plant model consists of three sub-models: These sub-models are: ",scraped_from_ilcd
1b90c100-011c-45c3-be66-97c23d85b54f,,energy,processes/1b90c100-011c-45c3-be66-97c23d85b54f.xml,1,kg,SI,energy,,,"Foreground system:
The model comprises the production of electricity from a mix of pressure water (",scraped_from_ilcd
ed3651ed-38fa-4468-a22a-62e30bf028e7,,energy,processes/ed3651ed-38fa-4468-a22a-62e30bf028e7.xml,1,kg,HU,energy,,,"Foreground system:
The electricity is either produced in a hard coal specific power plants and/or c",scraped_from_ilcd
228597ec-9ee1-41ff-bade-f035904601f1,,energy,processes/228597ec-9ee1-41ff-bade-f035904601f1.xml,1,kg,FI,energy,,,"Foreground system:
The national or regional specific electricity consumption mix is provided by the",scraped_from_ilcd
60f9b2d4-be69-4edf-8827-8c3153b01d82,,energy,processes/60f9b2d4-be69-4edf-8827-8c3153b01d82.xml,1,kg,IE,energy,,,"Foreground system:
The electricity is either produced in a biogas specific power plants and/or comb",scraped_from_ilcd
9bf6d691-e630-4bb0-b091-5c935f762f8a,,energy,processes/9bf6d691-e630-4bb0-b091-5c935f762f8a.xml,1,kg,RAS w/o CN,energy,,,"Foreground system:
The model represents the country specific mix of different types of biogas. Thre",scraped_from_ilcd
df396074-f171-5416-9281-8477cfaabb8c,,energy,processes/df396074-f171-5416-9281-8477cfaabb8c.xml,1,kg,WORLD (WITHOUT EU+EFTA+UK),energy,,,Pulp is produced in a thermomechanical process where wood particles are softened by steam before ent,scraped_from_ilcd
602a3d96-4f85-4127-9262-a087ce244532,,energy,processes/602a3d96-4f85-4127-9262-a087ce244532.xml,1,kg,EU+EFTA+UK,energy,,,"Mass and material composition of corresponding production dataset used, energy used for dismantling ",scraped_from_ilcd
6c10d9e1-95b1-4c1f-a101-3ba37a7a0a82,,energy,processes/6c10d9e1-95b1-4c1f-a101-3ba37a7a0a82.xml,1,kg,ROW,energy,,,"Foreground system:
The process steam is produced in hard coal specific heat plants. Also considered",scraped_from_ilcd
0860b436-54d7-4101-8077-b8a3b778b0f0,,energy,processes/0860b436-54d7-4101-8077-b8a3b778b0f0.xml,1,kg,IN,energy,,,"Foreground system:
The model comprises the production of electricity from a mix of pressure water (",scraped_from_ilcd
b420aac8-c747-50fc-9369-6f3dfab3fc5c,,energy,processes/b420aac8-c747-50fc-9369-6f3dfab3fc5c.xml,1,kg,EU+EFTA+UK,energy,,,Pulp is produced in a thermomechanical process where wood particles are softened by steam before ent,scraped_from_ilcd
f498f98d-f763-5b99-9b89-395d8bbeb854,,energy,processes/f498f98d-f763-5b99-9b89-395d8bbeb854.xml,1,kg,EU+EFTA+UK,energy,,,Pulp is produced in a thermomechanical process where wood particles are softened by steam before ent,scraped_from_ilcd
16c69e7a-6d53-50ae-aafb-1a8e59ea4718,,energy,processes/16c69e7a-6d53-50ae-aafb-1a8e59ea4718.xml,1,kg,ES,energy,,,"System boundaries include olive farming, olive oil extraction with pomace as a co-product and pomace",scraped_from_ilcd
de6fd3f7-662e-44fa-82e1-6032aaf75c05,,energy,processes/de6fd3f7-662e-44fa-82e1-6032aaf75c05.xml,1,kg,RO,energy,,,"Foreground system:
The electricity is either produced in a biomass (solid) specific power plants an",scraped_from_ilcd
85bf6aa6-9c22-43f9-9626-37690e31fc74,,energy,processes/85bf6aa6-9c22-43f9-9626-37690e31fc74.xml,1,kg,SE,energy,,,"Foreground system:
The electricity is either produced in a biomass (solid) specific power plants an",scraped_from_ilcd
cc8ee5f1-84b3-4e04-bae3-6a531aafb606,,energy,processes/cc8ee5f1-84b3-4e04-bae3-6a531aafb606.xml,1,kg,EU+EFTA+UK,energy,,,"Foreground system:

PE production
The basis for the production of polyethylene is crude oil. Ther",scraped_from_ilcd
709bf23c-880b-5b5f-907f-9353f354da88,,energy,processes/709bf23c-880b-5b5f-907f-9353f354da88.xml,1,kg,GLO,energy,,,"System boundaries include olive farming, olive oil extraction with pomace as a co-product and pomace",scraped_from_ilcd
255e0de8-c536-417f-96a6-8249d74381c3,,energy,processes/255e0de8-c536-417f-96a6-8249d74381c3.xml,1,kg,FR,energy,,,"Foreground system:
The electricity is either produced in a natural gasl specific power plants and/o",scraped_from_ilcd
ba60aedf-3331-4837-b6b7-b47cfbf5aa65,,energy,processes/ba60aedf-3331-4837-b6b7-b47cfbf5aa65.xml,1,kg,BR,energy,,,"Foreground system:
The electricity is either produced in a heavy fuel oil (HFO) specific power plan",scraped_from_ilcd
37c003c4-bdc9-401f-8ac0-9d9f8635fc73,,energy,processes/37c003c4-bdc9-401f-8ac0-9d9f8635fc73.xml,1,kg,CN,energy,,,"Foreground system:
The model represents the country specific mix of different types of biogas. Thre",scraped_from_ilcd
95b88740-a3ba-448f-b059-c6ef4c429f31,,energy,processes/95b88740-a3ba-448f-b059-c6ef4c429f31.xml,1,kg,EU+EFTA+UK,energy,,,"Mass and material composition of corresponding production dataset used, energy used for dismantling ",scraped_from_ilcd
e66d6951-1b16-4a9f-9e1c-e6fe8d86fec0,,energy,processes/e66d6951-1b16-4a9f-9e1c-e6fe8d86fec0.xml,1,kg,HR,energy,,,"Foreground system:
The electricity is either produced in a lignite specific power plants and/or com",scraped_from_ilcd
5f749866-d6bb-4b33-9201-9faf72ead7a7,,energy,processes/5f749866-d6bb-4b33-9201-9faf72ead7a7.xml,1,kg,SI,energy,,,"Foreground system:
The electricity is either produced in a heavy fuel oil (HFO) specific power plan",scraped_from_ilcd
bae5708d-8e1c-4763-8e99-147d56240c63,,energy,processes/bae5708d-8e1c-4763-8e99-147d56240c63.xml,1,kg,HR,energy,,,"Foreground system:
The electricity is either produced in a biogas specific power plants and/or comb",scraped_from_ilcd
935554cd-f7a8-47c4-8aa6-a31275e80e3c,,energy,processes/935554cd-f7a8-47c4-8aa6-a31275e80e3c.xml,1,kg,RO,energy,,,"Foreground system:
The hydro power plant model consists of three sub-models: These sub-models are: ",scraped_from_ilcd
d0ba131d-08f8-515e-9556-6628a7bc9afc,,energy,processes/d0ba131d-08f8-515e-9556-6628a7bc9afc.xml,1,kg,ES,energy,,,"System boundaries include olive farming, olive oil extraction with pomace as a co-product and pomace",scraped_from_ilcd
34960d4d-af62-43a0-aa76-adc5fcf57246,,energy,processes/34960d4d-af62-43a0-aa76-adc5fcf57246.xml,1,kg,EU+EFTA+UK,energy,,,"Foreground system:
The national or regional specific electricity consumption mix is provided by the",scraped_from_ilcd
1eb05388-b42b-493a-9db0-d055fc5744c0,,energy,processes/1eb05388-b42b-493a-9db0-d055fc5744c0.xml,1,kg,CZ,energy,,,"Foreground system:
The electricity is either produced in a hard coal specific power plants and/or c",scraped_from_ilcd
1c9bc5da-74e2-4321-9090-630bb0c9fbae,,energy,processes/1c9bc5da-74e2-4321-9090-630bb0c9fbae.xml,1,kg,RO,energy,,,"Foreground system:
The electricity is either produced in a heavy fuel oil (HFO) specific power plan",scraped_from_ilcd
04b22095-6108-42f8-ac19-22c870000685,,energy,processes/04b22095-6108-42f8-ac19-22c870000685.xml,1,kg,CH,energy,,,"Foreground system:
The electricity is either produced in a biogas specific power plants and/or comb",scraped_from_ilcd
8d78bf3b-674b-4216-8ef1-fb77f56e8d5d,,energy,processes/8d78bf3b-674b-4216-8ef1-fb77f56e8d5d.xml,1,kg,NZ,energy,,,"Foreground system:
The electricity is either produced in a biogas specific power plants and/or comb",scraped_from_ilcd
bb88bc30-41c3-4f47-bc5d-f3bc2e3d2c02,,energy,processes/bb88bc30-41c3-4f47-bc5d-f3bc2e3d2c02.xml,1,kg,RU,energy,,,"Foreground system:
The electricity is either produced in a heavy fuel oil (HFO) specific power plan",scraped_from_ilcd
685ea147-f932-42c6-98d2-a2f020b5fd0c,,energy,processes/685ea147-f932-42c6-98d2-a2f020b5fd0c.xml,1,kg,BR,energy,,,"Foreground system:
The model comprises the production of electricity from a mix of pressure water (",scraped_from_ilcd
ce16730b-4ab6-443b-a195-2e17c4517d1a,,energy,processes/ce16730b-4ab6-443b-a195-2e17c4517d1a.xml,1,kg,AU,energy,,,"Foreground system:
The electricity is either produced in a hard coal specific power plants and/or c",scraped_from_ilcd
1504e736-d004-435a-9aed-74dfe99dc781,,energy,processes/1504e736-d004-435a-9aed-74dfe99dc781.xml,1,kg,FI,energy,,,"Foreground system:
The electricity is either produced in a hard coal specific power plants and/or c",scraped_from_ilcd
23509c82-22c7-4592-9570-1cd0e04d7c0f,,energy,processes/23509c82-22c7-4592-9570-1cd0e04d7c0f.xml,1,kg,GLO,energy,,,"Foreground system:

This dataset describes open-pit mining.

Open- pit mining
Coal is extracted",scraped_from_ilcd
05d66d59-c55f-4533-ba1a-31d4e271a566,,energy,processes/05d66d59-c55f-4533-ba1a-31d4e271a566.xml,1,kg,EU+EFTA+UK,energy,,,"Foreground system:
The model represents the country specific mix of different types of biogas. Thre",scraped_from_ilcd
21d36d55-be79-4824-a203-7dbf2b36bcd3,,energy,processes/21d36d55-be79-4824-a203-7dbf2b36bcd3.xml,1,kg,DE,energy,,,"Foreground system:
The hydro power plant model consists of three sub-models: These sub-models are: ",scraped_from_ilcd
026fe674-f90d-5928-b407-e21dc569b128,,energy,processes/026fe674-f90d-5928-b407-e21dc569b128.xml,1,kg,EU+EFTA+UK,energy,,,"Simliar to iron, garment steamer can be adjusted to the suitable temperature of the garment. In garm",scraped_from_ilcd
a9335eaf-2cc9-4700-bc13-785dfd91d8cc,,energy,processes/a9335eaf-2cc9-4700-bc13-785dfd91d8cc.xml,1,kg,RU,energy,,,"Foreground system:
The electricity is either produced in a coal gas specific power plants and/or co",scraped_from_ilcd
6242422d-477b-4e9d-9a51-816ece1b86f3,,energy,processes/6242422d-477b-4e9d-9a51-816ece1b86f3.xml,1,kg,PL,energy,,,"Foreground system:
The electricity is either produced in a heavy fuel oil (HFO) specific power plan",scraped_from_ilcd
04676448-9e3e-41bc-b227-f082a8ccc602,,energy,processes/04676448-9e3e-41bc-b227-f082a8ccc602.xml,1,kg,ES,energy,,,"Foreground system:
The hydro power plant model consists of three sub-models: These sub-models are: ",scraped_from_ilcd
d2131de9-f838-4322-80fa-b3e8ce3d8261,,energy,processes/d2131de9-f838-4322-80fa-b3e8ce3d8261.xml,1,kg,BG,energy,,,"Foreground system:
The electricity is either produced in a biomass (solid) specific power plants an",scraped_from_ilcd
908f5f0c-de78-4ced-8a71-0fbd6c37c182,,energy,processes/908f5f0c-de78-4ced-8a71-0fbd6c37c182.xml,1,kg,RNA,energy,,,"Foreground system:
The electricity is either produced in a lignite specific power plants and/or com",scraped_from_ilcd
7bf9621f-2071-4e1d-8c10-eeb7bff08bfe,,energy,processes/7bf9621f-2071-4e1d-8c10-eeb7bff08bfe.xml,1,kg,EU+EFTA+UK,energy,,,"Mass and material composition of corresponding production dataset used, energy used for dismantling ",scraped_from_ilcd
646d61ac-1d33-4c2c-bc11-89dd1c829d1e,,energy,processes/646d61ac-1d33-4c2c-bc11-89dd1c829d1e.xml,1,kg,PL,energy,,,"Foreground system:
The national or regional specific electricity consumption mix is provided by the",scraped_from_ilcd
9772eabd-97b9-4a51-98f3-23002c8b4674,,energy,processes/9772eabd-97b9-4a51-98f3-23002c8b4674.xml,1,kg,SI,energy,,,"Foreground system:
The electricity is either produced in a hard coal specific power plants and/or c",scraped_from_ilcd
cb43a30b-9a97-501a-aa16-39bdf66b5773,,energy,processes/cb43a30b-9a97-501a-aa16-39bdf66b5773.xml,1,kg,GLO,energy,,,"In the cementing process, the outsole, midsole and the upper body or vamp are heated and  the respec",scraped_from_ilcd
92b76b95-f461-4c13-bfb4-20b41899aa71,,energy,processes/92b76b95-f461-4c13-bfb4-20b41899aa71.xml,1,kg,RU,energy,,,"Foreground system:
The electricity is either produced in a biomass (solid) specific power plants an",scraped_from_ilcd
a6c537ae-c15c-4802-b614-3ec30c2a7168,,energy,processes/a6c537ae-c15c-4802-b614-3ec30c2a7168.xml,1,kg,EU+EFTA+UK,energy,,,"Foreground system:

PP production
The basis for the production of polypropylene is crude oil. Pol",scraped_from_ilcd
fa433faf-53fe-4fd1-a6c7-40ded5eee307,,energy,processes/fa433faf-53fe-4fd1-a6c7-40ded5eee307.xml,1,kg,EU+EFTA+UK,energy,,,"Foreground system:

HDPE production
The basis for the production of polyethylene is crude oil. Th",scraped_from_ilcd
d8638cab-f500-4b6f-a997-adc37ffa13d4,,energy,processes/d8638cab-f500-4b6f-a997-adc37ffa13d4.xml,1,kg,RNA,energy,,,"Foreground system:

1. Rape seed oil methyl ester (RME)
The intensive cultivation of winter rape-",scraped_from_ilcd
33bb29f8-86e3-4ec0-bc2f-ead3fd1be16b,,energy,processes/33bb29f8-86e3-4ec0-bc2f-ead3fd1be16b.xml,1,kg,BG,energy,,,"Foreground system:
The electricity is either produced in a hard coal specific power plants and/or c",scraped_from_ilcd
1fd7e5fd-0464-46be-b289-52e4d074f4bb,,energy,processes/1fd7e5fd-0464-46be-b289-52e4d074f4bb.xml,1,kg,ROW,energy,,,"Foreground system:
The thermal energy is produced in hard coal specific heat plants. Also considere",scraped_from_ilcd
5686373e-d99c-41b9-abb6-c8d2033bfed2,,energy,processes/5686373e-d99c-41b9-abb6-c8d2033bfed2.xml,1,kg,DK,energy,,,"Foreground system:
The electricity is either produced in a biogas specific power plants and/or comb",scraped_from_ilcd
ad77d385-c453-596b-9558-927141668c57,,energy,processes/ad77d385-c453-596b-9558-927141668c57.xml,1,kg,EU+EFTA+UK,energy,,,"Simliar to iron, garment steamer can be adjusted to the suitable temperature of the garment. In garm",scraped_from_ilcd
b50b8aac-6d27-592b-b01c-e2b41273f447,,energy,processes/b50b8aac-6d27-592b-b01c-e2b41273f447.xml,1,kg,EU+EFTA+UK,energy,,,"Simliar to iron, garment steamer can be adjusted to the suitable temperature of the garment. In garm",scraped_from_ilcd
1191080d-950e-41c1-84bc-ec39f7658560,,energy,processes/1191080d-950e-41c1-84bc-ec39f7658560.xml,1,kg,GLO,energy,,,"Foreground system:
This dataset is based on a model of a coil miniature wound SDR. Electronic compo",scraped_from_ilcd
0f907f53-6f7d-5f3b-a16b-3b40c5da5393,,energy,processes/0f907f53-6f7d-5f3b-a16b-3b40c5da5393.xml,1,kg,EU+EFTA+UK,energy,,,"Simliar to iron, garment steamer can be adjusted to the suitable temperature of the garment. In garm",scraped_from_ilcd
446b8c18-677a-453e-a905-360796366951,,energy,processes/446b8c18-677a-453e-a905-360796366951.xml,1,kg,EU+EFTA+UK,energy,,,"Foreground system:

PP production
The basis for the production of polypropylene is crude oil. Pol",scraped_from_ilcd
1b7129c4-fc6f-47f2-afbe-578baf809443,,energy,processes/1b7129c4-fc6f-47f2-afbe-578baf809443.xml,1,kg,GB,energy,,,"Foreground system:
The electricity is either produced in a biomass (solid) specific power plants an",scraped_from_ilcd
5786e1ac-d17e-4ac3-8e0e-9849420b836a,,energy,processes/5786e1ac-d17e-4ac3-8e0e-9849420b836a.xml,1,kg,SK,energy,,,"Foreground system:
The electricity is either produced in a heavy fuel oil (HFO) specific power plan",scraped_from_ilcd
a6935344-8a4d-44a6-b17e-3e73bd73674e,,energy,processes/a6935344-8a4d-44a6-b17e-3e73bd73674e.xml,1,kg,CZ,energy,,,"Foreground system:
The electricity is either produced in a natural gasl specific power plants and/o",scraped_from_ilcd
36a32001-8816-401b-98da-3db8082d9d50,,energy,processes/36a32001-8816-401b-98da-3db8082d9d50.xml,1,kg,CN,energy,,,"Foreground system:
The country / region specific hard coal consumption mix, mix indigenous produced",scraped_from_ilcd
34211c77-659a-4f9e-aef0-dd5bccdf3596,,energy,processes/34211c77-659a-4f9e-aef0-dd5bccdf3596.xml,1,kg,NZ,energy,,,"Foreground system:
The national or regional specific electricity consumption mix is provided by the",scraped_from_ilcd
c89eb1f4-68ec-44c1-bc1b-569ba3e67c6a,,energy,processes/c89eb1f4-68ec-44c1-bc1b-569ba3e67c6a.xml,1,kg,RU,energy,,,"Foreground system:
The model comprises the production of electricity from a mix of pressure water (",scraped_from_ilcd
bd264844-3cfb-45ca-942f-6467c6b1e6c0,,energy,processes/bd264844-3cfb-45ca-942f-6467c6b1e6c0.xml,1,kg,NZ,energy,,,"Foreground system:
The electricity is either produced in a hard coal specific power plants and/or c",scraped_from_ilcd
b7bbe793-2acd-449f-8361-e60cf2514565,,energy,processes/b7bbe793-2acd-449f-8361-e60cf2514565.xml,1,kg,PT,energy,,,"Foreground system:
The hydro power plant model consists of three sub-models: These sub-models are: ",scraped_from_ilcd
6ca14ddb-7185-4b62-86d9-ad756746d75a,,energy,processes/6ca14ddb-7185-4b62-86d9-ad756746d75a.xml,1,kg,CA,energy,,,"Foreground system:
The electricity is either produced in a heavy fuel oil (HFO) specific power plan",scraped_from_ilcd
821f9912-be6d-43a2-8dcb-79ef07fa4dd0,,energy,processes/821f9912-be6d-43a2-8dcb-79ef07fa4dd0.xml,1,kg,HR,energy,,,"Foreground system:
The electricity is either produced in a heavy fuel oil (HFO) specific power plan",scraped_from_ilcd
fee644b2-5713-43af-b417-09997ba2f3c3,,energy,processes/fee644b2-5713-43af-b417-09997ba2f3c3.xml,1,kg,CN,energy,,,"Foreground system:
The electricity is either produced in a heavy fuel oil (HFO) specific power plan",scraped_from_ilcd
ed9ff563-ad7d-48d9-bcaa-00e91bfa573a,,energy,processes/ed9ff563-ad7d-48d9-bcaa-00e91bfa573a.xml,1,kg,HU,energy,,,"Foreground system:
The electricity is either produced in a biogas specific power plants and/or comb",scraped_from_ilcd
dbb4abce-c89b-4ace-9422-b1f6c533b3b4,,energy,processes/dbb4abce-c89b-4ace-9422-b1f6c533b3b4.xml,1,kg,PL,energy,,,"Foreground system:									
The electricity is either produced in a biomass (solid) specific power ",scraped_from_ilcd
5ba9ecd8-5b27-59e6-ab3e-703d5db115d4,,energy,processes/5ba9ecd8-5b27-59e6-ab3e-703d5db115d4.xml,1,kg,GLO,energy,,,Data represents waxing process. During waxing electricity and wax (paraffin) are consumed. Electrici,scraped_from_ilcd
54ab7af1-9559-4777-a135-795647293535,,energy,processes/54ab7af1-9559-4777-a135-795647293535.xml,1,kg,AU,energy,,,"Foreground system:
The electricity is either produced in a heavy fuel oil (HFO) specific power plan",scraped_from_ilcd
7ae889c7-c937-4876-a2e7-4b65da387348,,energy,processes/7ae889c7-c937-4876-a2e7-4b65da387348.xml,1,kg,RU,energy,,,"Foreground system:
The electricity is either produced in a hard coal specific power plants and/or c",scraped_from_ilcd
53e2a41b-3c5e-4b76-a8f4-79b9352c04a1,,energy,processes/53e2a41b-3c5e-4b76-a8f4-79b9352c04a1.xml,1,kg,EE,energy,,,"Foreground system:
The electricity is either produced in a heavy fuel oil (HFO) specific power plan",scraped_from_ilcd
2b9c1634-f315-49a7-8ee5-60c1615a8589,,energy,processes/2b9c1634-f315-49a7-8ee5-60c1615a8589.xml,1,kg,NO,energy,,,"Foreground system:
The electricity is either produced in a heavy fuel oil (HFO) specific power plan",scraped_from_ilcd
d67279fa-71b3-4f8e-9b6d-4060dae8bdd5,,energy,processes/d67279fa-71b3-4f8e-9b6d-4060dae8bdd5.xml,1,kg,RNA,energy,,,"Foreground system:
The national or regional specific electricity consumption mix is provided by the",scraped_from_ilcd
16f2d73c-0adb-55c0-a343-b539271ccebd,,energy,processes/16f2d73c-0adb-55c0-a343-b539271ccebd.xml,1,kg,IT,energy,,,"System boundaries include olive farming, olive oil extraction with pomace as a co-product and pomace",scraped_from_ilcd
fbf94657-0728-44ca-9f04-410ac6427463,,energy,processes/fbf94657-0728-44ca-9f04-410ac6427463.xml,1,kg,BR,energy,,,"Foreground system:
The electricity is either produced in a biomass (solid) specific power plants an",scraped_from_ilcd
b2e8b5a9-ac00-4d3a-a180-e52fe73e29fd,,energy,processes/b2e8b5a9-ac00-4d3a-a180-e52fe73e29fd.xml,1,kg,EU+EFTA+UK,energy,,,"Foreground system:
The thermal energy is produced in lignite specific heat plants. Also considered ",scraped_from_ilcd
1c6167fd-164b-4e57-aa44-0963262b336d,,energy,processes/1c6167fd-164b-4e57-aa44-0963262b336d.xml,1,kg,RU,energy,,,"Foreground system:
The country / region specific hard coal consumption mix, mix indigenous produced",scraped_from_ilcd
807841e8-2e43-44da-b66b-8ac9931614df,,energy,processes/807841e8-2e43-44da-b66b-8ac9931614df.xml,1,kg,IN,energy,,,"Foreground system:
The electricity is either produced in a heavy fuel oil (HFO) specific power plan",scraped_from_ilcd
76f9db0f-f96b-5897-9b42-16647f391434,,energy,processes/76f9db0f-f96b-5897-9b42-16647f391434.xml,1,kg,WORLD (WITHOUT EU+EFTA+UK),energy,,,Pulp is produced in a thermomechanical process where wood particles are softened by steam before ent,scraped_from_ilcd
45657551-8e70-4954-bd7e-63069ba92540,,energy,processes/45657551-8e70-4954-bd7e-63069ba92540.xml,1,kg,RNA,energy,,,"Foreground system:
The electricity is either produced in a natural gasl specific power plants and/o",scraped_from_ilcd
99171b3a-9102-5d8e-b337-ee9ae1c0edbe,,energy,processes/99171b3a-9102-5d8e-b337-ee9ae1c0edbe.xml,1,kg,GLO,energy,,,"In the cementing process, the outsole, midsole and the upper body or vamp are heated and  the respec",scraped_from_ilcd
edcbca49-4c87-4cea-a245-b4d138df36d6,,energy,processes/edcbca49-4c87-4cea-a245-b4d138df36d6.xml,1,kg,IN,energy,,,"Foreground system:
The model represents the country specific mix of different types of biogas. Thre",scraped_from_ilcd
322f3bc1-d172-5cde-a40c-577213f0d5c2,,energy,processes/322f3bc1-d172-5cde-a40c-577213f0d5c2.xml,1,kg,GLO,energy,,,"System boundaries include olive farming, olive oil extraction with pomace as a co-product and pomace",scraped_from_ilcd
8fd7e8d4-8d3c-4aea-a454-80266e048d18,,energy,processes/8fd7e8d4-8d3c-4aea-a454-80266e048d18.xml,1,kg,BG,energy,,,"Foreground system:
The model comprises the production of electricity from a mix of pressure water (",scraped_from_ilcd
1554bdfc-2dde-4921-8130-d88c45c43067,,energy,processes/1554bdfc-2dde-4921-8130-d88c45c43067.xml,1,kg,MT,energy,,,"Foreground system:
The electricity is either produced in a heavy fuel oil (HFO) specific power plan",scraped_from_ilcd
8cb63b2a-217f-4863-9848-42f4de048403,,energy,processes/8cb63b2a-217f-4863-9848-42f4de048403.xml,1,kg,CH,energy,,,"Foreground system:
The electricity is either produced in a natural gasl specific power plants and/o",scraped_from_ilcd
2b103975-4c34-5331-9452-6baee5acd291,,energy,processes/2b103975-4c34-5331-9452-6baee5acd291.xml,1,kg,GLO,energy,,,"Compression molding is a method of molding in which the molding material, generally preheated, is fi",scraped_from_ilcd
2462904c-2eeb-44fb-bddc-fc8019cf64dc,,energy,processes/2462904c-2eeb-44fb-bddc-fc8019cf64dc.xml,1,kg,RAS w/o CN,energy,,,"Foreground system:
The electricity is either produced in a lignite specific power plants and/or com",scraped_from_ilcd
3560ecec-24da-45b6-a0fb-9e98bfa44a30,,energy,processes/3560ecec-24da-45b6-a0fb-9e98bfa44a30.xml,1,kg,NL,energy,,,"Foreground system:
The electricity is either produced in a biomass (solid) specific power plants an",scraped_from_ilcd
b20160b6-de3a-466c-8243-6074e7e2d43b,,energy,processes/b20160b6-de3a-466c-8243-6074e7e2d43b.xml,1,kg,IN,energy,,,"Foreground system:
The electricity is either produced in a lignite specific power plants and/or com",scraped_from_ilcd
40577c6d-6566-471f-8f9c-a54a6c91a5eb,,energy,processes/40577c6d-6566-471f-8f9c-a54a6c91a5eb.xml,1,kg,JP,energy,,,"Foreground system:
The model comprises the production of electricity from a mix of pressure water (",scraped_from_ilcd
2c47b887-e5b2-4bb9-9a7e-0df522bf441e,,energy,processes/2c47b887-e5b2-4bb9-9a7e-0df522bf441e.xml,1,kg,HR,energy,,,"Foreground system:
The hydro power plant model consists of three sub-models: These sub-models are: ",scraped_from_ilcd
99f42915-73a4-55f6-bc18-0758f095cee6,,energy,processes/99f42915-73a4-55f6-bc18-0758f095cee6.xml,1,kg,GLO,energy,,,"Includes:
- Electrical energy (grid mix based on production of plastic coated texitiles, OEC, 2019)
",scraped_from_ilcd
b007ed20-1ac2-4b90-bdb0-3e9ffc217106,,energy,processes/b007ed20-1ac2-4b90-bdb0-3e9ffc217106.xml,1,kg,BR,energy,,,"Foreground system:
The electricity is either produced in a biogas specific power plants and/or comb",scraped_from_ilcd
0928c23d-aecc-47eb-abc2-e561543a9d46,,energy,processes/0928c23d-aecc-47eb-abc2-e561543a9d46.xml,1,kg,FI,energy,,,"Foreground system:
The electricity is either produced in a lignite specific power plants and/or com",scraped_from_ilcd
30e9a2c0-4686-477b-8880-52a10bfd1ee2,,energy,processes/30e9a2c0-4686-477b-8880-52a10bfd1ee2.xml,1,kg,BE,energy,,,"Foreground system:
The electricity is either produced in a coal gas specific power plants and/or co",scraped_from_ilcd
fa35c36d-8c1e-4654-b0f4-a984d71ba4d1,,energy,processes/fa35c36d-8c1e-4654-b0f4-a984d71ba4d1.xml,1,kg,GB,energy,,,"Foreground system:
The electricity is either produced in a biogas specific power plants and/or comb",scraped_from_ilcd
20f76498-3970-419f-8195-02fd83621c8f,,energy,processes/20f76498-3970-419f-8195-02fd83621c8f.xml,1,kg,CA,energy,,,"Foreground system:
The electricity is either produced in a biogas specific power plants and/or comb",scraped_from_ilcd
845902fc-4721-4283-8970-ce2a221c0448,,energy,processes/845902fc-4721-4283-8970-ce2a221c0448.xml,1,kg,BE,energy,,,"Foreground system:
The electricity is either produced in a hard coal specific power plants and/or c",scraped_from_ilcd
6f5cd53e-30ca-416b-bf6f-df8d4ec8f5e7,,energy,processes/6f5cd53e-30ca-416b-bf6f-df8d4ec8f5e7.xml,1,kg,NO,energy,,,"Foreground system:
The hydro power plant model consists of three sub-models: These sub-models are: ",scraped_from_ilcd
efa44568-cc60-4304-8863-c2968333b487,,energy,processes/efa44568-cc60-4304-8863-c2968333b487.xml,1,kg,EU+EFTA+UK,energy,,,"Foreground system:

PEHD production
The basis for the production of polyethylene is crude oil. Th",scraped_from_ilcd
6358c595-ae36-4664-97cd-d9af0a35e295,,energy,processes/6358c595-ae36-4664-97cd-d9af0a35e295.xml,1,kg,IN,energy,,,"Foreground system:
The electricity is either produced in a biogas specific power plants and/or comb",scraped_from_ilcd
2e7f9cb1-2d86-4ff8-9600-d022f39171aa,,energy,processes/2e7f9cb1-2d86-4ff8-9600-d022f39171aa.xml,1,kg,ROW,energy,,,"Foreground system:
The thermal energy is produced in heavy fuel oil (HFO) specific heat plants. Als",scraped_from_ilcd
2e8bee44-f13b-4622-9af3-74954af8acea,,energy,processes/2e8bee44-f13b-4622-9af3-74954af8acea.xml,1,kg,EU+EFTA+UK,energy,,,"Foreground system:
The process steam is produced in natural gas specific heat plants. Also consider",scraped_from_ilcd
cabaea00-c632-5c07-a269-7cfd1120ec8c,,energy,processes/cabaea00-c632-5c07-a269-7cfd1120ec8c.xml,1,kg,GLO,energy,,,"Polyurethane foam is made by reacting diisocyanates with polyols, both of them derived from oil, and",scraped_from_ilcd
c2c35692-ffb2-4316-88e2-f5612cf3bc79,,energy,processes/c2c35692-ffb2-4316-88e2-f5612cf3bc79.xml,1,kg,AU,energy,,,"Foreground system:
The model represents the country specific mix of different types of biogas. Thre",scraped_from_ilcd
bc459fb9-34cc-58df-98fc-b638d6dbc334,,energy,processes/bc459fb9-34cc-58df-98fc-b638d6dbc334.xml,1,kg,GLO,energy,,,"The model is based on Flexible rubber Foam (Polyurethane) production, the energy and infrastructure ",scraped_from_ilcd
fdb52ac3-2d52-4a78-982a-a4c828b81e56,,energy,processes/fdb52ac3-2d52-4a78-982a-a4c828b81e56.xml,1,kg,EE,energy,,,"Foreground system:
The electricity is either produced in a lignite specific power plants and/or com",scraped_from_ilcd
feb5685d-6b96-4011-b07f-2bae8f366ee9,,energy,processes/feb5685d-6b96-4011-b07f-2bae8f366ee9.xml,1,kg,SK,energy,,,"Foreground system:
The model comprises the production of electricity from a mix of pressure water (",scraped_from_ilcd
12b5890a-16ef-4a6d-b8c2-660e3d11be48,,energy,processes/12b5890a-16ef-4a6d-b8c2-660e3d11be48.xml,1,kg,EU+EFTA+UK,energy,,,"Foreground system:
The electricity is either produced in a natural gasl specific power plants and/o",scraped_from_ilcd
39591b3b-232d-40c6-b1b4-5cc0d7b0a673,,energy,processes/39591b3b-232d-40c6-b1b4-5cc0d7b0a673.xml,1,kg,PT,energy,,,"Foreground system:
The electricity is either produced in a heavy fuel oil (HFO) specific power plan",scraped_from_ilcd
fc08b935-804b-464e-b58d-13015120b312,,energy,processes/fc08b935-804b-464e-b58d-13015120b312.xml,1,kg,CA,energy,,,"Foreground system:
The national or regional specific electricity consumption mix is provided by the",scraped_from_ilcd
cefef760-5dfa-44a3-9cdf-47e5aa2835a9,,energy,processes/cefef760-5dfa-44a3-9cdf-47e5aa2835a9.xml,1,kg,IS,energy,,,"Foreground system:
The hydro power plant model consists of three sub-models: These sub-models are: ",scraped_from_ilcd
7d21cdd3-5c2f-4356-bb39-5424ff487c98,,energy,processes/7d21cdd3-5c2f-4356-bb39-5424ff487c98.xml,1,kg,IT,energy,,,"Foreground system:
The electricity is either produced in a coal gas specific power plants and/or co",scraped_from_ilcd
4fa24899-ea87-4d21-baab-71078abf01b0,,energy,processes/4fa24899-ea87-4d21-baab-71078abf01b0.xml,1,kg,FI,energy,,,"Foreground system:
The electricity is either produced in a heavy fuel oil (HFO) specific power plan",scraped_from_ilcd
615b0526-c638-4ca0-856c-b6c26d2778e9,,energy,processes/615b0526-c638-4ca0-856c-b6c26d2778e9.xml,1,kg,DK,energy,,,"Foreground system:
The electricity is either produced in a biomass (solid) specific power plants an",scraped_from_ilcd
9e329ece-0b08-41b3-982b-7663c260010c,,energy,processes/9e329ece-0b08-41b3-982b-7663c260010c.xml,1,kg,IE,energy,,,"Foreground system:
The electricity is either produced in a heavy fuel oil (HFO) specific power plan",scraped_from_ilcd
c4d0102d-7cb9-45aa-a9c2-0e9bebc0a151,,energy,processes/c4d0102d-7cb9-45aa-a9c2-0e9bebc0a151.xml,1,kg,SE,energy,,,"Foreground system:
The electricity is either produced in a heavy fuel oil (HFO) specific power plan",scraped_from_ilcd
ce479816-e2dd-44b6-aa54-15350277492e,,energy,processes/ce479816-e2dd-44b6-aa54-15350277492e.xml,1,kg,EU+EFTA+UK,energy,,,"Foreground system:
The hydro power plant model consists of three sub-models: These sub-models are: ",scraped_from_ilcd
37aa2a9c-e7a8-4476-9b2f-b68f2d1c1bfb,,energy,processes/37aa2a9c-e7a8-4476-9b2f-b68f2d1c1bfb.xml,1,kg,RSA,energy,,,"Foreground system:
The country / region specific hard coal consumption mix, mix indigenous produced",scraped_from_ilcd
5ed586d6-6927-465c-b948-abf868c1f06b,,energy,processes/5ed586d6-6927-465c-b948-abf868c1f06b.xml,1,kg,EU+EFTA+UK,energy,,,"Foreground system:

PEHD production
The basis for the production of polyethylene is crude oil. Th",scraped_from_ilcd
1a82c144-5ac2-44ff-863d-beca667aaf97,,energy,processes/1a82c144-5ac2-44ff-863d-beca667aaf97.xml,1,kg,DK,energy,,,"Foreground system:
The electricity is either produced in a hard coal specific power plants and/or c",scraped_from_ilcd
240d2fc0-6b9c-4fca-b52b-3dbc472a7a44,,energy,processes/240d2fc0-6b9c-4fca-b52b-3dbc472a7a44.xml,1,kg,PL,energy,,,"Foreground system:
The electricity is either produced in a biogas specific power plants and/or comb",scraped_from_ilcd
6fbd0783-474b-4476-a9e0-2e124fd777ca,,energy,processes/6fbd0783-474b-4476-a9e0-2e124fd777ca.xml,1,kg,BE,energy,,,"Foreground system:
The hydro power plant model consists of three sub-models: These sub-models are: ",scraped_from_ilcd
afa958d8-182c-4481-b81c-e2cbdb638930,,energy,processes/afa958d8-182c-4481-b81c-e2cbdb638930.xml,1,kg,SE,energy,,,"Foreground system:
The national or regional specific electricity consumption mix is provided by the",scraped_from_ilcd
808459f1-9772-43bc-91ea-8847f583faf6,,energy,processes/808459f1-9772-43bc-91ea-8847f583faf6.xml,1,kg,RSA,energy,,,"Foreground system:
The electricity is either produced in a coal gas specific power plants and/or co",scraped_from_ilcd
b333c784-d3f0-4c64-b2ae-94de59c5b63a,,energy,processes/b333c784-d3f0-4c64-b2ae-94de59c5b63a.xml,1,kg,PT,energy,,,"Foreground system:
The electricity is either produced in a hard coal specific power plants and/or c",scraped_from_ilcd
dc4a0a83-d4d6-4fdc-b797-efce27d07813,,energy,processes/dc4a0a83-d4d6-4fdc-b797-efce27d07813.xml,1,kg,PL,energy,,,"Foreground system:
The electricity is either produced in a hard coal specific power plants and/or c",scraped_from_ilcd
bad46284-969e-4cbd-9ba8-ef3312f4662b,,energy,processes/bad46284-969e-4cbd-9ba8-ef3312f4662b.xml,1,kg,GLO,energy,,,"Foreground system:

A power supply unit is used for the electricity supply of a computer from the ",scraped_from_ilcd
a51c8438-92fd-59c1-b121-7f8f0f6095f8,,energy,processes/a51c8438-92fd-59c1-b121-7f8f0f6095f8.xml,1,kg,GLO,energy,,,"Polyurethane foam is made by reacting diisocyanates with polyols, both of them derived from oil, and",scraped_from_ilcd
a98844ee-76bb-4824-9ca1-8779a6a74f5c,,energy,processes/a98844ee-76bb-4824-9ca1-8779a6a74f5c.xml,1,kg,IS,energy,,,"Foreground system:
The electricity is either produced in a heavy fuel oil (HFO) specific power plan",scraped_from_ilcd
9127181c-e424-4cc3-9083-3dff8e1b090e,,energy,processes/9127181c-e424-4cc3-9083-3dff8e1b090e.xml,1,kg,EU+EFTA+UK,energy,,,"Foreground system:

PP production
The basis for the production of polypropylene is crude oil. Pol",scraped_from_ilcd
3f76aa31-604a-41dc-ad68-34a84d5a4d6d,,energy,processes/3f76aa31-604a-41dc-ad68-34a84d5a4d6d.xml,1,kg,JP,energy,,,"Foreground system:
The electricity is either produced in a hard coal specific power plants and/or c",scraped_from_ilcd
bbf84b1c-fecd-46df-a906-277a754604aa,,energy,processes/bbf84b1c-fecd-46df-a906-277a754604aa.xml,1,kg,SI,energy,,,"Foreground system:
The electricity is either produced in a lignite specific power plants and/or com",scraped_from_ilcd
6db46295-201a-47d1-af8f-c2a7bee43946,,energy,processes/6db46295-201a-47d1-af8f-c2a7bee43946.xml,1,kg,ROW,energy,,,"Foreground system:
The thermal energy is produced in natural gas specific heat plants. Also conside",scraped_from_ilcd
6d9c9781-9109-4b76-be7c-3b42ff320f98,,energy,processes/6d9c9781-9109-4b76-be7c-3b42ff320f98.xml,1,kg,BR,energy,,,"Foreground system:
The electricity is either produced in a coal gas specific power plants and/or co",scraped_from_ilcd
e38b90cc-252c-5aee-80cf-4e3127eca841,,energy,processes/e38b90cc-252c-5aee-80cf-4e3127eca841.xml,1,kg,WORLD (WITHOUT EU+EFTA+UK),energy,,,Pulp is produced in a thermomechanical process where wood particles are softened by steam before ent,scraped_from_ilcd
dc90447a-1bd8-43d3-a04d-ce9101fc6546,,energy,processes/dc90447a-1bd8-43d3-a04d-ce9101fc6546.xml,1,kg,RO,energy,,,"Foreground system:
The electricity is either produced in a coal gas specific power plants and/or co",scraped_from_ilcd
e9854c50-518f-499a-a102-6b7f3ab74e21,,energy,processes/e9854c50-518f-499a-a102-6b7f3ab74e21.xml,1,kg,RAF,energy,,,"Foreground system:
The model comprises the production of electricity from a mix of pressure water (",scraped_from_ilcd
2bde0d2f-caa9-4d9a-b32a-b393a8756fb6,,energy,processes/2bde0d2f-caa9-4d9a-b32a-b393a8756fb6.xml,1,kg,RAS w/o CN,energy,,,"Foreground system:
The country / region specific hard coal consumption mix, mix indigenous produced",scraped_from_ilcd
8fdc713e-80ec-4f45-99e5-32d48a8af532,,energy,processes/8fdc713e-80ec-4f45-99e5-32d48a8af532.xml,1,kg,ES,energy,,,"Foreground system:
The electricity is either produced in a biogas specific power plants and/or comb",scraped_from_ilcd
622bb1f5-13a0-472f-a86e-0ab6482fd52e,,energy,processes/622bb1f5-13a0-472f-a86e-0ab6482fd52e.xml,1,kg,BR,energy,,,"Foreground system:
The national or regional specific electricity consumption mix is provided by the",scraped_from_ilcd
40033a54-a23f-459f-b261-a20dbade92f6,,energy,processes/40033a54-a23f-459f-b261-a20dbade92f6.xml,1,kg,LV,energy,,,"Foreground system:
The electricity is either produced in a natural gasl specific power plants and/o",scraped_from_ilcd
33cce6bc-fd49-4c18-b455-5c45929ee2fe,,energy,processes/33cce6bc-fd49-4c18-b455-5c45929ee2fe.xml,1,kg,NO,energy,,,"Foreground system:
The electricity is either produced in a coal gas specific power plants and/or co",scraped_from_ilcd
fd7c791d-9ea7-516d-bbae-2c333a484589,,energy,processes/fd7c791d-9ea7-516d-bbae-2c333a484589.xml,1,kg,GLO,energy,,,"Monomers are introduced with the plasma feed gas. Monomers are small molecules which will, under the",scraped_from_ilcd
eb076dcd-07cf-4400-a8ce-a30ea144b903,,energy,processes/eb076dcd-07cf-4400-a8ce-a30ea144b903.xml,1,kg,EU+EFTA+UK,energy,,,"Mass and material composition of corresponding production dataset used, energy used for dismantling ",scraped_from_ilcd
938a7ec9-ab73-5835-8f34-047394b62eb7,,energy,processes/938a7ec9-ab73-5835-8f34-047394b62eb7.xml,1,kg,GLO,energy,,,"The model is based on Flexible rubber Foam (Polyurethane) production, the energy and infrastructure ",scraped_from_ilcd
6ba5af44-b0cc-4d61-b8d2-8bd17bd0a6ef,,energy,processes/6ba5af44-b0cc-4d61-b8d2-8bd17bd0a6ef.xml,1,kg,GLO,energy,,,"Foreground system:
The national or regional specific electricity consumption mix is provided by the",scraped_from_ilcd
5e3dd067-59ec-484f-b0c2-ba54bf9f936a,,energy,processes/5e3dd067-59ec-484f-b0c2-ba54bf9f936a.xml,1,kg,CZ,energy,,,"Foreground system:
The electricity is either produced in a biomass (solid) specific power plants an",scraped_from_ilcd
69d98236-b66d-568a-a9c7-c28f40147b03,,energy,processes/69d98236-b66d-568a-a9c7-c28f40147b03.xml,1,kg,EU+EFTA+UK,energy,,,"Simliar to iron, garment steamer can be adjusted to the suitable temperature of the garment. In garm",scraped_from_ilcd
fbc4d679-fe2f-4a72-9611-2c9f062d3483,,energy,processes/fbc4d679-fe2f-4a72-9611-2c9f062d3483.xml,1,kg,NZ,energy,,,"Foreground system:
The electricity is either produced in a lignite specific power plants and/or com",scraped_from_ilcd
51892efa-60fe-5aa2-8fa0-0fb494b46655,,energy,processes/51892efa-60fe-5aa2-8fa0-0fb494b46655.xml,1,kg,GLO,energy,,,The machine used in this model requires manual operation (not fully automatic). Heating might be req,scraped_from_ilcd
14d894e8-d52b-4a79-8792-deb459903a8b,,energy,processes/14d894e8-d52b-4a79-8792-deb459903a8b.xml,1,kg,GLO,energy,,,"Foreground system:

The main primary products are iron ore, pellets and hard coal. The preparation",scraped_from_ilcd
146bccc3-71e3-4f21-a12c-d56e0af842fb,,energy,processes/146bccc3-71e3-4f21-a12c-d56e0af842fb.xml,1,kg,RO,energy,,,"Foreground system:
The model comprises the production of electricity from a mix of pressure water (",scraped_from_ilcd
27dc3db5-56d2-44a1-b464-bd3b5fff5196,,energy,processes/27dc3db5-56d2-44a1-b464-bd3b5fff5196.xml,1,kg,ROC,energy,,,"Foreground system:

1. Rape seed oil methyl ester (RME)
The intensive cultivation of winter rape-",scraped_from_ilcd
9f765454-ad47-4e55-a091-94006f8edb4f,,energy,processes/9f765454-ad47-4e55-a091-94006f8edb4f.xml,1,kg,BR,energy,,,"Foreground system:
The hydro power plant model consists of three sub-models: These sub-models are: ",scraped_from_ilcd
7e17e5cb-786c-4e36-a9c4-b2360ba13981,,energy,processes/7e17e5cb-786c-4e36-a9c4-b2360ba13981.xml,1,kg,EU+EFTA+UK,energy,,,"Foreground system:
The electricity is either produced in a coal gas specific power plants and/or co",scraped_from_ilcd
acbb0221-f07d-43a5-931e-d4f4235594a6,,energy,processes/acbb0221-f07d-43a5-931e-d4f4235594a6.xml,1,kg,LV,energy,,,"Foreground system:
The national or regional specific electricity consumption mix is provided by the",scraped_from_ilcd
e5b61b82-da50-46e1-862a-48592bfa4854,,energy,processes/e5b61b82-da50-46e1-862a-48592bfa4854.xml,1,kg,EU+EFTA+UK,energy,,,"Foreground system:

Steel coil production
The data set represents the steel production based on t",scraped_from_ilcd
e7400910-6901-573c-a5c3-f7c621a77157,,energy,processes/e7400910-6901-573c-a5c3-f7c621a77157.xml,1,kg,EU+EFTA+UK,energy,,,Pulp is produced in a thermomechanical process where wood particles are softened by steam before ent,scraped_from_ilcd
3cda3fa0-8b65-40f1-b40c-e2874d40ed1c,,energy,processes/3cda3fa0-8b65-40f1-b40c-e2874d40ed1c.xml,1,kg,FI,energy,,,"Foreground system:
The electricity is either produced in a coal gas specific power plants and/or co",scraped_from_ilcd
fc392b91-dc9c-4c26-8a3c-03439572e353,,energy,processes/fc392b91-dc9c-4c26-8a3c-03439572e353.xml,1,kg,NO,energy,,,"Foreground system:
The electricity is either produced in a hard coal specific power plants and/or c",scraped_from_ilcd
d71900a6-9bb3-4ecc-a4a9-7553a99d57d4,,energy,processes/d71900a6-9bb3-4ecc-a4a9-7553a99d57d4.xml,1,kg,EU+EFTA+UK,energy,,,"Foreground system:

Steel coil production
The data set represents the steel productionbased on th",scraped_from_ilcd
33e73a05-ceb0-4e48-a680-b7e026f11222,,energy,processes/33e73a05-ceb0-4e48-a680-b7e026f11222.xml,1,kg,FR,energy,,,"Foreground system:
The national or regional specific electricity consumption mix is provided by the",scraped_from_ilcd
3768972a-b9db-4b1a-8331-1db773fb41eb,,energy,processes/3768972a-b9db-4b1a-8331-1db773fb41eb.xml,1,kg,JP,energy,,,"Foreground system:
The hydro power plant model consists of three sub-models: These sub-models are: ",scraped_from_ilcd
90e05284-92d3-4770-996a-f6115b526daa,,energy,processes/90e05284-92d3-4770-996a-f6115b526daa.xml,1,kg,GB,energy,,,"Foreground system:
The electricity is either produced in a hard coal specific power plants and/or c",scraped_from_ilcd
30f4d132-77be-4557-8376-d717849e9910,,energy,processes/30f4d132-77be-4557-8376-d717849e9910.xml,1,kg,GLO,energy,,,"The process ""universal tractor"" had been set up in order to model the general exhaust-gas characteri",scraped_from_ilcd
178d587e-8862-4cf0-b29d-6674e9d9a1f0,,energy,processes/178d587e-8862-4cf0-b29d-6674e9d9a1f0.xml,1,kg,SE,energy,,,"Foreground system:
The electricity is either produced in a hard coal specific power plants and/or c",scraped_from_ilcd
a2ec6574-65a8-464e-81bc-c371e26ad295,,energy,processes/a2ec6574-65a8-464e-81bc-c371e26ad295.xml,1,kg,RAS,energy,,,"Gate to gate inventory for production of MG-silicon from silica sand including materials, energy use",scraped_from_ilcd
3f4a251f-fa36-5816-ba8e-dd63a173babe,,energy,processes/3f4a251f-fa36-5816-ba8e-dd63a173babe.xml,1,kg,GLO,energy,,,"Polyurethane foam is made by reacting diisocyanates with polyols, both of them derived from oil, and",scraped_from_ilcd
c62a4166-221b-45f1-8aeb-c29c863ee8bd,,energy,processes/c62a4166-221b-45f1-8aeb-c29c863ee8bd.xml,1,kg,EU+EFTA+UK,energy,,,"Foreground system:
The country / region specific hard coal consumption mix, mix indigenous produced",scraped_from_ilcd
241f118c-3c29-4f0b-807a-f043d75ee00a,,energy,processes/241f118c-3c29-4f0b-807a-f043d75ee00a.xml,1,kg,RAF,energy,,,"Foreground system:
The country / region specific natural gas consumption mix, mix indigenous produc",scraped_from_ilcd
53f4162a-22c2-493a-bede-a97a0df7b240,,energy,processes/53f4162a-22c2-493a-bede-a97a0df7b240.xml,1,kg,EU+EFTA+UK,energy,,,"Foreground system:

Steel coil production
The data set represents the steel production based on t",scraped_from_ilcd
60e1aed9-69e8-4676-bc09-9fd6bc960453,,energy,processes/60e1aed9-69e8-4676-bc09-9fd6bc960453.xml,1,kg,NL,energy,,,"Foreground system:
The electricity is either produced in a hard coal specific power plants and/or c",scraped_from_ilcd
046c49fc-c9ba-4263-aaf0-181f6e8015ea,,energy,processes/046c49fc-c9ba-4263-aaf0-181f6e8015ea.xml,1,kg,DK,energy,,,"Foreground system:
The national or regional specific electricity consumption mix is provided by the",scraped_from_ilcd
53fa0491-e644-44d3-b424-f6c1bbc0cb00,,energy,processes/53fa0491-e644-44d3-b424-f6c1bbc0cb00.xml,1,kg,FR,energy,,,"Foreground system:
The electricity is either produced in a heavy fuel oil (HFO) specific power plan",scraped_from_ilcd
9b9aaf8d-fa1f-4d11-a500-a947753757bd,,energy,processes/9b9aaf8d-fa1f-4d11-a500-a947753757bd.xml,1,kg,IE,energy,,,"Foreground system:
The national or regional specific electricity consumption mix is provided by the",scraped_from_ilcd
9891edaf-9679-4cc8-bea0-8f0e0a18ad28,,energy,processes/9891edaf-9679-4cc8-bea0-8f0e0a18ad28.xml,1,kg,ES,energy,,,"Foreground system:
The electricity is either produced in a heavy fuel oil (HFO) specific power plan",scraped_from_ilcd
a8bd41ae-8a46-46ca-a43a-3122c631d3d4,,energy,processes/a8bd41ae-8a46-46ca-a43a-3122c631d3d4.xml,1,kg,AT,energy,,,"Foreground system:
The electricity is either produced in a biogas specific power plants and/or comb",scraped_from_ilcd
9a1ecacd-7a42-4b53-a267-048f73f9000f,,energy,processes/9a1ecacd-7a42-4b53-a267-048f73f9000f.xml,1,kg,LU,energy,,,"Foreground system:
The electricity is either produced in a biogas specific power plants and/or comb",scraped_from_ilcd
e7d50a0f-cecb-449c-9c06-d1634eafa482,,energy,processes/e7d50a0f-cecb-449c-9c06-d1634eafa482.xml,1,kg,IN,energy,,,"Foreground system:
The electricity is either produced in a natural gasl specific power plants and/o",scraped_from_ilcd
fbc007dc-bb9f-4f45-aa56-f21798976de2,,energy,processes/fbc007dc-bb9f-4f45-aa56-f21798976de2.xml,1,kg,BE,energy,,,"Foreground system:
The electricity is either produced in a biomass (solid) specific power plants an",scraped_from_ilcd
269e02b2-d7c5-43b3-9770-e649175cde9c,,energy,processes/269e02b2-d7c5-43b3-9770-e649175cde9c.xml,1,kg,JP,energy,,,"Foreground system:
The electricity is either produced in a heavy fuel oil (HFO) specific power plan",scraped_from_ilcd
980d1f4b-6813-4374-a418-a182427c817f,,energy,processes/980d1f4b-6813-4374-a418-a182427c817f.xml,1,kg,RSA,energy,,,"Foreground system:
The electricity is either produced in a natural gasl specific power plants and/o",scraped_from_ilcd
c0156632-4f1d-4851-a401-40dd84b62f84,,energy,processes/c0156632-4f1d-4851-a401-40dd84b62f84.xml,1,kg,NO,energy,,,"Foreground system:
The electricity is either produced in a natural gasl specific power plants and/o",scraped_from_ilcd
8233263a-bf2e-416e-97a4-7f632248075a,,energy,processes/8233263a-bf2e-416e-97a4-7f632248075a.xml,1,kg,CN,energy,,,"Foreground system:
The national or regional specific electricity consumption mix is provided by the",scraped_from_ilcd
8a9752d1-2693-4d6b-b04a-6e4baa99461b,,energy,processes/8a9752d1-2693-4d6b-b04a-6e4baa99461b.xml,1,kg,EU+EFTA+UK,energy,,,"Foreground system:
A steel billet is heated into a maleable state and shaped by a hammer.
Backgrou",scraped_from_ilcd
bf54fc51-dad7-474c-b20f-9330e49b16fd,,energy,processes/bf54fc51-dad7-474c-b20f-9330e49b16fd.xml,1,kg,CH,energy,,,"Foreground system:
The electricity is either produced in a biomass (solid) specific power plants an",scraped_from_ilcd
d4c696da-10fa-43a9-a4ed-42324da2764e,,energy,processes/d4c696da-10fa-43a9-a4ed-42324da2764e.xml,1,kg,CN,energy,,,"Foreground system:
The model comprises the production of electricity from a mix of pressure water (",scraped_from_ilcd
28290933-1fb0-42f4-a204-4e41169685a7,,energy,processes/28290933-1fb0-42f4-a204-4e41169685a7.xml,1,kg,BE,energy,,,"Foreground system:
The national or regional specific electricity consumption mix is provided by the",scraped_from_ilcd
7086f405-906e-403e-9216-921c17191ec5,,energy,processes/7086f405-906e-403e-9216-921c17191ec5.xml,1,kg,EU+EFTA+UK,energy,,,"Foreground system:

Steel coil production
The data set represents the steel productionbased on th",scraped_from_ilcd
82df9f1e-7842-4afb-8089-f6854cfce79d,,energy,processes/82df9f1e-7842-4afb-8089-f6854cfce79d.xml,1,kg,GB,energy,,,"Foreground system:
The hydro power plant model consists of three sub-models: These sub-models are: ",scraped_from_ilcd
50319cd7-97b1-4f24-a94f-1828f156a6e4,,energy,processes/50319cd7-97b1-4f24-a94f-1828f156a6e4.xml,1,kg,NZ,energy,,,"Foreground system:
The hydro power plant model consists of three sub-models: These sub-models are: ",scraped_from_ilcd
fba94af5-1bf4-4425-b826-ec969e4cb8f1,,energy,processes/fba94af5-1bf4-4425-b826-ec969e4cb8f1.xml,1,kg,IN,energy,,,"Foreground system:
The country / region specific natural gas consumption mix, mix indigenous produc",scraped_from_ilcd
e202bb33-86bb-4875-bbba-8d15eb9f4edc,,energy,processes/e202bb33-86bb-4875-bbba-8d15eb9f4edc.xml,1,kg,BG,energy,,,"Foreground system:
The hydro power plant model consists of three sub-models: These sub-models are: ",scraped_from_ilcd
7862dfc3-008d-4b99-ab9f-10c2b3abf9bf,,energy,processes/7862dfc3-008d-4b99-ab9f-10c2b3abf9bf.xml,1,kg,NZ,energy,,,"Foreground system:
The electricity is either produced in a heavy fuel oil (HFO) specific power plan",scraped_from_ilcd
83c17228-841c-45ce-a5c2-40b47a9a1619,,energy,processes/83c17228-841c-45ce-a5c2-40b47a9a1619.xml,1,kg,RAS w/o CN,energy,,,"Foreground system:
The electricity is either produced in a biomass (solid) specific power plants an",scraped_from_ilcd
fe0c2941-396d-4659-9c67-6a9679698663,,energy,processes/fe0c2941-396d-4659-9c67-6a9679698663.xml,1,kg,LT,energy,,,"Foreground system:
The electricity is either produced in a natural gasl specific power plants and/o",scraped_from_ilcd
a3aefe5b-33c9-4f0c-87ec-d0291445cc61,,energy,processes/a3aefe5b-33c9-4f0c-87ec-d0291445cc61.xml,1,kg,EU+EFTA+UK,energy,,,"Foreground system:
The basis for the production of polyethylene is crude oil. There are a few proce",scraped_from_ilcd
0ef6eb70-130d-4435-a6cc-7cd466356a55,,energy,processes/0ef6eb70-130d-4435-a6cc-7cd466356a55.xml,1,kg,BR,energy,,,"Foreground system:
The country / region specific hard coal consumption mix, mix indigenous produced",scraped_from_ilcd
c3ce1808-0bb8-49b5-adfe-6e990a00f2fb,,energy,processes/c3ce1808-0bb8-49b5-adfe-6e990a00f2fb.xml,1,kg,EE,energy,,,"Foreground system:
The electricity is either produced in a biomass (solid) specific power plants an",scraped_from_ilcd
b8d76497-d392-4d90-a2ac-4ee3e2df2946,,energy,processes/b8d76497-d392-4d90-a2ac-4ee3e2df2946.xml,1,kg,ES,energy,,,"Foreground system:
The national or regional specific electricity consumption mix is provided by the",scraped_from_ilcd
a1a5d89b-075b-4249-99fe-e57d2fd61d02,,energy,processes/a1a5d89b-075b-4249-99fe-e57d2fd61d02.xml,1,kg,IN,energy,,,"Foreground system:
The electricity is either produced in a biomass (solid) specific power plants an",scraped_from_ilcd
419505e7-f948-41c3-8f31-b2bd49178324,,energy,processes/419505e7-f948-41c3-8f31-b2bd49178324.xml,1,kg,LT,energy,,,"Foreground system:
The national or regional specific electricity consumption mix is provided by the",scraped_from_ilcd
0d2213f8-a115-4ce0-a1d9-0aa66aaf51ab,,energy,processes/0d2213f8-a115-4ce0-a1d9-0aa66aaf51ab.xml,1,kg,EU+EFTA+UK,energy,,,"Foreground system:

PE production
The basis for the production of polyethylene is crude oil. Ther",scraped_from_ilcd
e08d739b-31b5-5b53-9702-a9f56d90a036,,energy,processes/e08d739b-31b5-5b53-9702-a9f56d90a036.xml,1,kg,GLO,energy,,,"Monomers are introduced with the plasma feed gas. Monomers are small molecules which will, under the",scraped_from_ilcd
21f53e07-1076-4b0b-b5e8-1764da6c8e6d,,energy,processes/21f53e07-1076-4b0b-b5e8-1764da6c8e6d.xml,1,kg,RAS w/o CN,energy,,,"Foreground system:
The national or regional specific electricity consumption mix is provided by the",scraped_from_ilcd
03953301-bfd0-4064-af89-c0b6523b681f,,energy,processes/03953301-bfd0-4064-af89-c0b6523b681f.xml,1,kg,EU+EFTA+UK,energy,,,"Foreground system:

Steel coil production
The data set represents the steel productionbased on th",scraped_from_ilcd
eeb35cde-eb5f-5d77-a0f2-0a5c5e241e4f,,energy,processes/eeb35cde-eb5f-5d77-a0f2-0a5c5e241e4f.xml,1,kg,EU+EFTA+UK,energy,,,"Simliar to iron, garment steamer can be adjusted to the suitable temperature of the garment. In garm",scraped_from_ilcd
0f7eabb0-c7da-4b6b-85bb-2facc0f02c2d,,energy,processes/0f7eabb0-c7da-4b6b-85bb-2facc0f02c2d.xml,1,kg,HU,energy,,,"Foreground system:
The electricity is either produced in a lignite specific power plants and/or com",scraped_from_ilcd
72c07a2b-7d19-415f-95d3-0644f48cc81e,,energy,processes/72c07a2b-7d19-415f-95d3-0644f48cc81e.xml,1,kg,ES,energy,,,"Foreground system:
The electricity is either produced in a biomass (solid) specific power plants an",scraped_from_ilcd
c78509bb-66c4-4ee3-9849-372596170c94,,energy,processes/c78509bb-66c4-4ee3-9849-372596170c94.xml,1,kg,PL,energy,,,"Foreground system:
The electricity is either produced in a natural gasl specific power plants and/o",scraped_from_ilcd
ef4e440e-05b3-4dd7-afbc-f24b4e625634,,energy,processes/ef4e440e-05b3-4dd7-afbc-f24b4e625634.xml,1,kg,EU+EFTA+UK,energy,,,"Foreground system:

Steel coil production
The data set represents the steel productionbased on th",scraped_from_ilcd
0567a8c9-e3e4-40a4-85ad-af17ff37453a,,energy,processes/0567a8c9-e3e4-40a4-85ad-af17ff37453a.xml,1,kg,EE,energy,,,"Foreground system:
The electricity is either produced in a natural gasl specific power plants and/o",scraped_from_ilcd
bc1ed6f1-1afe-537a-8775-2089b448bcd4,,energy,processes/bc1ed6f1-1afe-537a-8775-2089b448bcd4.xml,1,kg,GLO,energy,,,The boarding process applies live steam or dry heat to garment that are stretched over wire or solid,scraped_from_ilcd
474a82e6-c634-59a0-9c5e-3af3518ea7b9,,energy,processes/474a82e6-c634-59a0-9c5e-3af3518ea7b9.xml,1,kg,GLO,energy,,,"Includes:
- Electrical energy (grid mix based on production of plastic coated texitiles, OEC, 2019)
",scraped_from_ilcd
0839a035-f585-5caa-b282-842d143174db,,energy,processes/0839a035-f585-5caa-b282-842d143174db.xml,1,kg,GLO,energy,,,This model only covered the usage of heat pressing machines. The printing process is not included. H,scraped_from_ilcd
3c2036c4-ddba-4687-b225-af51420da44b,,energy,processes/3c2036c4-ddba-4687-b225-af51420da44b.xml,1,kg,RNA,energy,,,"Foreground system:
The country / region specific hard coal consumption mix, mix indigenous produced",scraped_from_ilcd
d327f4a5-93a1-4ead-856c-aeb8b2f25080,,energy,processes/d327f4a5-93a1-4ead-856c-aeb8b2f25080.xml,1,kg,EU+EFTA+UK,energy,,,"Foreground system:
The basis for the production of polyethylene is crude oil. There are a few proce",scraped_from_ilcd
adf54687-52a3-4184-9592-aec146c02699,,energy,processes/adf54687-52a3-4184-9592-aec146c02699.xml,1,kg,RAF,energy,,,"Foreground system:
The national or regional specific electricity consumption mix is provided by the",scraped_from_ilcd
46d6da37-bee1-44f8-bd28-f615d827c41c,,energy,processes/46d6da37-bee1-44f8-bd28-f615d827c41c.xml,1,kg,EU+EFTA+UK,energy,,,"Foreground system:

PP production
The basis for the production of polypropylene is crude oil. Pol",scraped_from_ilcd
b136f4bf-741d-5f4d-8531-799eb05c0cd2,,energy,processes/b136f4bf-741d-5f4d-8531-799eb05c0cd2.xml,1,kg,GLO,energy,,,"Compression molding is a method of molding in which the molding material, generally preheated, is fi",scraped_from_ilcd
53b4062c-4fc9-4ecb-8100-a72dc377a3da,,energy,processes/53b4062c-4fc9-4ecb-8100-a72dc377a3da.xml,1,kg,CN,energy,,,"Foreground system:
The country / region specific natural gas consumption mix, mix indigenous produc",scraped_from_ilcd
c96bc8da-cb48-5f95-9052-22efc2202acd,,energy,processes/c96bc8da-cb48-5f95-9052-22efc2202acd.xml,1,kg,GLO,energy,,,"Polyurethane foam is made by reacting diisocyanates with polyols, both of them derived from oil, and",scraped_from_ilcd
9fc8436b-a177-5670-9923-99a41e544ed0,,energy,processes/9fc8436b-a177-5670-9923-99a41e544ed0.xml,1,kg,EU+EFTA+UK,energy,,,"Simliar to iron, garment steamer can be adjusted to the suitable temperature of the garment. In garm",scraped_from_ilcd
77999940-67fc-58f1-9370-296c0c1ddb0f,,energy,processes/77999940-67fc-58f1-9370-296c0c1ddb0f.xml,1,kg,GLO,energy,,,"Monomers are introduced with the plasma feed gas. Monomers are small molecules which will, under the",scraped_from_ilcd
2e8c066d-4d0d-4a96-a548-b3b6102c5e6c,,energy,processes/2e8c066d-4d0d-4a96-a548-b3b6102c5e6c.xml,1,kg,SK,energy,,,"Foreground system:
The electricity is either produced in a biomass (solid) specific power plants an",scraped_from_ilcd
3087a31b-a9f1-4fad-ad9b-2d7b88111f60,,energy,processes/3087a31b-a9f1-4fad-ad9b-2d7b88111f60.xml,1,kg,EU+EFTA+UK,energy,,,"Foreground system:

PE production
The basis for the production of polyethylene is crude oil. Ther",scraped_from_ilcd
c36ae04d-cf0b-43d5-9a8e-151cafe315a8,,energy,processes/c36ae04d-cf0b-43d5-9a8e-151cafe315a8.xml,1,kg,RNA,energy,,,"Foreground system:
The country / region specific natural gas consumption mix, mix indigenous produc",scraped_from_ilcd
0957538e-2c3e-4242-82c0-4c366af487bc,,energy,processes/0957538e-2c3e-4242-82c0-4c366af487bc.xml,1,kg,CN,energy,,,"Foreground system:
The electricity is either produced in a natural gasl specific power plants and/o",scraped_from_ilcd
b9b127bc-29b1-4c8e-bbe9-00e829cd4ef6,,energy,processes/b9b127bc-29b1-4c8e-bbe9-00e829cd4ef6.xml,1,kg,RAS w/o CN,energy,,,"Foreground system:
The country / region specific natural gas consumption mix, mix indigenous produc",scraped_from_ilcd
0fa09d65-c74c-4240-865d-c466996657fc,,energy,processes/0fa09d65-c74c-4240-865d-c466996657fc.xml,1,kg,HR,energy,,,"Foreground system:
The electricity is either produced in a biomass (solid) specific power plants an",scraped_from_ilcd
16e1e06b-ce3e-49fc-860b-0847563bbccb,,energy,processes/16e1e06b-ce3e-49fc-860b-0847563bbccb.xml,1,kg,LV,energy,,,"Foreground system:
The electricity is either produced in a hard coal specific power plants and/or c",scraped_from_ilcd
b0c69550-6456-4b2f-8ca0-9befc0122ae8,,energy,processes/b0c69550-6456-4b2f-8ca0-9befc0122ae8.xml,1,kg,EU+EFTA+UK,energy,,,"Foreground system:

LDPE production
The basis for the production of polyethylene is crude oil. Th",scraped_from_ilcd
16378a32-ad4c-4d65-9d39-6012e39292c1,,energy,processes/16378a32-ad4c-4d65-9d39-6012e39292c1.xml,1,kg,PT,energy,,,"Foreground system:
The electricity is either produced in a natural gasl specific power plants and/o",scraped_from_ilcd
c63798ae-3d0d-4d3e-84c8-cb90f51d073a,,energy,processes/c63798ae-3d0d-4d3e-84c8-cb90f51d073a.xml,1,kg,FI,energy,,,"Foreground system:
The hydro power plant model consists of three sub-models: These sub-models are: ",scraped_from_ilcd
c4d3e200-a594-5727-b27c-55fb055a6bf2,,energy,processes/c4d3e200-a594-5727-b27c-55fb055a6bf2.xml,1,kg,EU+EFTA+UK,energy,,,"Simliar to iron, garment steamer can be adjusted to the suitable temperature of the garment. In garm",scraped_from_ilcd
f8e3d253-747e-4c39-a5ec-3d969d998aa6,,energy,processes/f8e3d253-747e-4c39-a5ec-3d969d998aa6.xml,1,kg,RSA,energy,,,"Foreground system:
The model represents the country specific mix of different types of biogas. Thre",scraped_from_ilcd
600b238b-1cd3-57dc-be18-27e171d06cf8,,energy,processes/600b238b-1cd3-57dc-be18-27e171d06cf8.xml,1,kg,FR,energy,,,"System boundaries include olive farming, olive oil extraction with pomace as a co-product and pomace",scraped_from_ilcd
b8766752-e3b1-4c75-be72-987be891880a,,energy,processes/b8766752-e3b1-4c75-be72-987be891880a.xml,1,kg,EU+EFTA+UK,energy,,,"Foreground system:

Steel coil production
The data set represents the steel production based on t",scraped_from_ilcd
490c9e00-9d5b-5ddb-aedb-8088a697c867,,energy,processes/490c9e00-9d5b-5ddb-aedb-8088a697c867.xml,1,kg,GLO,energy,,,This model only covered the usage of heat pressing machines. The printing process is not included. H,scraped_from_ilcd
d4527c35-60a0-4af1-9528-265961d1c98c,,energy,processes/d4527c35-60a0-4af1-9528-265961d1c98c.xml,1,kg,GB,energy,,,"Foreground system:
The electricity is either produced in a heavy fuel oil (HFO) specific power plan",scraped_from_ilcd
eb3a361e-41d6-4ffb-8bb4-2efb52a45986,,energy,processes/eb3a361e-41d6-4ffb-8bb4-2efb52a45986.xml,1,kg,BR,energy,,,"Foreground system:
The country / region specific natural gas consumption mix, mix indigenous produc",scraped_from_ilcd
7726bff7-e331-55e2-b61c-27efa89eb507,,energy,processes/7726bff7-e331-55e2-b61c-27efa89eb507.xml,1,kg,GLO,energy,,,The boarding process applies live steam or dry heat to garment that are stretched over wire or solid,scraped_from_ilcd
5d2509bf-2837-41f9-87f3-d831c4d99ce6,,energy,processes/5d2509bf-2837-41f9-87f3-d831c4d99ce6.xml,1,kg,GB,energy,,,"Foreground system:
The electricity is either produced in a natural gasl specific power plants and/o",scraped_from_ilcd
11650567-c903-497e-bdad-b4e8d3b6ba19,,energy,processes/11650567-c903-497e-bdad-b4e8d3b6ba19.xml,1,kg,RAS w/o CN,energy,,,"Foreground system:
The electricity is either produced in a hard coal specific power plants and/or c",scraped_from_ilcd
f338371e-3cab-48d0-b742-43e6c7e88d11,,energy,processes/f338371e-3cab-48d0-b742-43e6c7e88d11.xml,1,kg,EU+EFTA+UK,energy,,,"Foreground system:
Tempering means heating up glass to increase it`s strength. This is achieved by ",scraped_from_ilcd
9294e6c7-9259-4ddb-8353-e5a9f275172b,,energy,processes/9294e6c7-9259-4ddb-8353-e5a9f275172b.xml,1,kg,AU,energy,,,"Foreground system:
The electricity is either produced in a biomass (solid) specific power plants an",scraped_from_ilcd
4293a907-0133-489e-a119-70bb06bba013,,energy,processes/4293a907-0133-489e-a119-70bb06bba013.xml,1,kg,CZ,energy,,,"Foreground system:
The electricity is either produced in a biogas specific power plants and/or comb",scraped_from_ilcd
0607c98d-9d70-4796-944e-464e1c95e546,,energy,processes/0607c98d-9d70-4796-944e-464e1c95e546.xml,1,kg,RNA,energy,,,"Foreground system:
The electricity is either produced in a biogas specific power plants and/or comb",scraped_from_ilcd
5ed61b7c-1319-53ca-9715-fabb5168543f,,energy,processes/5ed61b7c-1319-53ca-9715-fabb5168543f.xml,1,kg,GLO,energy,,,"The process of thermoplastic welding consists of the same basic elements: heat, pressure, and coolin",scraped_from_ilcd
c02fce81-ef76-46cc-9666-38d1a0085d94,,energy,processes/c02fce81-ef76-46cc-9666-38d1a0085d94.xml,1,kg,DK,energy,,,"Foreground system:
The electricity is either produced in a heavy fuel oil (HFO) specific power plan",scraped_from_ilcd
772ff7a9-775c-45ef-bf88-bff300532b86,,energy,processes/772ff7a9-775c-45ef-bf88-bff300532b86.xml,1,kg,DE,energy,,,"Foreground system:
The electricity is either produced in a coal gas specific power plants and/or co",scraped_from_ilcd
78c55b1f-7b15-4358-a674-1f791daa83f2,,energy,processes/78c55b1f-7b15-4358-a674-1f791daa83f2.xml,1,kg,RU,energy,,,"Foreground system:
The model represents the country specific mix of different types of biogas. Thre",scraped_from_ilcd
6d68bce7-71c6-4f30-b390-8b28983bc187,,energy,processes/6d68bce7-71c6-4f30-b390-8b28983bc187.xml,1,kg,EU+EFTA+UK,energy,,,"Foreground system:
The electricity is either produced in a hard coal specific power plants and/or c",scraped_from_ilcd
0d5ae1b4-ca73-4d70-b8c2-93913863fb54,,energy,processes/0d5ae1b4-ca73-4d70-b8c2-93913863fb54.xml,1,kg,RSA,energy,,,"Foreground system:
The electricity is either produced in a biomass (solid) specific power plants an",scraped_from_ilcd
9ce44238-d0f0-49e4-b3c7-9d0a793fb5f1,,energy,processes/9ce44238-d0f0-49e4-b3c7-9d0a793fb5f1.xml,1,kg,IT,energy,,,"Foreground system:
The electricity is either produced in a heavy fuel oil (HFO) specific power plan",scraped_from_ilcd
715a5d79-3259-4d9f-ba0b-23e92c0cdaba,,energy,processes/715a5d79-3259-4d9f-ba0b-23e92c0cdaba.xml,1,kg,NZ,energy,,,"Foreground system:
The electricity is either produced in a coal gas specific power plants and/or co",scraped_from_ilcd
642c0ce3-a124-4cec-813f-2997905d9d2a,,energy,processes/642c0ce3-a124-4cec-813f-2997905d9d2a.xml,1,kg,CY,energy,,,"Foreground system:
The electricity is either produced in a biogas specific power plants and/or comb",scraped_from_ilcd
ab2f06b2-6cc9-48ee-b878-b817afba6f3e,,energy,processes/ab2f06b2-6cc9-48ee-b878-b817afba6f3e.xml,1,kg,EU+EFTA+UK,energy,,,"Foreground system:
The basis for the production of polyethylene is crude oil. There are a few proce",scraped_from_ilcd
3015ddfe-c9ec-5474-9ea8-d572a9d04b38,,energy,processes/3015ddfe-c9ec-5474-9ea8-d572a9d04b38.xml,1,kg,GLO,energy,,,Data represents waxing process. During waxing electricity and wax (paraffin) are consumed. Electrici,scraped_from_ilcd
94ee8569-414b-4763-b89f-d4d43dfc195f,,energy,processes/94ee8569-414b-4763-b89f-d4d43dfc195f.xml,1,kg,RU,energy,,,"Foreground system:
The hydro power plant model consists of three sub-models: These sub-models are: ",scraped_from_ilcd
e7510ad9-4bfa-4113-94b0-426e5f430c98,,energy,processes/e7510ad9-4bfa-4113-94b0-426e5f430c98.xml,1,kg,EU+EFTA+UK,energy,,,"Foreground system:
The thermal energy is produced in light fuel oil (LFO) specific heat plants. Als",scraped_from_ilcd
737fe28b-79ec-4034-a1c2-480af5f06c80,,energy,processes/737fe28b-79ec-4034-a1c2-480af5f06c80.xml,1,kg,HU,energy,,,"Foreground system:
The model comprises the production of electricity from a mix of pressure water (",scraped_from_ilcd
de9d634e-9ab1-4753-a7c3-3c65669ad42d,,energy,processes/de9d634e-9ab1-4753-a7c3-3c65669ad42d.xml,1,kg,BG,energy,,,"Foreground system:
The electricity is either produced in a natural gasl specific power plants and/o",scraped_from_ilcd
147c5172-85b7-4be1-890d-9e2b5be3211a,,energy,processes/147c5172-85b7-4be1-890d-9e2b5be3211a.xml,1,kg,CH,energy,,,"Foreground system:
The model comprises the production of electricity from a mix of pressure water (",scraped_from_ilcd
ddc133b2-c5cb-595b-8de0-da2e17b6b7ba,,energy,processes/ddc133b2-c5cb-595b-8de0-da2e17b6b7ba.xml,1,kg,GLO,energy,,,"The process of thermoplastic welding consists of the same basic elements: heat, pressure, and coolin",scraped_from_ilcd
56333bac-19a0-4be7-adf9-34a3bbdbc8a3,,energy,processes/56333bac-19a0-4be7-adf9-34a3bbdbc8a3.xml,1,kg,BG,energy,,,"Foreground system:
The electricity is either produced in a biogas specific power plants and/or comb",scraped_from_ilcd
2152cca9-2b8e-4cfe-965b-7e3a48fe8ae9,,energy,processes/2152cca9-2b8e-4cfe-965b-7e3a48fe8ae9.xml,1,kg,MT,energy,,,"Foreground system:
The electricity is either produced in a biogas specific power plants and/or comb",scraped_from_ilcd
39f9c464-bfb0-48c8-bb8a-8bc07c287da5,,energy,processes/39f9c464-bfb0-48c8-bb8a-8bc07c287da5.xml,1,kg,RAF,energy,,,"Foreground system:
The country / region specific hard coal consumption mix, mix indigenous produced",scraped_from_ilcd
e4975855-9dd7-467c-8942-baab227ec2d0,,energy,processes/e4975855-9dd7-467c-8942-baab227ec2d0.xml,1,kg,RAS w/o CN,energy,,,"Foreground system:
The electricity is either produced in a natural gasl specific power plants and/o",scraped_from_ilcd
18634d33-9013-4162-9ac8-cdf6a7c4665f,,energy,processes/18634d33-9013-4162-9ac8-cdf6a7c4665f.xml,1,kg,LT,energy,,,"Foreground system:
The electricity is either produced in a biomass (solid) specific power plants an",scraped_from_ilcd
c3b93d06-e920-41a7-9328-8dd82442074b,,energy,processes/c3b93d06-e920-41a7-9328-8dd82442074b.xml,1,kg,EU+EFTA+UK,energy,,,"Foreground system:
In the foaming process, plastic is extruded, heated until it melts and mixed wit",scraped_from_ilcd
2868b580-b7db-52e1-b589-16de94743607,,energy,processes/2868b580-b7db-52e1-b589-16de94743607.xml,1,kg,EU+EFTA+UK,energy,,,"Simliar to iron, garment steamer can be adjusted to the suitable temperature of the garment. In garm",scraped_from_ilcd
3c8d04b8-18eb-5f00-a610-90c3c8497f29,,energy,processes/3c8d04b8-18eb-5f00-a610-90c3c8497f29.xml,1,kg,WORLD (WITHOUT EU+EFTA+UK),energy,,,Pulp is produced in a thermomechanical process where wood particles are softened by steam before ent,scraped_from_ilcd
b32aa776-8e78-45a3-b7c6-97791888f3b0,,energy,processes/b32aa776-8e78-45a3-b7c6-97791888f3b0.xml,1,kg,LT,energy,,,"Foreground system:
The electricity is either produced in a biogas specific power plants and/or comb",scraped_from_ilcd
8308d8b5-e5b0-5fcd-89ef-0da606d72e29,,energy,processes/8308d8b5-e5b0-5fcd-89ef-0da606d72e29.xml,1,kg,GLO,energy,,,"Monomers are introduced with the plasma feed gas. Monomers are small molecules which will, under the",scraped_from_ilcd
81675341-f1af-44b0-81d3-d108caef5c28,,energy,processes/81675341-f1af-44b0-81d3-d108caef5c28.xml,1,kg,EU+EFTA+UK,energy,,,"Foreground system:
The thermal energy is produced in natural gas specific heat plants. Also conside",scraped_from_ilcd
ba6482ac-a68b-4b97-bfeb-c5c7898a3366,,energy,processes/ba6482ac-a68b-4b97-bfeb-c5c7898a3366.xml,1,kg,EU+EFTA+UK,energy,,,"Mass and material composition of corresponding production dataset used, energy used for dismantling ",scraped_from_ilcd
7604daaf-a4e4-4b85-8fa6-c12370f3dbd4,,energy,processes/7604daaf-a4e4-4b85-8fa6-c12370f3dbd4.xml,1,kg,SE,energy,,,"Foreground system:
The electricity is either produced in a biogas specific power plants and/or comb",scraped_from_ilcd
d8b8e8ba-ae7e-4325-b041-ca976c3eb5a6,,energy,processes/d8b8e8ba-ae7e-4325-b041-ca976c3eb5a6.xml,1,kg,CN,energy,,,"Foreground system:
The hydro power plant model consists of three sub-models: These sub-models are: ",scraped_from_ilcd
d64bfe0d-6faa-4251-9882-37e853c0b2a3,,energy,processes/d64bfe0d-6faa-4251-9882-37e853c0b2a3.xml,1,kg,NZ,energy,,,"Foreground system:
The electricity is either produced in a natural gasl specific power plants and/o",scraped_from_ilcd
7b2f42aa-288b-4e5c-b9bc-31d479551d23,,energy,processes/7b2f42aa-288b-4e5c-b9bc-31d479551d23.xml,1,kg,IT,energy,,,"Foreground system:
The electricity is either produced in a biomass (solid) specific power plants an",scraped_from_ilcd
9ccf3c17-b378-441a-b5b8-238ce225be4b,,energy,processes/9ccf3c17-b378-441a-b5b8-238ce225be4b.xml,1,kg,EU+EFTA+UK,energy,,,"Foreground system:

PEHD production
The basis for the production of polyethylene is crude oil. Th",scraped_from_ilcd
ade98dea-0c74-4ebb-94ef-f9686eb0ddc5,,energy,processes/ade98dea-0c74-4ebb-94ef-f9686eb0ddc5.xml,1,kg,EU+EFTA+UK,energy,,,"Foreground system:
The thermal energy is produced in liquefied petroleum gas (LPG) specific heat pl",scraped_from_ilcd
9bf9733e-87bb-4678-a23f-d749c618f389,,energy,processes/9bf9733e-87bb-4678-a23f-d749c618f389.xml,1,kg,HU,energy,,,"Foreground system:
The national or regional specific electricity consumption mix is provided by the",scraped_from_ilcd
314bce13-7c9f-4fee-9073-99ed91fbbaa8,,energy,processes/314bce13-7c9f-4fee-9073-99ed91fbbaa8.xml,1,kg,AU,energy,,,"Foreground system:
The electricity is either produced in a natural gasl specific power plants and/o",scraped_from_ilcd
06b46422-ca8a-4948-b3d8-748b166e1d86,,energy,processes/06b46422-ca8a-4948-b3d8-748b166e1d86.xml,1,kg,BE,energy,,,"Foreground system:
The electricity is either produced in a heavy fuel oil (HFO) specific power plan",scraped_from_ilcd
d085c793-01d8-5c86-8af1-7b8dc0e4f48c,,energy,processes/d085c793-01d8-5c86-8af1-7b8dc0e4f48c.xml,1,kg,GLO,energy,,,The autoclave vulcanizing tank has the function of curing the shoe rubber using an electrical heatin,scraped_from_ilcd
8fa37a39-b026-59a7-adbc-ff74d3b157bd,,energy,processes/8fa37a39-b026-59a7-adbc-ff74d3b157bd.xml,1,kg,GLO,energy,,,The boarding process applies live steam or dry heat to garment that are stretched over wire or solid,scraped_from_ilcd
3505b412-8b2f-41c0-9d57-1a07a0fe3f08,,energy,processes/3505b412-8b2f-41c0-9d57-1a07a0fe3f08.xml,1,kg,MT,energy,,,"Foreground system:
The national or regional specific electricity consumption mix is provided by the",scraped_from_ilcd
dd5654b8-d51f-4cea-a92f-c00736ea4cd8,,energy,processes/dd5654b8-d51f-4cea-a92f-c00736ea4cd8.xml,1,kg,IT,energy,,,"Foreground system:
The electricity is either produced in a hard coal specific power plants and/or c",scraped_from_ilcd
61970e85-7be7-49c5-8648-1aadebc4f2a6,,energy,processes/61970e85-7be7-49c5-8648-1aadebc4f2a6.xml,1,kg,EU+EFTA+UK,energy,,,"Foreground system:

LDPE production
The basis for the production of polyethylene is crude oil. Th",scraped_from_ilcd
e031c290-7902-41e6-9974-383334136a5b,,energy,processes/e031c290-7902-41e6-9974-383334136a5b.xml,1,kg,IT,energy,,,"Foreground system:
The national or regional specific electricity consumption mix is provided by the",scraped_from_ilcd
6ab88308-043d-498e-8ff4-79f9767e893c,,energy,processes/6ab88308-043d-498e-8ff4-79f9767e893c.xml,1,kg,EU+EFTA+UK,energy,,,"Foreground system:

PP production
The basis for the production of polypropylene is crude oil. Pol",scraped_from_ilcd
8aa75f7f-8b03-4308-a4c0-4ed14cf8aeab,,energy,processes/8aa75f7f-8b03-4308-a4c0-4ed14cf8aeab.xml,1,kg,RSA,energy,,,"Foreground system:
The national or regional specific electricity consumption mix is provided by the",scraped_from_ilcd
cc714efa-c5cb-4a3b-b799-015102b39208,,energy,processes/cc714efa-c5cb-4a3b-b799-015102b39208.xml,1,kg,GB,energy,,,"Foreground system:
The electricity is either produced in a coal gas specific power plants and/or co",scraped_from_ilcd
ccb551d2-6989-47af-a9f0-fd4d1d9d0d90,,energy,processes/ccb551d2-6989-47af-a9f0-fd4d1d9d0d90.xml,1,kg,JP,energy,,,"Foreground system:
The national or regional specific electricity consumption mix is provided by the",scraped_from_ilcd
170b9534-3d28-47ca-91b9-14aeed1516e6,,energy,processes/170b9534-3d28-47ca-91b9-14aeed1516e6.xml,1,kg,CH,energy,,,"Foreground system:
The electricity is either produced in a heavy fuel oil (HFO) specific power plan",scraped_from_ilcd
d392e210-f5c9-5442-8e3d-93cfee00dfa8,,energy,processes/d392e210-f5c9-5442-8e3d-93cfee00dfa8.xml,1,kg,GLO,energy,,,"System boundaries include olive farming, olive oil extraction with pomace as a co-product and pomace",scraped_from_ilcd
1827f1d0-91a1-4045-a013-e02d28ab357a,,energy,processes/1827f1d0-91a1-4045-a013-e02d28ab357a.xml,1,kg,EU+EFTA+UK,energy,,,"Foreground system:
The basis for the production of polypropylene is crude oil. Polypropylene is pol",scraped_from_ilcd
72cbe9f0-61ff-4b27-8eec-fbc4a3e16912,,energy,processes/72cbe9f0-61ff-4b27-8eec-fbc4a3e16912.xml,1,kg,HR,energy,,,"Foreground system:
The electricity is either produced in a natural gasl specific power plants and/o",scraped_from_ilcd
901623d6-e27e-4348-9e3d-711a6273911e,,energy,processes/901623d6-e27e-4348-9e3d-711a6273911e.xml,1,kg,LT,energy,,,"Foreground system:
The electricity is either produced in a heavy fuel oil (HFO) specific power plan",scraped_from_ilcd
acb349aa-8398-489f-93bc-e1b5286ca042,,energy,processes/acb349aa-8398-489f-93bc-e1b5286ca042.xml,1,kg,SI,energy,,,"Foreground system:
The national or regional specific electricity consumption mix is provided by the",scraped_from_ilcd
8cbef720-86ee-48a4-b21c-1036dfe23245,,energy,processes/8cbef720-86ee-48a4-b21c-1036dfe23245.xml,1,kg,DE,energy,,,"Foreground system:
The electricity is either produced in a natural gasl specific power plants and/o",scraped_from_ilcd
3abc1dc1-e2a5-4c5a-93c7-1dad9cdd450e,,energy,processes/3abc1dc1-e2a5-4c5a-93c7-1dad9cdd450e.xml,1,kg,CA,energy,,,"Foreground system:
The electricity is either produced in a natural gasl specific power plants and/o",scraped_from_ilcd
e346c40f-e9e8-431d-8570-00a8323ceb46,,energy,processes/e346c40f-e9e8-431d-8570-00a8323ceb46.xml,1,kg,RAS w/o CN,energy,,,"Foreground system:
The model comprises the production of electricity from a mix of pressure water (",scraped_from_ilcd
ed22ae85-a8f6-4c1e-8467-7b48c9a63496,,energy,processes/ed22ae85-a8f6-4c1e-8467-7b48c9a63496.xml,1,kg,PT,energy,,,"Foreground system:
The electricity is either produced in a biogas specific power plants and/or comb",scraped_from_ilcd
a018f37c-d1a5-4082-87a6-e6ce43583229,,energy,processes/a018f37c-d1a5-4082-87a6-e6ce43583229.xml,1,kg,PL,energy,,,"Foreground system:
The electricity is either produced in a lignite specific power plants and/or com",scraped_from_ilcd
b427361a-fa3c-481d-af83-4edb4f0c993a,,energy,processes/b427361a-fa3c-481d-af83-4edb4f0c993a.xml,1,kg,RAS w/o CN,energy,,,"Foreground system:
The electricity is either produced in a heavy fuel oil (HFO) specific power plan",scraped_from_ilcd
90600bba-1011-4caf-9482-411bc7118b94,,energy,processes/90600bba-1011-4caf-9482-411bc7118b94.xml,1,kg,HU,energy,,,"Foreground system:
The electricity is either produced in a heavy fuel oil (HFO) specific power plan",scraped_from_ilcd
825caa1c-a961-534b-8a59-ccc9c95c9921,,energy,processes/825caa1c-a961-534b-8a59-ccc9c95c9921.xml,1,kg,ES,energy,,,"System boundaries include olive farming, olive oil extraction with pomace as a co-product and pomace",scraped_from_ilcd
36c9b278-7304-4ecc-8060-501d18bdd881,,energy,processes/36c9b278-7304-4ecc-8060-501d18bdd881.xml,1,kg,FI,energy,,,"Foreground system:
The electricity is either produced in a natural gasl specific power plants and/o",scraped_from_ilcd
bd77fcfd-0059-4dba-bb71-bd8150a8e809,,energy,processes/bd77fcfd-0059-4dba-bb71-bd8150a8e809.xml,1,kg,RU,energy,,,"Foreground system:
The country / region specific natural gas consumption mix, mix indigenous produc",scraped_from_ilcd
4198c664-ceba-4ff7-ab0f-a7c9feee1bea,,energy,processes/4198c664-ceba-4ff7-ab0f-a7c9feee1bea.xml,1,kg,GLO,energy,,,"Foreground system:
Zeolithes are produced by heating a solution containing aluminium hydrate, sodiu",scraped_from_ilcd
e01dcad0-c0e2-400a-8202-2aa2bb04f7b5,,energy,processes/e01dcad0-c0e2-400a-8202-2aa2bb04f7b5.xml,1,kg,SE,energy,,,"Foreground system:
The hydro power plant model consists of three sub-models: These sub-models are: ",scraped_from_ilcd
4adaae69-63ad-4d62-b395-c4e82a86a64a,,energy,processes/4adaae69-63ad-4d62-b395-c4e82a86a64a.xml,1,kg,IE,energy,,,"Foreground system:
The electricity is either produced in a biomass (solid) specific power plants an",scraped_from_ilcd
615ec599-7554-4903-88a4-82da1662c0ee,,energy,processes/615ec599-7554-4903-88a4-82da1662c0ee.xml,1,kg,JP,energy,,,"Foreground system:
The country / region specific hard coal consumption mix, mix indigenous produced",scraped_from_ilcd
ab10dc44-4bf4-44e9-84c9-5e89062cc7d1,,energy,processes/ab10dc44-4bf4-44e9-84c9-5e89062cc7d1.xml,1,kg,SI,energy,,,"Foreground system:
The hydro power plant model consists of three sub-models: These sub-models are: ",scraped_from_ilcd
57c7d5ca-9017-4ed8-ad8b-66af23a383e2,,energy,processes/57c7d5ca-9017-4ed8-ad8b-66af23a383e2.xml,1,kg,SE,energy,,,"Foreground system:
The model comprises the production of electricity from a mix of pressure water (",scraped_from_ilcd
4afd1015-6661-4045-a95b-f26d4451d21d,,energy,processes/4afd1015-6661-4045-a95b-f26d4451d21d.xml,1,kg,BR,energy,,,"Foreground system:
The electricity is either produced in a natural gasl specific power plants and/o",scraped_from_ilcd
f425bd46-6ef8-46d9-96ce-f2e1223277c0,,energy,processes/f425bd46-6ef8-46d9-96ce-f2e1223277c0.xml,1,kg,GLO,energy,,,"Foreground system:
Copper (II) oxide is manufactured by heating copper metal above 300°C in air, pr",scraped_from_ilcd
f7a0afb4-756a-44ad-a9ac-484df61cc390,,energy,processes/f7a0afb4-756a-44ad-a9ac-484df61cc390.xml,1,kg,AT,energy,,,"Foreground system:									
The electricity is either produced in a heavy fuel oil (HFO) specific p",scraped_from_ilcd
0062d377-ed68-4e27-bddb-a6f93a5edb73,,energy,processes/0062d377-ed68-4e27-bddb-a6f93a5edb73.xml,1,kg,FI,energy,,,"Foreground system:
The electricity is either produced in a biogas specific power plants and/or comb",scraped_from_ilcd
b292e936-e4bb-428d-b79b-1ed63f455e07,,energy,processes/b292e936-e4bb-428d-b79b-1ed63f455e07.xml,1,kg,EU+EFTA+UK,energy,,,"Foreground system:
The electricity is either produced in a biomass (solid) specific power plants an",scraped_from_ilcd
aae44b5f-5b2e-4c1e-ab2c-90fde474a9f8,,energy,processes/aae44b5f-5b2e-4c1e-ab2c-90fde474a9f8.xml,1,kg,EU+EFTA+UK,energy,,,"Foreground system:
The model comprises the production of electricity from a mix of pressure water (",scraped_from_ilcd
55c8b92c-51b4-4b11-a337-e82ecf3ec74f,,energy,processes/55c8b92c-51b4-4b11-a337-e82ecf3ec74f.xml,1,kg,LV,energy,,,"Foreground system:
The electricity is either produced in a biogas specific power plants and/or comb",scraped_from_ilcd
e49b049e-834a-49ac-b3c7-310c5be33903,,energy,processes/e49b049e-834a-49ac-b3c7-310c5be33903.xml,1,kg,RO,energy,,,"Foreground system:
The electricity is either produced in a biogas specific power plants and/or comb",scraped_from_ilcd
738a27cc-c41c-46f4-a185-88d60030c64e,,energy,processes/738a27cc-c41c-46f4-a185-88d60030c64e.xml,1,kg,RAF,energy,,,"Foreground system:
The electricity is either produced in a hard coal specific power plants and/or c",scraped_from_ilcd
e3d2a59d-a662-5a8a-82ff-69c152496a7a,,energy,processes/e3d2a59d-a662-5a8a-82ff-69c152496a7a.xml,1,kg,EU+EFTA+UK,energy,,,"Simliar to iron, garment steamer can be adjusted to the suitable temperature of the garment. In garm",scraped_from_ilcd
d6019c52-3ea2-45e7-bd6c-f1e0e4a95707,,energy,processes/d6019c52-3ea2-45e7-bd6c-f1e0e4a95707.xml,1,kg,RSA,energy,,,"Foreground system:
The electricity is either produced in a lignite specific power plants and/or com",scraped_from_ilcd
88e8d1c4-7899-49f4-8fd9-5fb50b4b4686,,energy,processes/88e8d1c4-7899-49f4-8fd9-5fb50b4b4686.xml,1,kg,EU+EFTA+UK,energy,,,"Foreground system:

Steel coil production
The data set represents the steel production based on t",scraped_from_ilcd
0c085ce9-ab84-4a2f-be79-22836b0cdb55,,energy,processes/0c085ce9-ab84-4a2f-be79-22836b0cdb55.xml,1,kg,PT,energy,,,"Foreground system:
The national or regional specific electricity consumption mix is provided by the",scraped_from_ilcd
1846918f-9409-42f9-b49e-f8182e33e07a,,energy,processes/1846918f-9409-42f9-b49e-f8182e33e07a.xml,1,kg,RNA,energy,,,"Foreground system:
The electricity is either produced in a heavy fuel oil (HFO) specific power plan",scraped_from_ilcd
cd2e5248-0a03-5a0e-a9e4-ec359c5b5def,,energy,processes/cd2e5248-0a03-5a0e-a9e4-ec359c5b5def.xml,1,kg,GLO,energy,,,The autoclave vulcanizing tank has the function of curing the shoe rubber using an electrical heatin,scraped_from_ilcd
0e009c4a-4356-497d-b7ec-e8daec0ba8ee,,energy,processes/0e009c4a-4356-497d-b7ec-e8daec0ba8ee.xml,1,kg,RAF,energy,,,"Foreground system:
The hydro power plant model consists of three sub-models: These sub-models are: ",scraped_from_ilcd
e5f45d26-711b-46bb-be3f-89cc5b9dccab,,energy,processes/e5f45d26-711b-46bb-be3f-89cc5b9dccab.xml,1,kg,CY,energy,,,"Foreground system:
The electricity is either produced in a heavy fuel oil (HFO) specific power plan",scraped_from_ilcd
eea6c6b0-2478-5b08-9747-f9c61bd97611,,energy,processes/eea6c6b0-2478-5b08-9747-f9c61bd97611.xml,1,kg,EU+EFTA+UK,energy,,,"Simliar to iron, garment steamer can be adjusted to the suitable temperature of the garment. In garm",scraped_from_ilcd
dceacc7b-1176-4a0d-85e6-1ae82a83a4bb,,energy,processes/dceacc7b-1176-4a0d-85e6-1ae82a83a4bb.xml,1,kg,ROW,energy,,,"Foreground system:
The thermal energy is produced in lignite specific heat plants. Also considered ",scraped_from_ilcd
9d68737a-0bdd-4844-9c5b-90af7771ae65,,energy,processes/9d68737a-0bdd-4844-9c5b-90af7771ae65.xml,1,kg,CA,energy,,,"Foreground system:
The electricity is either produced in a lignite specific power plants and/or com",scraped_from_ilcd
e23f0e3b-8cc0-569b-ba94-6fdab05d674b,,energy,processes/e23f0e3b-8cc0-569b-ba94-6fdab05d674b.xml,1,kg,GLO,energy,,,"Compression molding is a method of molding in which the molding material, generally preheated, is fi",scraped_from_ilcd
ff4d447d-8f5d-417a-a215-da593cb99e65,,energy,processes/ff4d447d-8f5d-417a-a215-da593cb99e65.xml,1,kg,SK,energy,,,"Foreground system:
The national or regional specific electricity consumption mix is provided by the",scraped_from_ilcd
7d379db5-7b6b-4fc6-870d-b483107c4315,,energy,processes/7d379db5-7b6b-4fc6-870d-b483107c4315.xml,1,kg,GLO,energy,,,"Foreground system:
The main primary products are iron ore, pellets and hard coal. The preparation o",scraped_from_ilcd
7fee810e-60a8-4d1b-819d-f73338ce950d,,energy,processes/7fee810e-60a8-4d1b-819d-f73338ce950d.xml,1,kg,RO,energy,,,"Foreground system:
The national or regional specific electricity consumption mix is provided by the",scraped_from_ilcd
311cfcb0-9d96-4d74-b6b0-9d46982c279c,,energy,processes/311cfcb0-9d96-4d74-b6b0-9d46982c279c.xml,1,kg,AU,energy,,,"Foreground system:
The country / region specific natural gas consumption mix, mix indigenous produc",scraped_from_ilcd
a42f9684-1ce3-445c-97b0-31fb7d61f2f6,,energy,processes/a42f9684-1ce3-445c-97b0-31fb7d61f2f6.xml,1,kg,GLO,energy,,,"Foreground system:
The modelled geothermal power plant is an averaged flash steam state-of-the-art ",scraped_from_ilcd
70f9eb98-45e1-40e1-96e9-92d206b0d1a4,,energy,processes/70f9eb98-45e1-40e1-96e9-92d206b0d1a4.xml,1,kg,AT,energy,,,"Foreground system:
The electricity is either produced in a natural gasl specific power plants and/o",scraped_from_ilcd
e925a2b9-a6ea-48e9-92e5-1415c42e5ee7,,energy,processes/e925a2b9-a6ea-48e9-92e5-1415c42e5ee7.xml,1,kg,NL,energy,,,"Foreground system:
The model comprises the production of electricity from a mix of pressure water (",scraped_from_ilcd
b4ca6d50-7793-4b23-88e2-731372110ff9,,energy,processes/b4ca6d50-7793-4b23-88e2-731372110ff9.xml,1,kg,FR,energy,,,"Foreground system:
The hydro power plant model consists of three sub-models: These sub-models are: ",scraped_from_ilcd
3716673f-7945-5185-b957-df73a3c4ada9,,energy,processes/3716673f-7945-5185-b957-df73a3c4ada9.xml,1,kg,GLO,energy,,,"Compression molding is a method of molding in which the molding material, generally preheated, is fi",scraped_from_ilcd
5e0aa771-dff6-4181-bfc6-aa27b35bbc55,,energy,processes/5e0aa771-dff6-4181-bfc6-aa27b35bbc55.xml,1,kg,RAF,energy,,,"Foreground system:
The electricity is either produced in a natural gasl specific power plants and/o",scraped_from_ilcd
97494358-2830-4c69-94bf-e51fafabb949,,energy,processes/97494358-2830-4c69-94bf-e51fafabb949.xml,1,kg,AT,energy,,,"Foreground system:
The electricity is either produced in a hard coal specific power plants and/or c",scraped_from_ilcd
dfa5c2e7-dc42-4e8c-ab5c-e7d8fbc7be4d,,energy,processes/dfa5c2e7-dc42-4e8c-ab5c-e7d8fbc7be4d.xml,1,kg,GR,energy,,,"Foreground system:
The electricity is either produced in a lignite specific power plants and/or com",scraped_from_ilcd
0290737a-0c12-43a5-a17e-3183050caba5,,energy,processes/0290737a-0c12-43a5-a17e-3183050caba5.xml,1,kg,ROW,energy,,,"Foreground system:
The process steam is produced in natural gas specific heat plants. Also consider",scraped_from_ilcd
e40d497e-59d6-4e53-ba3e-d7bcc15b421a,,energy,processes/e40d497e-59d6-4e53-ba3e-d7bcc15b421a.xml,1,kg,EU+EFTA+UK,energy,,,"Foreground system:
The electricity is either produced in a biogas specific power plants and/or comb",scraped_from_ilcd
f1f43474-413d-4324-8492-2554a1cbc00b,,energy,processes/f1f43474-413d-4324-8492-2554a1cbc00b.xml,1,kg,ES,energy,,,"Foreground system:
The electricity is either produced in a natural gasl specific power plants and/o",scraped_from_ilcd
d4d6e38d-703c-4a7c-bd08-9665eaa8c55c,,energy,processes/d4d6e38d-703c-4a7c-bd08-9665eaa8c55c.xml,1,kg,GLO,energy,,,"Foreground system:
Zeolithes are produced by heating a solution containing aluminium hydrate, sodiu",scraped_from_ilcd
474dc68e-8ce0-5b95-9076-366f2fe9504e,,energy,processes/474dc68e-8ce0-5b95-9076-366f2fe9504e.xml,1,kg,EU+EFTA+UK,energy,,,"Simliar to iron, garment steamer can be adjusted to the suitable temperature of the garment. In garm",scraped_from_ilcd
3f9f3fb2-1aad-4cdf-a419-928c9818d62d,,energy,processes/3f9f3fb2-1aad-4cdf-a419-928c9818d62d.xml,1,kg,EU+EFTA+UK,energy,,,"Foreground system:

PP production
The basis for the production of polypropylene is crude oil. Pol",scraped_from_ilcd
d87e4452-16c2-48d3-aeff-566476d8954f,,energy,processes/d87e4452-16c2-48d3-aeff-566476d8954f.xml,1,kg,DE,energy,,,"Foreground system:
The electricity is either produced in a heavy fuel oil (HFO) specific power plan",scraped_from_ilcd
c7351530-88fa-47b9-bd46-a0d2047f8f10,,energy,processes/c7351530-88fa-47b9-bd46-a0d2047f8f10.xml,1,kg,EU+EFTA+UK,energy,,,"Foreground system:

PP production
The basis for the production of polypropylene is crude oil. Pol",scraped_from_ilcd
cf75c84e-c53a-4a33-914e-4769428359dd,,energy,processes/cf75c84e-c53a-4a33-914e-4769428359dd.xml,1,kg,EU+EFTA+UK,energy,,,"Foreground system:

PE production
The basis for the production of polyethylene is crude oil. Ther",scraped_from_ilcd
1d2e90ef-de0c-58b1-8318-cf39649edbf7,,energy,processes/1d2e90ef-de0c-58b1-8318-cf39649edbf7.xml,1,kg,GLO,energy,,,The boarding process applies live steam or dry heat to garment that are stretched over wire or solid,scraped_from_ilcd
1b2499f8-8a23-5575-abce-160072cae04b,,energy,processes/1b2499f8-8a23-5575-abce-160072cae04b.xml,1,kg,GLO,energy,,,"Includes:
- Electrical energy (grid mix based on production of plastic coated texitiles, OEC, 2019)
",scraped_from_ilcd
d0b32a9c-03d5-4744-8064-4dc294703053,,energy,processes/d0b32a9c-03d5-4744-8064-4dc294703053.xml,1,kg,SK,energy,,,"Foreground system:
The electricity is either produced in a coal gas specific power plants and/or co",scraped_from_ilcd
7e83cd46-2355-5c61-9da6-c79848205ff6,,energy,processes/7e83cd46-2355-5c61-9da6-c79848205ff6.xml,1,kg,FR,energy,,,"System boundaries include olive farming, olive oil extraction with pomace as a co-product and pomace",scraped_from_ilcd
05a26a08-1ab5-4523-b25f-41b9be0ffc76,,energy,processes/05a26a08-1ab5-4523-b25f-41b9be0ffc76.xml,1,kg,EU+EFTA+UK,energy,,,"Foreground system:

PP production
The basis for the production of polypropylene is crude oil. Pol",scraped_from_ilcd
3834e9a2-37b6-4315-a7e9-8a6e01a68d16,,energy,processes/3834e9a2-37b6-4315-a7e9-8a6e01a68d16.xml,1,kg,RNA,energy,,,"Foreground system:
The hydro power plant model consists of three sub-models: These sub-models are: ",scraped_from_ilcd
7ff54b82-6394-4259-82cb-a87dfe7818c7,,energy,processes/7ff54b82-6394-4259-82cb-a87dfe7818c7.xml,1,kg,RSA,energy,,,"Foreground system:
The country / region specific natural gas consumption mix, mix indigenous produc",scraped_from_ilcd
b61008fe-d114-4417-81ab-d9dab0772b15,,energy,processes/b61008fe-d114-4417-81ab-d9dab0772b15.xml,1,kg,FR,energy,,,"Foreground system:
The model comprises the production of electricity from a mix of pressure water (",scraped_from_ilcd
822b0785-85f9-433d-b1b4-b7b782c2abbe,,energy,processes/822b0785-85f9-433d-b1b4-b7b782c2abbe.xml,1,kg,BG,energy,,,"Foreground system:
The electricity is either produced in a heavy fuel oil (HFO) specific power plan",scraped_from_ilcd
3f6fad60-3418-4ccf-9e74-7c203f936735,,energy,processes/3f6fad60-3418-4ccf-9e74-7c203f936735.xml,1,kg,HU,energy,,,"Foreground system:
The hydro power plant model consists of three sub-models: These sub-models are: ",scraped_from_ilcd
b63d42ee-f766-40d0-88ec-742bb58f57be,,energy,processes/b63d42ee-f766-40d0-88ec-742bb58f57be.xml,1,kg,EU+EFTA+UK,energy,,,"Foreground system:

Steel coil production
The data set represents the steel productionbased on th",scraped_from_ilcd
94579183-d698-433f-a5f4-16395b0dd9ba,,energy,processes/94579183-d698-433f-a5f4-16395b0dd9ba.xml,1,kg,AU,energy,,,"Foreground system:
The electricity is either produced in a coal gas specific power plants and/or co",scraped_from_ilcd
dea82605-1493-44ee-9ef4-4ac5202a56a3,,energy,processes/dea82605-1493-44ee-9ef4-4ac5202a56a3.xml,1,kg,NL,energy,,,"Foreground system:
The hydro power plant model consists of three sub-models: These sub-models are: ",scraped_from_ilcd
10dee476-2d7f-4e1b-a458-206a18be0fcf,,energy,processes/10dee476-2d7f-4e1b-a458-206a18be0fcf.xml,1,kg,HU,energy,,,"Foreground system:
The electricity is either produced in a coal gas specific power plants and/or co",scraped_from_ilcd
91d1f352-30bb-5247-a266-3bb65a3d0e21,,energy,processes/91d1f352-30bb-5247-a266-3bb65a3d0e21.xml,1,kg,GLO,energy,,,"Includes:
- Electrical energy (grid mix based on production of plastic coated texitiles, OEC, 2019)
",scraped_from_ilcd
10e9c138-2b8d-4642-adde-8917043f39e2,,energy,processes/10e9c138-2b8d-4642-adde-8917043f39e2.xml,1,kg,CN,energy,,,"Foreground system:
The electricity is either produced in a coal gas specific power plants and/or co",scraped_from_ilcd
13e80e9e-f556-4cda-9a57-c73ebd0b6127,,energy,processes/13e80e9e-f556-4cda-9a57-c73ebd0b6127.xml,1,kg,BE,energy,,,"Foreground system:
The electricity is either produced in a biogas specific power plants and/or comb",scraped_from_ilcd
adaaf933-9dd3-400f-acad-ed51598fa1af,,energy,processes/adaaf933-9dd3-400f-acad-ed51598fa1af.xml,1,kg,CA,energy,,,"Foreground system:
The electricity is either produced in a coal gas specific power plants and/or co",scraped_from_ilcd
0b491057-5549-4a17-8738-193a695bcea5,,energy,processes/0b491057-5549-4a17-8738-193a695bcea5.xml,1,kg,NZ,energy,,,"Foreground system:
The electricity is either produced in a biomass (solid) specific power plants an",scraped_from_ilcd
00efa381-9301-40cc-9997-3674dd5b5376,,energy,processes/00efa381-9301-40cc-9997-3674dd5b5376.xml,1,kg,LV,energy,,,"Foreground system:
The electricity is either produced in a biomass (solid) specific power plants an",scraped_from_ilcd
1fe6ddb4-b23e-42d3-8c51-df9cbe148dce,,energy,processes/1fe6ddb4-b23e-42d3-8c51-df9cbe148dce.xml,1,kg,NL,energy,,,"Foreground system:
The national or regional specific electricity consumption mix is provided by the",scraped_from_ilcd
7446d134-90ad-48d9-a420-881dc019a0d5,,energy,processes/7446d134-90ad-48d9-a420-881dc019a0d5.xml,1,kg,EU+EFTA+UK,energy,,,"Foreground system:

Steel coil production
The data set represents the steel production based on t",scraped_from_ilcd
dd7a58e3-a563-400a-b28b-e9e3299fb5d2,,energy,processes/dd7a58e3-a563-400a-b28b-e9e3299fb5d2.xml,1,kg,BG,energy,,,"Foreground system:
The electricity is either produced in a lignite specific power plants and/or com",scraped_from_ilcd
f2b6d074-fef6-4e6d-b9d5-f83ffda98a25,,energy,processes/f2b6d074-fef6-4e6d-b9d5-f83ffda98a25.xml,1,kg,HU,energy,,,"Foreground system:
The electricity is either produced in a biomass (solid) specific power plants an",scraped_from_ilcd
c07219cb-b3c3-5e09-b912-093a1364a6e4,,energy,processes/c07219cb-b3c3-5e09-b912-093a1364a6e4.xml,1,kg,GLO,energy,,,"In the cementing process, the outsole, midsole and the upper body or vamp are heated and  the respec",scraped_from_ilcd
cc2dbc1c-c918-5a0a-91a4-533ed1d171e5,,energy,processes/cc2dbc1c-c918-5a0a-91a4-533ed1d171e5.xml,1,kg,GLO,energy,,,The autoclave vulcanizing tank has the function of curing the shoe rubber using an electrical heatin,scraped_from_ilcd
7f20b345-c825-4396-890e-d6c900024088,,energy,processes/7f20b345-c825-4396-890e-d6c900024088.xml,1,kg,RSA,energy,,,"Foreground system:
The electricity is either produced in a heavy fuel oil (HFO) specific power plan",scraped_from_ilcd
fa44b469-9fd7-49e5-8da5-6db1fec582d5,,energy,processes/fa44b469-9fd7-49e5-8da5-6db1fec582d5.xml,1,kg,ES,energy,,,"Foreground system:
The model comprises the production of electricity from a mix of pressure water (",scraped_from_ilcd
1093ea4f-dd2f-4a99-843a-fa6835833497,,energy,processes/1093ea4f-dd2f-4a99-843a-fa6835833497.xml,1,kg,IT,energy,,,"Foreground system:
The hydro power plant model consists of three sub-models: These sub-models are: ",scraped_from_ilcd
5d4a3c62-ffba-4cb9-83a4-287445a1bc05,,energy,processes/5d4a3c62-ffba-4cb9-83a4-287445a1bc05.xml,1,kg,SI,energy,,,"Foreground system:
The electricity is either produced in a biomass (solid) specific power plants an",scraped_from_ilcd
70a378ff-9f4f-4283-93b4-e7097be9d4aa,,energy,processes/70a378ff-9f4f-4283-93b4-e7097be9d4aa.xml,1,kg,HR,energy,,,"Foreground system:
The electricity is either produced in a hard coal specific power plants and/or c",scraped_from_ilcd
0e19c6f5-eb95-4a50-924d-5d1d1a5d91d0,,energy,processes/0e19c6f5-eb95-4a50-924d-5d1d1a5d91d0.xml,1,kg,NO,energy,,,"Foreground system:
The national or regional specific electricity consumption mix is provided by the",scraped_from_ilcd
114e0e65-327b-49a3-b092-8d979d7ca30d,,energy,processes/114e0e65-327b-49a3-b092-8d979d7ca30d.xml,1,kg,EU+EFTA+UK,energy,,,"Foreground system:
The electricity is either produced in a heavy fuel oil (HFO) specific power plan",scraped_from_ilcd
602bba9c-3262-4555-a0a4-7b9f6bc50f82,,energy,processes/602bba9c-3262-4555-a0a4-7b9f6bc50f82.xml,1,kg,EU+EFTA+UK,energy,,,"Foreground system:
The thermal energy is produced in heavy fuel oil (HFO) specific heat plants. Als",scraped_from_ilcd
c3bbaed4-1e2a-41d5-97c2-6dc68f83112a,,energy,processes/c3bbaed4-1e2a-41d5-97c2-6dc68f83112a.xml,1,kg,JP,energy,,,"Foreground system:
The electricity is either produced in a coal gas specific power plants and/or co",scraped_from_ilcd
b1655a91-37c4-4f17-9a1d-94b1c3be1ea5,,energy,processes/b1655a91-37c4-4f17-9a1d-94b1c3be1ea5.xml,1,kg,RAF,energy,,,"Foreground system:
The electricity is either produced in a heavy fuel oil (HFO) specific power plan",scraped_from_ilcd
61cfc75a-391f-4512-a907-4f92114058c1,,energy,processes/61cfc75a-391f-4512-a907-4f92114058c1.xml,1,kg,EU+EFTA+UK,energy,,,"Foreground system:
The thermal energy is produced in hard coal specific heat plants. Also considere",scraped_from_ilcd
6e8ee317-e6c5-4316-a329-94f7a629aa72,,energy,processes/6e8ee317-e6c5-4316-a329-94f7a629aa72.xml,1,kg,AU,energy,,,"Foreground system:
The hydro power plant model consists of three sub-models: These sub-models are: ",scraped_from_ilcd
920b0d1d-0824-4770-a5a9-79dcb03f404e,,energy,processes/920b0d1d-0824-4770-a5a9-79dcb03f404e.xml,1,kg,SI,energy,,,"Foreground system:
The electricity is either produced in a natural gasl specific power plants and/o",scraped_from_ilcd
442c300d-83a9-49f5-90f7-2ae563022fe3,,energy,processes/442c300d-83a9-49f5-90f7-2ae563022fe3.xml,1,kg,GB,energy,,,"Foreground system:
The national or regional specific electricity consumption mix is provided by the",scraped_from_ilcd
fb5f4368-5bfb-5be5-9851-1f2f779581ac,,energy,processes/fb5f4368-5bfb-5be5-9851-1f2f779581ac.xml,1,kg,IT,energy,,,"System boundaries include olive farming, olive oil extraction with pomace as a co-product and pomace",scraped_from_ilcd
59bc1a7a-de23-4803-bd43-692d4e122ba7,,energy,processes/59bc1a7a-de23-4803-bd43-692d4e122ba7.xml,1,kg,CH,energy,,,"Foreground system:
The national or regional specific electricity consumption mix is provided by the",scraped_from_ilcd
9daa5b8d-8134-4ab5-b745-7bb6dab2c6c1,,energy,processes/9daa5b8d-8134-4ab5-b745-7bb6dab2c6c1.xml,1,kg,DE,energy,,,"Foreground system:
The electricity is either produced in a biomass (solid) specific power plants an",scraped_from_ilcd
f390a738-024c-4926-bd44-f4f0392c4e6f,,energy,processes/f390a738-024c-4926-bd44-f4f0392c4e6f.xml,1,kg,RAF,energy,,,"Foreground system:
The electricity is either produced in a biomass (solid) specific power plants an",scraped_from_ilcd
62ef01af-abd0-4ccd-97fe-abc7d88bdde9,,energy,processes/62ef01af-abd0-4ccd-97fe-abc7d88bdde9.xml,1,kg,LT,energy,,,"Foreground system:
The hydro power plant model consists of three sub-models: These sub-models are: ",scraped_from_ilcd
76b97a5c-34af-4a42-9ca8-420c363bf719,,energy,processes/76b97a5c-34af-4a42-9ca8-420c363bf719.xml,1,kg,GLO,energy,,,"Foreground system:
Using a MIG/MAG-welding (metal-inert gas/metal-active gas) process, the arc is i",scraped_from_ilcd
d53d7b71-871e-45ac-8268-81f822514f0a,,energy,processes/d53d7b71-871e-45ac-8268-81f822514f0a.xml,1,kg,EU+EFTA+UK,energy,,,"Foreground system:

LDPE production
The basis for the production of polyethylene is crude oil. Th",scraped_from_ilcd
2933b69d-92f3-4c8a-aa75-aa0143be930d,,energy,processes/2933b69d-92f3-4c8a-aa75-aa0143be930d.xml,1,kg,SK,energy,,,"Foreground system:
The electricity is either produced in a lignite specific power plants and/or com",scraped_from_ilcd
b9559213-30ce-4629-8b7e-48d7ce670570,,energy,processes/b9559213-30ce-4629-8b7e-48d7ce670570.xml,1,kg,RNA,energy,,,"Foreground system:
The electricity is either produced in a biomass (solid) specific power plants an",scraped_from_ilcd
9c7a1364-5a69-483e-b15f-5f6a14e757ce,,energy,processes/9c7a1364-5a69-483e-b15f-5f6a14e757ce.xml,1,kg,HR,energy,,,"Foreground system:
The national or regional specific electricity consumption mix is provided by the",scraped_from_ilcd
8621856e-09dc-4770-9de3-23958b0fafbf,,energy,processes/8621856e-09dc-4770-9de3-23958b0fafbf.xml,1,kg,EU+EFTA+UK,energy,,,"Mass and material composition of corresponding production dataset used, energy used for dismantling ",scraped_from_ilcd
318e9a40-6262-46e5-b934-6b568eb5e724,,energy,processes/318e9a40-6262-46e5-b934-6b568eb5e724.xml,1,kg,EE,energy,,,"Foreground system:
The hydro power plant model consists of three sub-models: These sub-models are: ",scraped_from_ilcd
6db6eb11-a647-4818-970b-fbe1e5d2a990,,energy,processes/6db6eb11-a647-4818-970b-fbe1e5d2a990.xml,1,kg,LV,energy,,,"Foreground system:
The electricity is either produced in a heavy fuel oil (HFO) specific power plan",scraped_from_ilcd
7e58d44e-3a58-4976-99cb-5796481beee9,,energy,processes/7e58d44e-3a58-4976-99cb-5796481beee9.xml,1,kg,BR,energy,,,"Foreground system:
The electricity is either produced in a hard coal specific power plants and/or c",scraped_from_ilcd
ae3f22bd-2707-59fa-a5b7-58995a9944c1,,energy,processes/ae3f22bd-2707-59fa-a5b7-58995a9944c1.xml,1,kg,GLO,energy,,,"The process of thermoplastic welding consists of the same basic elements: heat, pressure, and coolin",scraped_from_ilcd
cd9eaef5-79c4-4b6e-8ac5-843a809aa3c8,,energy,processes/cd9eaef5-79c4-4b6e-8ac5-843a809aa3c8.xml,1,kg,LT,energy,,,"Foreground system:
The model comprises the production of electricity from a mix of pressure water (",scraped_from_ilcd
305a7f71-d27c-40bb-b62f-42c00b68cc11,,energy,processes/305a7f71-d27c-40bb-b62f-42c00b68cc11.xml,1,kg,LU,energy,,,"Foreground system:
The national or regional specific electricity consumption mix is provided by the",scraped_from_ilcd
68be63b0-ffda-5cfa-aafd-a915cd51f7e8,,energy,processes/68be63b0-ffda-5cfa-aafd-a915cd51f7e8.xml,1,kg,GLO,energy,,,"The process of thermoplastic welding consists of the same basic elements: heat, pressure, and coolin",scraped_from_ilcd
43af5012-50d3-4db2-9651-b860ab8ca5a5,,energy,processes/43af5012-50d3-4db2-9651-b860ab8ca5a5.xml,1,kg,EE,energy,,,"Foreground system:
The national or regional specific electricity consumption mix is provided by the",scraped_from_ilcd
130d47d5-9c93-4f11-9ddc-095f6e30c9cb,,energy,processes/130d47d5-9c93-4f11-9ddc-095f6e30c9cb.xml,1,kg,IT,energy,,,"Foreground system:
The electricity is either produced in a biogas specific power plants and/or comb",scraped_from_ilcd
8db1318e-9c96-4a0c-8113-ee7365768830,,energy,processes/8db1318e-9c96-4a0c-8113-ee7365768830.xml,1,kg,GR,energy,,,"Foreground system:
The electricity is either produced in a biogas specific power plants and/or comb",scraped_from_ilcd
945f1132-fa20-457e-a38a-c46852e8146e,,energy,processes/945f1132-fa20-457e-a38a-c46852e8146e.xml,1,kg,CZ,energy,,,"Foreground system:
The model comprises the production of electricity from a mix of pressure water (",scraped_from_ilcd
d63bcf68-07b4-5160-b37c-9ba0ae0de665,,energy,processes/d63bcf68-07b4-5160-b37c-9ba0ae0de665.xml,1,kg,GLO,energy,,,This model only covered the usage of heat pressing machines. The printing process is not included. H,scraped_from_ilcd
1b12fb23-f471-434e-af3d-0d09698d5584,,energy,processes/1b12fb23-f471-434e-af3d-0d09698d5584.xml,1,kg,AT,energy,,,"Foreground system:
The electricity is either produced in a coal gas specific power plants and/or co",scraped_from_ilcd
b357097c-b099-4bf9-b327-ca9badfed426,,energy,processes/b357097c-b099-4bf9-b327-ca9badfed426.xml,1,kg,GLO,energy,,,"Foreground system:
The thermal energy is produced in biomass (solid) specific heat plants. Also con",scraped_from_ilcd
3d5645c2-22f8-4bab-9afd-4effacc5646d,,energy,processes/3d5645c2-22f8-4bab-9afd-4effacc5646d.xml,1,kg,EU+EFTA+UK,energy,,,"Foreground system:

HDPE production
The basis for the production of polyethylene is crude oil. Th",scraped_from_ilcd
c1f05376-ca0c-4e8c-90d4-30820073c4ac,,energy,processes/c1f05376-ca0c-4e8c-90d4-30820073c4ac.xml,1,kg,IT,energy,,,"Foreground system:
The electricity is either produced in a natural gasl specific power plants and/o",scraped_from_ilcd
230634b6-93a8-58bf-b9a2-669ee08e170b,,energy,processes/230634b6-93a8-58bf-b9a2-669ee08e170b.xml,1,kg,GLO,energy,,,The machine used in this model requires manual operation (not fully automatic). Heating might be req,scraped_from_ilcd
6d17781a-2cca-542b-b47b-795cdcd3f0a3,,energy,processes/6d17781a-2cca-542b-b47b-795cdcd3f0a3.xml,1,kg,GLO,energy,,,The machine used in this model requires manual operation (not fully automatic). Heating might be req,scraped_from_ilcd
514f3536-de3c-5501-b30d-4702a4132327,,energy,processes/514f3536-de3c-5501-b30d-4702a4132327.xml,1,kg,GLO,energy,,,The autoclave vulcanizing tank has the function of curing the shoe rubber using an electrical heatin,scraped_from_ilcd
fb5dd0f2-6235-4641-be47-cdc852970e69,,energy,processes/fb5dd0f2-6235-4641-be47-cdc852970e69.xml,1,kg,CA,energy,,,"Foreground system:
The electricity is either produced in a biomass (solid) specific power plants an",scraped_from_ilcd
cd103922-0039-4e74-9bbd-490abf0e1943,,energy,processes/cd103922-0039-4e74-9bbd-490abf0e1943.xml,1,kg,IN,energy,,,"Foreground system:
The national or regional specific electricity consumption mix is provided by the",scraped_from_ilcd
7fd5da9a-699f-48a5-8406-7a65ea9a7f24,,energy,processes/7fd5da9a-699f-48a5-8406-7a65ea9a7f24.xml,1,kg,CA,energy,,,"Foreground system:
The electricity is either produced in a hard coal specific power plants and/or c",scraped_from_ilcd
8a4b4584-32a1-4cdc-b531-16234a9fcc26,,energy,processes/8a4b4584-32a1-4cdc-b531-16234a9fcc26.xml,1,kg,JP,energy,,,"Foreground system:
The country / region specific natural gas consumption mix, mix indigenous produc",scraped_from_ilcd
58e6926c-87b3-4f19-b662-b6ce9668937e,,energy,processes/58e6926c-87b3-4f19-b662-b6ce9668937e.xml,1,kg,GLO,energy,,,"Foreground system:
In the foaming process, plastic is extruded, heated until it melts and mixed wit",scraped_from_ilcd
1f502998-53b1-45be-b7c7-f9d97cc0a3ff,,energy,processes/1f502998-53b1-45be-b7c7-f9d97cc0a3ff.xml,1,kg,RSA,energy,,,"Foreground system:
The electricity is either produced in a hard coal specific power plants and/or c",scraped_from_ilcd
f835dbd6-8271-462c-8e38-1ab2d9183f71,,energy,processes/f835dbd6-8271-462c-8e38-1ab2d9183f71.xml,1,kg,BG,energy,,,"Foreground system:
The national or regional specific electricity consumption mix is provided by the",scraped_from_ilcd
0609f160-3549-405d-be4d-7d105839f39c,,energy,processes/0609f160-3549-405d-be4d-7d105839f39c.xml,1,kg,DE,energy,,,"Foreground system:
The electricity is either produced in a hard coal specific power plants and/or c",scraped_from_ilcd
964d9e71-6c81-4e25-a137-a9d014581a6f,,energy,processes/964d9e71-6c81-4e25-a137-a9d014581a6f.xml,1,kg,AT,energy,,,"Foreground system:
The hydro power plant model consists of three sub-models: These sub-models are: ",scraped_from_ilcd
7eecf417-5de3-5272-9cbe-e868aac1dd2a,,energy,processes/7eecf417-5de3-5272-9cbe-e868aac1dd2a.xml,1,kg,GLO,energy,,,Data represents waxing process. During waxing electricity and wax (paraffin) are consumed. Electrici,scraped_from_ilcd
d2c91901-d8c4-47d6-9cc8-4aa59c4add3b,,energy,processes/d2c91901-d8c4-47d6-9cc8-4aa59c4add3b.xml,1,kg,NL,energy,,,"Foreground system:
The electricity is either produced in a heavy fuel oil (HFO) specific power plan",scraped_from_ilcd
9cb1aa74-c567-4f5e-8e04-c4d49f02cff2,,energy,processes/9cb1aa74-c567-4f5e-8e04-c4d49f02cff2.xml,1,kg,GR,energy,,,"Foreground system:
The hydro power plant model consists of three sub-models: These sub-models are: ",scraped_from_ilcd
37c5dde7-4882-4749-8a85-024060368ca3,,energy,processes/37c5dde7-4882-4749-8a85-024060368ca3.xml,1,kg,RAS w/o CN,energy,,,"Foreground system:
The hydro power plant model consists of three sub-models: These sub-models are: ",scraped_from_ilcd
eb6c15a5-abcd-4d1a-ab7f-fb1cc364a130,,energy,processes/eb6c15a5-abcd-4d1a-ab7f-fb1cc364a130.xml,1,kg,EU+EFTA+UK,energy,,,"Foreground system:
The basis for the production of polypropylene is crude oil. Polypropylene is pol",scraped_from_ilcd
ad9119f2-914d-4ce7-be23-991ef363bdee,,energy,processes/ad9119f2-914d-4ce7-be23-991ef363bdee.xml,1,kg,CY,energy,,,"Foreground system:
The national or regional specific electricity consumption mix is provided by the",scraped_from_ilcd
f25fc2eb-5d99-4fbe-9032-43a7a04ec81b,,energy,processes/f25fc2eb-5d99-4fbe-9032-43a7a04ec81b.xml,1,kg,IN,energy,,,"Foreground system:
The hydro power plant model consists of three sub-models: These sub-models are: ",scraped_from_ilcd
dfedd752-9729-4c97-bde6-d3e2f7032006,,energy,processes/dfedd752-9729-4c97-bde6-d3e2f7032006.xml,1,kg,EU+EFTA+UK,energy,,,"Mass and material composition of corresponding production dataset used, energy used for dismantling ",scraped_from_ilcd
0c9e535a-38d2-497d-b672-eff8ee682acd,,energy,processes/0c9e535a-38d2-497d-b672-eff8ee682acd.xml,1,kg,FR,energy,,,"Foreground system:
The electricity is either produced in a hard coal specific power plants and/or c",scraped_from_ilcd
b48b2818-102a-4b17-9bc2-538d0f358e45,,energy,processes/b48b2818-102a-4b17-9bc2-538d0f358e45.xml,1,kg,FI,energy,,,"Foreground system:
The electricity is either produced in a biomass (solid) specific power plants an",scraped_from_ilcd
58b135a6-c11b-4d43-bd63-3a34045a8999,,energy,processes/58b135a6-c11b-4d43-bd63-3a34045a8999.xml,1,kg,RSA,energy,,,"Foreground system:
The hydro power plant model consists of three sub-models: These sub-models are: ",scraped_from_ilcd
99fb7b5a-b681-40ea-9ccb-7b54b336d23c,,energy,processes/99fb7b5a-b681-40ea-9ccb-7b54b336d23c.xml,1,kg,DE,energy,,,"Foreground system:									
The national or regional specific electricity consumption mix is provid",scraped_from_ilcd
c42c1f3f-0578-4c70-99e9-4ada77da3624,,energy,processes/c42c1f3f-0578-4c70-99e9-4ada77da3624.xml,1,kg,AU,energy,,,"Foreground system:
The electricity is either produced in a biogas specific power plants and/or comb",scraped_from_ilcd
6af14cd2-fd8b-408c-a149-849b0d10c195,,energy,processes/6af14cd2-fd8b-408c-a149-849b0d10c195.xml,1,kg,EU+EFTA+UK,energy,,,"Foreground system:
The country / region specific natural gas consumption mix, mix indigenous produc",scraped_from_ilcd
e802abf1-90a4-4a1c-9ef4-447c5848cf46,,energy,processes/e802abf1-90a4-4a1c-9ef4-447c5848cf46.xml,1,kg,PL,energy,,,"Foreground system:
The hydro power plant model consists of three sub-models: These sub-models are: ",scraped_from_ilcd
7c2cd08a-3b9a-43d9-9eba-b57d32bbf0b1,,energy,processes/7c2cd08a-3b9a-43d9-9eba-b57d32bbf0b1.xml,1,kg,DE,energy,,,"Foreground system:
The electricity is either produced in a lignite specific power plants and/or com",scraped_from_ilcd
a71e316a-04e6-48b7-8b76-69fc214c6d5a,,energy,processes/a71e316a-04e6-48b7-8b76-69fc214c6d5a.xml,1,kg,CZ,energy,,,"Foreground system:
The national or regional specific electricity consumption mix is provided by the",scraped_from_ilcd
c6e94a33-e80d-4cb0-8da3-c0f2fafbd82d,,energy,processes/c6e94a33-e80d-4cb0-8da3-c0f2fafbd82d.xml,1,kg,RAS,energy,,,"Foreground system:

1. Rape seed oil methyl ester (RME)
The intensive cultivation of winter rape-",scraped_from_ilcd
f6b9db22-1e6c-47ca-9776-13b139371bf8,,energy,processes/f6b9db22-1e6c-47ca-9776-13b139371bf8.xml,1,kg,RSA,energy,,,"Foreground system:
The model comprises the production of electricity from a mix of pressure water (",scraped_from_ilcd
325da835-94ae-4e66-a0d3-9904c9f4aef9,,energy,processes/325da835-94ae-4e66-a0d3-9904c9f4aef9.xml,1,kg,RAS w/o CN,energy,,,"Foreground system:
The electricity is either produced in a coal gas specific power plants and/or co",scraped_from_ilcd
744110bc-7800-4a25-8ab6-dbbd414facab,,energy,processes/744110bc-7800-4a25-8ab6-dbbd414facab.xml,1,kg,RU,energy,,,"Foreground system:
The electricity is either produced in a natural gasl specific power plants and/o",scraped_from_ilcd
1eae4a2f-faa6-4b81-8968-e0e23d18d2c7,,energy,processes/1eae4a2f-faa6-4b81-8968-e0e23d18d2c7.xml,1,kg,CZ,energy,,,"Foreground system:
The electricity is either produced in a heavy fuel oil (HFO) specific power plan",scraped_from_ilcd
1b99d809-b84b-4e4e-8631-8d009e7f3a17,,energy,processes/1b99d809-b84b-4e4e-8631-8d009e7f3a17.xml,1,kg,PT,energy,,,"Foreground system:
The electricity is either produced in a biomass (solid) specific power plants an",scraped_from_ilcd
cc83291e-2759-4fbd-b2ef-d341be59414c,,energy,processes/cc83291e-2759-4fbd-b2ef-d341be59414c.xml,1,kg,IE,energy,,,"Foreground system:
The electricity is either produced in a hard coal specific power plants and/or c",scraped_from_ilcd
68063d30-140c-4088-9058-1105a4fa8244,,energy,processes/68063d30-140c-4088-9058-1105a4fa8244.xml,1,kg,ES,energy,,,"Foreground system:
The electricity is either produced in a coal gas specific power plants and/or co",scraped_from_ilcd
c5913555-dcb1-4ddc-95bd-5cc4a6f893d4,,energy,processes/c5913555-dcb1-4ddc-95bd-5cc4a6f893d4.xml,1,kg,RNA,energy,,,"Foreground system:
The model represents the country specific mix of different types of biogas. Thre",scraped_from_ilcd
6d2be009-c0ba-402f-a1e1-a11d6f607e91,,energy,processes/6d2be009-c0ba-402f-a1e1-a11d6f607e91.xml,1,kg,EU+EFTA+UK,energy,,,"Mass and material composition of corresponding production dataset used, energy used for dismantling ",scraped_from_ilcd
fccef65f-2a64-418d-9526-f47e82687d4c,,energy,processes/fccef65f-2a64-418d-9526-f47e82687d4c.xml,1,kg,RO,energy,,,"Foreground system:
The electricity is either produced in a hard coal specific power plants and/or c",scraped_from_ilcd
4ce14a5a-7548-4cd5-8319-c6829f527766,,energy,processes/4ce14a5a-7548-4cd5-8319-c6829f527766.xml,1,kg,RoW,energy,,,"Foreground system:
The process steam is produced in biomass (solid) specific heat plants. Also cons",scraped_from_ilcd
4aef3596-c0f8-492e-a8b9-e1669c54f889,,energy,processes/4aef3596-c0f8-492e-a8b9-e1669c54f889.xml,1,kg,EU+EFTA+UK,energy,,,"Foreground system:
The basis for the production of polyethylene is crude oil. There are a few proce",scraped_from_ilcd
976a4c46-d2e5-4607-838a-4138e9a6c470,,energy,processes/976a4c46-d2e5-4607-838a-4138e9a6c470.xml,1,kg,RU,energy,,,"Foreground system:
The national or regional specific electricity consumption mix is provided by the",scraped_from_ilcd
6581b003-21a0-4929-8107-27c427743118,,energy,processes/6581b003-21a0-4929-8107-27c427743118.xml,1,kg,CN,energy,,,"Foreground system:
The electricity is either produced in a biomass (solid) specific power plants an",scraped_from_ilcd
c6e308c9-61d4-461f-9cee-9f80fcb18f36,,energy,processes/c6e308c9-61d4-461f-9cee-9f80fcb18f36.xml,1,kg,SK,energy,,,"Foreground system:
The electricity is either produced in a biogas specific power plants and/or comb",scraped_from_ilcd
ea180e02-7425-405f-a6e6-3bace70f0aac,,energy,processes/ea180e02-7425-405f-a6e6-3bace70f0aac.xml,1,kg,CZ,energy,,,"Foreground system:
The electricity is either produced in a coal gas specific power plants and/or co",scraped_from_ilcd
fc8ebe71-a852-4cc1-8fba-f640b8bbd02d,,energy,processes/fc8ebe71-a852-4cc1-8fba-f640b8bbd02d.xml,1,kg,GLO,energy,,,"Foreground system:
The laser cutter generates a high- power laser jet which is strong enough to mel",scraped_from_ilcd
bec24b54-2ee5-41d3-8cb6-beac6797bfd8,,energy,processes/bec24b54-2ee5-41d3-8cb6-beac6797bfd8.xml,1,kg,BR,energy,,,"Foreground system:
The electricity is either produced in a lignite specific power plants and/or com",scraped_from_ilcd
7cc3d13c-07b0-4762-b2a1-9edd20260762,,energy,processes/7cc3d13c-07b0-4762-b2a1-9edd20260762.xml,1,kg,NL,energy,,,"Foreground system:
The electricity is either produced in a coal gas specific power plants and/or co",scraped_from_ilcd
cd75a672-c197-5035-b5e6-03fe376791df,,energy,processes/cd75a672-c197-5035-b5e6-03fe376791df.xml,1,kg,IT,energy,,,"System boundaries include olive farming, olive oil extraction with pomace as a co-product and pomace",scraped_from_ilcd
3e7cd195-257e-51a4-8c62-b15b409dbca0,,energy,processes/3e7cd195-257e-51a4-8c62-b15b409dbca0.xml,1,kg,FR,energy,,,"System boundaries include olive farming, olive oil extraction with pomace as a co-product and pomace",scraped_from_ilcd
4f615629-c6ec-5f49-9695-28d8643680bd,,energy,processes/4f615629-c6ec-5f49-9695-28d8643680bd.xml,1,kg,GLO,energy,,,"The model is based on Flexible rubber Foam (Polyurethane) production, the energy and infrastructure ",scraped_from_ilcd
2d5f10f2-ea8e-45cf-afa3-59d80f93ea4d,,energy,processes/2d5f10f2-ea8e-45cf-afa3-59d80f93ea4d.xml,1,kg,EU+EFTA+UK,energy,,,"Foreground system:

Steel coil production
The data set represents the steel production based on t",scraped_from_ilcd
898a9635-07f1-456e-95fe-14bb8b8ac00c,,energy,processes/898a9635-07f1-456e-95fe-14bb8b8ac00c.xml,1,kg,DE,energy,,,"Foreground system:
The model comprises the production of electricity from a mix of pressure water (",scraped_from_ilcd
3f096314-196c-4a37-ad5d-0547b27057ea,,energy,processes/3f096314-196c-4a37-ad5d-0547b27057ea.xml,1,kg,JP,energy,,,"Foreground system:
The electricity is either produced in a biomass (solid) specific power plants an",scraped_from_ilcd
5f234246-97de-4ff5-8390-097bfb310d85,,energy,processes/5f234246-97de-4ff5-8390-097bfb310d85.xml,1,kg,GR,energy,,,"Foreground system:
The electricity is either produced in a natural gasl specific power plants and/o",scraped_from_ilcd
496c7d18-20c6-46da-89e5-fc213f7386be,,energy,processes/496c7d18-20c6-46da-89e5-fc213f7386be.xml,1,kg,LU,energy,,,"Foreground system:
The electricity is either produced in a heavy fuel oil (HFO) specific power plan",scraped_from_ilcd
9adbfa26-a55b-45da-bfdb-88454fa03e4b,,energy,processes/9adbfa26-a55b-45da-bfdb-88454fa03e4b.xml,1,kg,RNA,energy,,,"Foreground system:
The model comprises the production of electricity from a mix of pressure water (",scraped_from_ilcd
d97f52ab-6b7d-4451-946d-515b0bd10158,,energy,processes/d97f52ab-6b7d-4451-946d-515b0bd10158.xml,1,kg,DK,energy,,,"Foreground system:
The electricity is either produced in a natural gasl specific power plants and/o",scraped_from_ilcd
c4655a56-2199-47bc-bbc0-fad17ca6e49e,,energy,processes/c4655a56-2199-47bc-bbc0-fad17ca6e49e.xml,1,kg,IE,energy,,,"Foreground system:
The hydro power plant model consists of three sub-models: These sub-models are: ",scraped_from_ilcd
e0704c47-dde7-43fd-b4cd-3d065a7525a5,,energy,processes/e0704c47-dde7-43fd-b4cd-3d065a7525a5.xml,1,kg,EU+EFTA+UK,energy,,,"Foreground system:
The process steam is produced in hard coal specific heat plants. Also considered",scraped_from_ilcd
001f25c7-9902-4a03-9a97-3f0578ef168b,,energy,processes/001f25c7-9902-4a03-9a97-3f0578ef168b.xml,1,kg,EU+EFTA+UK,energy,,,"Mass and material composition of corresponding production dataset used, energy used for dismantling ",scraped_from_ilcd
2de159ed-eca1-4d4a-90a2-8cf6c6a7e8de,,energy,processes/2de159ed-eca1-4d4a-90a2-8cf6c6a7e8de.xml,1,kg,NO,energy,,,"Foreground system:
The electricity is either produced in a biomass (solid) specific power plants an",scraped_from_ilcd
c75b70bd-ce4d-43d1-8fd9-f7c539e75302,,energy,processes/c75b70bd-ce4d-43d1-8fd9-f7c539e75302.xml,1,kg,FR,energy,,,"Foreground system:
The electricity is either produced in a biogas specific power plants and/or comb",scraped_from_ilcd
62c20944-18f3-4e0b-96cb-5f62e8765c3e,,energy,processes/62c20944-18f3-4e0b-96cb-5f62e8765c3e.xml,1,kg,IN,energy,,,"Foreground system:
The electricity is either produced in a hard coal specific power plants and/or c",scraped_from_ilcd
2d04b5af-2a4a-4b9c-9202-a02061c03dd1,,energy,processes/2d04b5af-2a4a-4b9c-9202-a02061c03dd1.xml,1,kg,AU,energy,,,"Foreground system:
The country / region specific hard coal consumption mix, mix indigenous produced",scraped_from_ilcd
89508cf6-af21-402a-84b3-ee2b81ed4a9b,,energy,processes/89508cf6-af21-402a-84b3-ee2b81ed4a9b.xml,1,kg,IS,energy,,,"Foreground system:
The national or regional specific electricity consumption mix is provided by the",scraped_from_ilcd
d90c2f39-fef9-44a4-a712-5dbb046da6da,,energy,processes/d90c2f39-fef9-44a4-a712-5dbb046da6da.xml,1,kg,RAF,energy,,,"Foreground system:
The model represents the country specific mix of different types of biogas. Thre",scraped_from_ilcd
7c59f8b5-1a23-4259-b760-9c094f7c1cb1,,energy,processes/7c59f8b5-1a23-4259-b760-9c094f7c1cb1.xml,1,kg,AU,energy,,,"Foreground system:
The electricity is either produced in a lignite specific power plants and/or com",scraped_from_ilcd
0af0a6a8-aebc-4eeb-99f8-5ccf2304b99d,,energy,processes/0af0a6a8-aebc-4eeb-99f8-5ccf2304b99d.xml,1,kg,AT,energy,,,"Foreground system:
The national or regional specific electricity consumption mix is provided by the",scraped_from_ilcd
c4f7aa36-bf5c-4584-a2e7-51604a06636c,,energy,processes/c4f7aa36-bf5c-4584-a2e7-51604a06636c.xml,1,kg,BE,energy,,,"Foreground system:
The electricity is either produced in a natural gasl specific power plants and/o",scraped_from_ilcd
a0328477-72e0-4973-bebb-542a7f3a0144,,energy,processes/a0328477-72e0-4973-bebb-542a7f3a0144.xml,1,kg,EU+EFTA+UK,energy,,,"Foreground system:

HDPE production
The basis for the production of polyethylene is crude oil. Th",scraped_from_ilcd
017de0d2-c8f8-4208-b1b5-357a815f2dd8,,energy,processes/017de0d2-c8f8-4208-b1b5-357a815f2dd8.xml,1,kg,EU+EFTA+UK,energy,,,"Foreground system:

LDPE production
The basis for the production of polyethylene is crude oil. Th",scraped_from_ilcd
d84b9b16-089b-4ece-8a8f-863f58a1c909,,energy,processes/d84b9b16-089b-4ece-8a8f-863f58a1c909.xml,1,kg,JP,energy,,,"Foreground system:
The electricity is either produced in a natural gasl specific power plants and/o",scraped_from_ilcd
a8c5f7f5-cf77-4302-8837-732658df6ddf,,energy,processes/a8c5f7f5-cf77-4302-8837-732658df6ddf.xml,1,kg,NL,energy,,,"Foreground system:
The electricity is either produced in a biogas specific power plants and/or comb",scraped_from_ilcd
4b532017-330f-4c83-b52c-e44e182c5e1b,,energy,processes/4b532017-330f-4c83-b52c-e44e182c5e1b.xml,1,kg,EU+EFTA,energy,,,"Gate to gate inventory for production of MG-silicon from silica sand including materials, energy use",scraped_from_ilcd
80bb602f-3029-422e-b33b-44576ba6f886,,energy,processes/80bb602f-3029-422e-b33b-44576ba6f886.xml,1,kg,FR,energy,,,"Foreground system:
The electricity is either produced in a biomass (solid) specific power plants an",scraped_from_ilcd
c929c46e-593c-4ab2-b2d7-87f948de99d3,,energy,processes/c929c46e-593c-4ab2-b2d7-87f948de99d3.xml,1,kg,ES,energy,,,"Foreground system:
The electricity is either produced in a lignite specific power plants and/or com",scraped_from_ilcd
4e5586f7-a6f1-4e02-bc03-414a121f409c,,energy,processes/4e5586f7-a6f1-4e02-bc03-414a121f409c.xml,1,kg,EU+EFTA+UK,energy,,,"Foreground system:
Rolling
Slabs are converted into rectangular (quarto) plates or long coils by r",scraped_from_ilcd
757fbff1-ff8c-5878-9725-b120c04973bd,,energy,processes/757fbff1-ff8c-5878-9725-b120c04973bd.xml,1,kg,GLO,energy,,,Data represents waxing process. During waxing electricity and wax (paraffin) are consumed. Electrici,scraped_from_ilcd
87b7082d-4df6-400d-845e-2a117a91c11c,,energy,processes/87b7082d-4df6-400d-845e-2a117a91c11c.xml,1,kg,FR,energy,,,"Foreground system:
The electricity is either produced in a coal gas specific power plants and/or co",scraped_from_ilcd
c64f7227-9966-57c2-9e8f-e17729028606,,energy,processes/c64f7227-9966-57c2-9e8f-e17729028606.xml,1,kg,FR,energy,,,"System boundaries include olive farming, olive oil extraction with pomace as a co-product and pomace",scraped_from_ilcd
eb44d326-a848-42e3-9cbf-eaf9e8673896,,energy,processes/eb44d326-a848-42e3-9cbf-eaf9e8673896.xml,1,kg,EU+EFTA+UK,energy,,,"Foreground system:

LLDPE production
The basis for the production of polyethylene is crude oil. T",scraped_from_ilcd
15b8595f-a84c-46a8-8d00-58cbd361dc33,,energy,processes/15b8595f-a84c-46a8-8d00-58cbd361dc33.xml,1,kg,GR,energy,,,"Foreground system:
The national or regional specific electricity consumption mix is provided by the",scraped_from_ilcd
32a92520-3814-4311-b18b-28ca2790eb3f,,energy,processes/32a92520-3814-4311-b18b-28ca2790eb3f.xml,1,kg,EU+EFTA+UK,energy,,,"Foreground system:
The aluminium foil production is based on two technologies: direct strip casting",scraped_from_ilcd
bebd00f2-0ea8-4c91-86b8-873a70529c49,,energy,processes/bebd00f2-0ea8-4c91-86b8-873a70529c49.xml,1,kg,GLO,energy,,,"Foreground system:
The thermal energy is produced in biomass (solid) specific heat plants. Also con",scraped_from_ilcd
173ed16d-0b71-4c44-aaf7-ac45a0473ef3,,energy,processes/173ed16d-0b71-4c44-aaf7-ac45a0473ef3.xml,1,kg,CH,energy,,,"Foreground system:
The hydro power plant model consists of three sub-models: These sub-models are: ",scraped_from_ilcd
33ab9446-9f0a-47ba-be84-9252bb547423,,energy,processes/33ab9446-9f0a-47ba-be84-9252bb547423.xml,1,kg,EU+EFTA,energy,,,"Production of Silane, until the gate of the production plant. Included are raw materials, energy use",scraped_from_ilcd
0a223e9c-94c2-4acb-917c-4bb5c1fdc92b,,energy,processes/0a223e9c-94c2-4acb-917c-4bb5c1fdc92b.xml,1,kg,EU+EFTA+UK,energy,,,"Foreground system:
The thermal energy is produced in biogas specific heat plants. Also considered a",scraped_from_ilcd
dba4d114-b133-4c5c-a708-ae81ab3d591d,,energy,processes/dba4d114-b133-4c5c-a708-ae81ab3d591d.xml,1,kg,DK,energy,,,"Foreground system:
The hydro power plant model consists of three sub-models: These sub-models are: ",scraped_from_ilcd
444994c5-e882-41be-b0ad-11b2d8d74175,,energy,processes/444994c5-e882-41be-b0ad-11b2d8d74175.xml,1,kg,GR,energy,,,"Foreground system:
The electricity is either produced in a hard coal specific power plants and/or c",scraped_from_ilcd
8ea15f1a-e1d6-5073-aa1b-262f5fb2980d,,energy,processes/8ea15f1a-e1d6-5073-aa1b-262f5fb2980d.xml,1,kg,ES,energy,,,"System boundaries include olive farming, olive oil extraction with pomace as a co-product and pomace",scraped_from_ilcd
8f4935c9-f98c-4ca3-8dcc-12204a86e3b1,,energy,processes/8f4935c9-f98c-4ca3-8dcc-12204a86e3b1.xml,1,kg,CA,energy,,,"Foreground system:
The model comprises the production of electricity from a mix of pressure water (",scraped_from_ilcd
a00f86a9-7070-4e24-a0ff-d5b4583f15dc,,energy,processes/a00f86a9-7070-4e24-a0ff-d5b4583f15dc.xml,1,kg,SK,energy,,,"Foreground system:
The electricity is either produced in a hard coal specific power plants and/or c",scraped_from_ilcd
180619e8-2518-5f07-a48e-fc14aa89ebab,,energy,processes/180619e8-2518-5f07-a48e-fc14aa89ebab.xml,1,kg,IT,energy,,,"System boundaries include olive farming, olive oil extraction with pomace as a co-product and pomace",scraped_from_ilcd
bc8c10af-6e3b-44a9-925d-181d1d4f605b,,energy,processes/bc8c10af-6e3b-44a9-925d-181d1d4f605b.xml,1,kg,EU+EFTA+UK,energy,,,"Foreground system:

HDPE production
The basis for the production of polyethylene is crude oil. Th",scraped_from_ilcd
a7857685-ec3a-451e-9720-48fd4fe5e837,,energy,processes/a7857685-ec3a-451e-9720-48fd4fe5e837.xml,1,kg,FI,energy,,,"Foreground system:
The model comprises the production of electricity from a mix of pressure water (",scraped_from_ilcd
0f4c116c-13c6-467a-86e3-d4bb9d2984ca,,energy,processes/0f4c116c-13c6-467a-86e3-d4bb9d2984ca.xml,1,kg,DE,energy,,,"Foreground system:
The electricity is either produced in a biogas specific power plants and/or comb",scraped_from_ilcd
9501b9f7-391f-5bc2-a5d1-715c40d9c0fe,,energy,processes/9501b9f7-391f-5bc2-a5d1-715c40d9c0fe.xml,1,kg,GLO,energy,,,This model only covered the usage of heat pressing machines. The printing process is not included. H,scraped_from_ilcd
d938bfb2-60a3-41b5-bfd9-e945cf7e6d93,,energy,processes/d938bfb2-60a3-41b5-bfd9-e945cf7e6d93.xml,1,kg,CZ,energy,,,"Foreground system:
The hydro power plant model consists of three sub-models: These sub-models are: ",scraped_from_ilcd
9b96bfc1-cb13-48f8-8b44-ec99c784196e,,energy,processes/9b96bfc1-cb13-48f8-8b44-ec99c784196e.xml,1,kg,RSA,energy,,,"Foreground system:
The electricity is either produced in a biogas specific power plants and/or comb",scraped_from_ilcd
4002cb91-df19-4721-b3ac-b80905592e75,,energy,processes/4002cb91-df19-4721-b3ac-b80905592e75.xml,1,kg,LV,energy,,,"Foreground system:
The hydro power plant model consists of three sub-models: These sub-models are: ",scraped_from_ilcd
da712396-6ab4-4918-a478-214f9512c029,,energy,processes/da712396-6ab4-4918-a478-214f9512c029.xml,1,kg,GR,energy,,,"Foreground system:
The electricity is either produced in a heavy fuel oil (HFO) specific power plan",scraped_from_ilcd
b0c798c5-4a8d-4004-995b-56f456d568a6,,energy,processes/b0c798c5-4a8d-4004-995b-56f456d568a6.xml,1,kg,ROW,energy,,,"Foreground system:
The thermal energy is produced in liquefied petroleum gas (LPG) specific heat pl",scraped_from_ilcd
95c59a79-5c0c-47be-882b-4cfa1e9d41c9,,energy,processes/95c59a79-5c0c-47be-882b-4cfa1e9d41c9.xml,1,kg,EU+EFTA+UK,energy,,,"Foreground system:

PE production
The basis for the production of polyethylene is crude oil. Ther",scraped_from_ilcd
6b363da1-442d-5b91-94a0-7b48ed58b959,,energy,processes/6b363da1-442d-5b91-94a0-7b48ed58b959.xml,1,kg,GLO,energy,,,The machine used in this model requires manual operation (not fully automatic). Heating might be req,scraped_from_ilcd
d0d64d48-9d50-4c72-98fb-30c97f3ca975,,energy,processes/d0d64d48-9d50-4c72-98fb-30c97f3ca975.xml,1,kg,NO,energy,,,"Foreground system:
The electricity is either produced in a biogas specific power plants and/or comb",scraped_from_ilcd
b676118f-5575-41d4-94b1-e9bd8406cb39,,energy,processes/b676118f-5575-41d4-94b1-e9bd8406cb39.xml,1,kg,CN,energy,,,"Foreground system:
The electricity is either produced in a hard coal specific power plants and/or c",scraped_from_ilcd
0cfa3483-3576-4abf-9669-6f2b36527957,,energy,processes/0cfa3483-3576-4abf-9669-6f2b36527957.xml,1,kg,BE,energy,,,"Foreground system:
The model comprises the production of electricity from a mix of pressure water (",scraped_from_ilcd
b8dc5183-2d07-4377-b5b2-d9374ae5a084,,energy,processes/b8dc5183-2d07-4377-b5b2-d9374ae5a084.xml,1,kg,AU,energy,,,"Foreground system:
The national or regional specific electricity consumption mix is provided by the",scraped_from_ilcd
6c2dd9a2-9970-4d88-9b4f-43e41b967887,,energy,processes/6c2dd9a2-9970-4d88-9b4f-43e41b967887.xml,1,kg,RNA,energy,,,"Foreground system:
The electricity is either produced in a coal gas specific power plants and/or co",scraped_from_ilcd
75f35e49-1094-4f3b-a87b-9bf4941039d7,,energy,processes/75f35e49-1094-4f3b-a87b-9bf4941039d7.xml,1,kg,LU,energy,,,"Foreground system:
The electricity is either produced in a natural gasl specific power plants and/o",scraped_from_ilcd
ec4d5852-d003-4359-90d0-da52c093b79e,,energy,processes/ec4d5852-d003-4359-90d0-da52c093b79e.xml,1,kg,IN,energy,,,"Foreground system:
The country / region specific hard coal consumption mix, mix indigenous produced",scraped_from_ilcd
69f08d7f-f5b4-4f55-9648-5f57b7a65008,,energy,processes/69f08d7f-f5b4-4f55-9648-5f57b7a65008.xml,1,kg,LU,energy,,,"Foreground system:
The hydro power plant model consists of three sub-models: These sub-models are: ",scraped_from_ilcd
968b5d8c-3e12-4936-ac01-846a3808f4f7,,energy,processes/968b5d8c-3e12-4936-ac01-846a3808f4f7.xml,1,kg,EU+EFTA+UK,energy,,,"Foreground system:
The electricity is either produced in a lignite specific power plants and/or com",scraped_from_ilcd
f6eb894f-11ee-4a2b-8660-dfd562e5402c,,energy,processes/f6eb894f-11ee-4a2b-8660-dfd562e5402c.xml,1,kg,ES,energy,,,"Foreground system:
The electricity is either produced in a hard coal specific power plants and/or c",scraped_from_ilcd
fc50a271-4e12-4708-a33d-fa7deb17e963,,energy,processes/fc50a271-4e12-4708-a33d-fa7deb17e963.xml,1,kg,JP,energy,,,"Foreground system:
The model represents the country specific mix of different types of biogas. Thre",scraped_from_ilcd
9935e771-79c8-457f-b743-a4ee5a126b4a,,energy,processes/9935e771-79c8-457f-b743-a4ee5a126b4a.xml,1,kg,GLO,energy,,,"Foreground system:
In the foaming process, plastic is extruded, heated until it melts and mixed wit",scraped_from_ilcd
65d92c54-6aa6-4c94-80d5-0a26e7089af1,,energy,processes/65d92c54-6aa6-4c94-80d5-0a26e7089af1.xml,1,kg,RO,energy,,,"Foreground system:
The electricity is either produced in a lignite specific power plants and/or com",scraped_from_ilcd
aadf67e1-9e2b-4da3-96f9-786c63e10d10,,energy,processes/aadf67e1-9e2b-4da3-96f9-786c63e10d10.xml,1,kg,EU+EFTA+UK,energy,,,"Foreground system:
The process steam is produced in biogas specific heat plants. Also considered ar",scraped_from_ilcd
798a67ea-11cb-4781-82c1-e3dc8e6ffc30,,energy,processes/798a67ea-11cb-4781-82c1-e3dc8e6ffc30.xml,1,kg,CA,energy,,,"Foreground system:
The hydro power plant model consists of three sub-models: These sub-models are: ",scraped_from_ilcd
9cd1f280-531d-4315-86b7-9c9dba51255e,,energy,processes/9cd1f280-531d-4315-86b7-9c9dba51255e.xml,1,kg,IE,energy,,,"Foreground system:
The electricity is either produced in a natural gasl specific power plants and/o",scraped_from_ilcd
d03a5809-bbe3-4739-864b-a5bb2166ac02,,energy,processes/d03a5809-bbe3-4739-864b-a5bb2166ac02.xml,1,kg,PL,energy,,,"Foreground system:
The electricity is either produced in a coal gas specific power plants and/or co",scraped_from_ilcd
08b1dd03-825d-4b2e-b822-eab7c9ff99c8,,energy,processes/08b1dd03-825d-4b2e-b822-eab7c9ff99c8.xml,1,kg,AT,energy,,,"Foreground system:
The electricity is either produced in a biomass (solid) specific power plants an",scraped_from_ilcd
46e7b334-88e9-4441-aefb-dbe3d63846b1,,energy,processes/46e7b334-88e9-4441-aefb-dbe3d63846b1.xml,1,kg,HU,energy,,,"Foreground system:
The electricity is either produced in a natural gasl specific power plants and/o",scraped_from_ilcd
ae4f5431-a992-4b0a-afe5-06ce079313ab,,energy,processes/ae4f5431-a992-4b0a-afe5-06ce079313ab.xml,1,kg,IT,energy,,,"Foreground system:
The electricity is either produced in a lignite specific power plants and/or com",scraped_from_ilcd
160ded72-8cd5-557a-bd1e-5b6214be9f7d,,energy,processes/160ded72-8cd5-557a-bd1e-5b6214be9f7d.xml,1,kg,GLO,energy,,,"In the cementing process, the outsole, midsole and the upper body or vamp are heated and  the respec",scraped_from_ilcd
7043fa62-4f0f-542e-90da-42f48affd330,,energy,processes/7043fa62-4f0f-542e-90da-42f48affd330.xml,1,kg,GLO,energy,,,"The model is based on Flexible rubber Foam (Polyurethane) production, the energy and infrastructure ",scraped_from_ilcd
714c0ff0-d445-4b13-8ab5-5d8ccc2a1af2,,energy,processes/714c0ff0-d445-4b13-8ab5-5d8ccc2a1af2.xml,1,kg,RO,energy,,,"Foreground system:
The electricity is either produced in a natural gasl specific power plants and/o",scraped_from_ilcd
d562b34e-de63-44b5-9626-45a40cffec04,,energy,processes/d562b34e-de63-44b5-9626-45a40cffec04.xml,1,kg,RNA,energy,,,"Foreground system:
The electricity is either produced in a hard coal specific power plants and/or c",scraped_from_ilcd
2b4a0ad6-a534-40a3-ba3f-cbfde3f8dd34,,energy,processes/2b4a0ad6-a534-40a3-ba3f-cbfde3f8dd34.xml,1,kg,ROW,energy,,,"Foreground system:
The process steam is produced in biogas specific heat plants. Also considered ar",scraped_from_ilcd
82b00bba-fd53-4820-9bad-7b3f7334fbd2,,energy,processes/82b00bba-fd53-4820-9bad-7b3f7334fbd2.xml,1,kg,RAS w/o CN,energy,,,"Foreground system:
The electricity is either produced in a biogas specific power plants and/or comb",scraped_from_ilcd
61204f68-8e88-41ca-bab6-19def38bb718,,energy,processes/61204f68-8e88-41ca-bab6-19def38bb718.xml,1,kg,IN,energy,,,"Foreground system:
The electricity is either produced in a coal gas specific power plants and/or co",scraped_from_ilcd
0fc276e8-f0a3-450e-9ac4-9f8fcdbce601,,energy,processes/0fc276e8-f0a3-450e-9ac4-9f8fcdbce601.xml,1,kg,BR,energy,,,"Foreground system:
The model represents the country specific mix of different types of biogas. Thre",scraped_from_ilcd
4c7df0b1-8479-4038-8331-3622b0d7e852,,energy,processes/4c7df0b1-8479-4038-8331-3622b0d7e852.xml,1,kg,GB,energy,,,"Foreground system:
The model comprises the production of electricity from a mix of pressure water (",scraped_from_ilcd
52da9c72-111d-4bd8-af60-f95b83140273,,energy,processes/52da9c72-111d-4bd8-af60-f95b83140273.xml,1,kg,CZ,energy,,,"Foreground system:
The electricity is either produced in a lignite specific power plants and/or com",scraped_from_ilcd
aed5f274-5888-4e80-b990-d8aec3467d06,,energy,processes/aed5f274-5888-4e80-b990-d8aec3467d06.xml,1,kg,RSA,energy,,,"Foreground system:

1. Rape seed oil methyl ester (RME)
The intensive cultivation of winter rape-",scraped_from_ilcd
363cf837-48c2-546a-bf1d-149c30983143,,energy,processes/363cf837-48c2-546a-bf1d-149c30983143.xml,1,kg,GLO,energy,,,"System boundaries include olive farming, olive oil extraction with pomace as a co-product and pomace",scraped_from_ilcd
941e13cf-d8ad-494e-bfc8-e37e40a65b72,,energy,processes/941e13cf-d8ad-494e-bfc8-e37e40a65b72.xml,1,kg,SK,energy,,,"Foreground system:
The electricity is either produced in a natural gasl specific power plants and/o",scraped_from_ilcd
2ea01a95-d19e-4002-8ce1-07cc2976553f,,energy,processes/2ea01a95-d19e-4002-8ce1-07cc2976553f.xml,1,kg,SE,energy,,,"Foreground system:
The electricity is either produced in a coal gas specific power plants and/or co",scraped_from_ilcd
98c3b374-3bd0-476d-980a-5d9dc132f2d3,,energy,processes/98c3b374-3bd0-476d-980a-5d9dc132f2d3.xml,1,kg,ROW,energy,,,"Foreground system:
The thermal energy is produced in biogas specific heat plants. Also considered a",scraped_from_ilcd
4e735559-c63e-4641-ad6f-04c3b098d5f1,,energy,processes/4e735559-c63e-4641-ad6f-04c3b098d5f1.xml,1,kg,EE,energy,,,"Foreground system:
The electricity is either produced in a biogas specific power plants and/or comb",scraped_from_ilcd
044e50c8-f441-4175-810b-a04c22e6ee1a,,energy,processes/044e50c8-f441-4175-810b-a04c22e6ee1a.xml,1,kg,NL,energy,,,"Foreground system:
The electricity is either produced in a natural gasl specific power plants and/o",scraped_from_ilcd
c2ad036f-58d0-4c27-9a8f-aa5f8d4cb9a0,,energy,processes/c2ad036f-58d0-4c27-9a8f-aa5f8d4cb9a0.xml,1,kg,RU,energy,,,"Foreground system:
The electricity is either produced in a lignite specific power plants and/or com",scraped_from_ilcd
e51d169e-e241-407b-a505-0048f2709368,,energy,processes/e51d169e-e241-407b-a505-0048f2709368.xml,1,kg,SI,energy,,,"Foreground system:
The electricity is either produced in a biogas specific power plants and/or comb",scraped_from_ilcd
5c894ee2-bb5c-5dba-b4cd-9734e9cf80e9,,energy,processes/5c894ee2-bb5c-5dba-b4cd-9734e9cf80e9.xml,1,kg,EU+EFTA+UK,energy,,,Pulp is produced in a thermomechanical process where wood particles are softened by steam before ent,scraped_from_ilcd
