uuid,dataset_name,process_type,lci_file,fu_amount,fu_unit,region,classification,kg_per_m2,temp_c,technology,notes
bfa21636-e511-515a-8f49-e065556fe11a,,materials,processes/bfa21636-e511-515a-8f49-e065556fe11a.xml,1,kg,GLO,materials,,,"While Open End yarn production; electricity, heat energy are consumed and raw material wastes occurs",scraped_from_ilcd
f4972e14-90ee-5115-b2f7-d2796912ba41,,materials,processes/f4972e14-90ee-5115-b2f7-d2796912ba41.xml,1,kg,GLO,materials,,,"Yarn production activity includes Opening, Cleaning, Blending, Carding, Drafting, combing, roving, s",scraped_from_ilcd
430be454-6d52-5316-8536-48d8c6f79665,,materials,processes/430be454-6d52-5316-8536-48d8c6f79665.xml,1,kg,GLO,materials,,,Knitting is a method by which yarn is manipulated to create a textile or fabric. Seamless knitting r,scraped_from_ilcd
b70a3763-0a20-5967-9304-88bcf65a0fae,,materials,processes/b70a3763-0a20-5967-9304-88bcf65a0fae.xml,1,kg,GLO,materials,,,Weaving is a method of textile production in which two distinct sets of yarns or threads are interla,scraped_from_ilcd
d2202c90-aaa6-5f5e-abe3-ae55336589ea,,materials,processes/d2202c90-aaa6-5f5e-abe3-ae55336589ea.xml,1,kg,GLO,materials,,,"While Open End and Ring yarn production; electricity, heat energy are consumed and raw material wast",scraped_from_ilcd
5dbb0fcc-1210-53b6-895e-b23244cc2d76,,materials,processes/5dbb0fcc-1210-53b6-895e-b23244cc2d76.xml,1,kg,EU+EFTA+UK,materials,,,The process of fiberization can be energy intensive due to the high mechanical pressure required for,scraped_from_ilcd
84515059-3097-597c-b92d-f22c53015c46,,materials,processes/84515059-3097-597c-b92d-f22c53015c46.xml,1,kg,GLO,materials,,,Heat-setting process involves subjecting the fabric to dry hot air or steam heating for a few minute,scraped_from_ilcd
3f16a49a-5d6a-57a5-bb75-6f265e8b80ba,,materials,processes/3f16a49a-5d6a-57a5-bb75-6f265e8b80ba.xml,1,kg,GLO,materials,,,Flame lamination is used to adhere polyurethane foam to a textile material. A web of foam from a sup,scraped_from_ilcd
ab9d2586-641e-58be-9e18-284b04bbffb9,,materials,processes/ab9d2586-641e-58be-9e18-284b04bbffb9.xml,1,kg,GLO,materials,,,The hot cutting knife would melts the polymer filaments of the synthetic fabric precisely. Hot knife,scraped_from_ilcd
0aaa79a2-a70e-52a8-ad8c-c9f964a0cb01,,materials,processes/0aaa79a2-a70e-52a8-ad8c-c9f964a0cb01.xml,1,kg,GLO,materials,,,"While Open End yarn production; electricity, heat energy are consumed and raw material wastes occurs",scraped_from_ilcd
3b19c874-e1ba-5789-8cd6-9238f6ab3cf4,,materials,processes/3b19c874-e1ba-5789-8cd6-9238f6ab3cf4.xml,1,kg,GLO,materials,,,"Yarn production activity includes Opening, Cleaning, Blending, Carding, Drafting, combing, roving, s",scraped_from_ilcd
b4d98e10-da3e-58a2-a267-49715cec8577,,materials,processes/b4d98e10-da3e-58a2-a267-49715cec8577.xml,1,kg,GLO,materials,,,"Yarn production activity includes Opening, Cleaning, Blending, Carding, Drafting, combing, roving, s",scraped_from_ilcd
ee9683da-1c83-5767-92fb-7e6fbec5ef33,,materials,processes/ee9683da-1c83-5767-92fb-7e6fbec5ef33.xml,1,kg,GLO,materials,,,"Knitting is a method by which yarn is manipulated to create a textile or fabric.

A user employing t",scraped_from_ilcd
2a8ed4f1-9065-5543-b213-7949bfa7633d,,materials,processes/2a8ed4f1-9065-5543-b213-7949bfa7633d.xml,1,kg,GLO,materials,,,This dataset covers mix of digital printing of fabric which includes single pass and multi pass ink-,scraped_from_ilcd
ae80991d-2836-545a-bd3c-f791fe6e3a29,,materials,processes/ae80991d-2836-545a-bd3c-f791fe6e3a29.xml,1,kg,RSA,materials,,,The process of fiberization can be energy intensive due to the high mechanical pressure required for,scraped_from_ilcd
a31940ad-67e4-50bf-a514-10b9ee1cbb0a,,materials,processes/a31940ad-67e4-50bf-a514-10b9ee1cbb0a.xml,1,kg,GLO,materials,,,"The application process, which is done by passing the textile product through the liquor in a bath w",scraped_from_ilcd
3ec854b7-e6c2-5072-b6f2-3cd51ec886f5,,materials,processes/3ec854b7-e6c2-5072-b6f2-3cd51ec886f5.xml,1,kg,GLO,materials,,,The process covers extrusion and melt spinning of synthetic filament yarn production. Synthetic raw ,scraped_from_ilcd
aff805b4-119c-54c3-b21a-8680cfa6f281,,materials,processes/aff805b4-119c-54c3-b21a-8680cfa6f281.xml,1,kg,GLO,materials,,,"Instead of liquid polyester, polyester granules data is used in the model due to lack of data. For t",scraped_from_ilcd
4d4e27f6-3fc3-54cc-a2e3-36d5f9bc3546,,materials,processes/4d4e27f6-3fc3-54cc-a2e3-36d5f9bc3546.xml,1,kg,GLO,materials,,,Continuous dyeing is a process in which dyeing the fabric and fixation of the dye are carried out co,scraped_from_ilcd
c981b392-ead1-5a24-bcd3-0d7e1711631b,,materials,processes/c981b392-ead1-5a24-bcd3-0d7e1711631b.xml,1,kg,GLO,materials,,,Weaving is a method of textile production in which two distinct sets of yarns or threads are interla,scraped_from_ilcd
f4f0024a-7afd-50f1-8ebd-a68fe0546b03,,materials,processes/f4f0024a-7afd-50f1-8ebd-a68fe0546b03.xml,1,kg,GLO,materials,,,"In dope dyeing method, pigment is extruded along with the melted polymer so that the resulting yarn ",scraped_from_ilcd
96f9e719-9b8e-594b-a5d9-3e4908ce1eff,,materials,processes/96f9e719-9b8e-594b-a5d9-3e4908ce1eff.xml,1,kg,GLO,materials,,,"Yarn production activity includes Opening, Cleaning, Blending, Carding, Drafting, combing, roving, s",scraped_from_ilcd
42d9830d-548d-57f4-a2b7-80a22c4fa5e5,,materials,processes/42d9830d-548d-57f4-a2b7-80a22c4fa5e5.xml,1,kg,EG,materials,,,The environmental impact cotton fibre includes cultivation and delintint the Seed cotton. The ginnin,scraped_from_ilcd
b0fa7ec9-618b-5a92-8679-67685af42400,,materials,processes/b0fa7ec9-618b-5a92-8679-67685af42400.xml,1,kg,GLO,materials,,,"Yarn production activity includes Opening, Cleaning, Blending, Carding, Drafting, combing, roving, s",scraped_from_ilcd
77fc9346-877f-5f2f-bb97-9b2e455d5d8f,,materials,processes/77fc9346-877f-5f2f-bb97-9b2e455d5d8f.xml,1,kg,GLO,materials,,,"Coating is the application of polymer onto a textile as a paste, foam or viscous liquid. The applica",scraped_from_ilcd
3ecebb7f-9fdc-562d-83fc-0d652a057cfc,,materials,processes/3ecebb7f-9fdc-562d-83fc-0d652a057cfc.xml,1,kg,GLO,materials,,,Weaving is a method of textile production in which two distinct sets of yarns or threads are interla,scraped_from_ilcd
0d382fc9-9fca-5299-87e6-1fb1af4422ad,,materials,processes/0d382fc9-9fca-5299-87e6-1fb1af4422ad.xml,1,kg,GLO,materials,,,"Yarn production activity includes Opening, Cleaning, Blending, Carding, Drafting, combing, roving, s",scraped_from_ilcd
fc7d2614-a999-5734-9bb0-97edaccd0e85,,materials,processes/fc7d2614-a999-5734-9bb0-97edaccd0e85.xml,1,kg,GLO,materials,,,"This process covers synthetic filament production, cutting of filaments and spinning by open end (ro",scraped_from_ilcd
bb84c2b8-ee69-5fb0-9900-66da27c985a6,,materials,processes/bb84c2b8-ee69-5fb0-9900-66da27c985a6.xml,1,kg,GLO,materials,,,"Yarn production activity includes Opening, Cleaning, Blending, Carding, Drafting, combing, roving, s",scraped_from_ilcd
cee90b80-ef88-565c-8b7e-5cd517167e2b,,materials,processes/cee90b80-ef88-565c-8b7e-5cd517167e2b.xml,1,kg,GLO,materials,,,"Yarn production activity includes Opening, Cleaning, Blending, Carding, Drafting, combing, roving, s",scraped_from_ilcd
c8838ee9-3ec6-5b6b-94e8-599549aa2bd1,,materials,processes/c8838ee9-3ec6-5b6b-94e8-599549aa2bd1.xml,1,kg,GLO,materials,,,The dye used in this model is recipe for disperse dye as this kind of dye is attached to the fabric ,scraped_from_ilcd
4470f8bb-3d12-516b-a4be-c452b5cbaa28,,materials,processes/4470f8bb-3d12-516b-a4be-c452b5cbaa28.xml,1,kg,GLO,materials,,,This dataset represent post-consumer wool recycling. Post-consumer waste is made up of clothing disc,scraped_from_ilcd
7f8e9382-f999-52cd-a83b-5cb259d6b809,,materials,processes/7f8e9382-f999-52cd-a83b-5cb259d6b809.xml,1,kg,GLO,materials,,,Flame lamination is used to adhere polyurethane foam to a textile material. A web of foam from a sup,scraped_from_ilcd
5ce7b98f-a0a1-5fac-9ea5-198a7fadd51a,,materials,processes/5ce7b98f-a0a1-5fac-9ea5-198a7fadd51a.xml,1,kg,AU,materials,,,"System boundaries include all the stages needed for the processing of raw wool (Scouring, spinning a",scraped_from_ilcd
fd6f0f32-055c-520d-8e5d-b2c55dbec6f4,,materials,processes/fd6f0f32-055c-520d-8e5d-b2c55dbec6f4.xml,1,kg,CN,materials,,,Ginning is a mechanical process to separate fibers from seeds. This dataset includes the transport f,scraped_from_ilcd
3796cc6c-47ba-5336-8ea2-fa09e62086da,,materials,processes/3796cc6c-47ba-5336-8ea2-fa09e62086da.xml,1,kg,GLO,materials,,,"Elastics can be produced with materials of Polyester, Lycra, Nylon, PP, Cotton. While production of ",scraped_from_ilcd
2d03d61d-fa69-5850-9b17-ff2d67e0b531,,materials,processes/2d03d61d-fa69-5850-9b17-ff2d67e0b531.xml,1,kg,EU+EFTA+UK,materials,,,"Knitting is a method by which yarn is manipulated to create a textile or fabric.

A user employing t",scraped_from_ilcd
4c4fbbae-c992-50fe-a222-1eace1d04936,,materials,processes/4c4fbbae-c992-50fe-a222-1eace1d04936.xml,1,kg,GLO,materials,,,"Yarn production activity includes Opening, Cleaning, Blending, Carding, Drafting, combing, roving, s",scraped_from_ilcd
1ff27739-7aa3-57a3-9138-43f35f0c0c8e,,materials,processes/1ff27739-7aa3-57a3-9138-43f35f0c0c8e.xml,1,kg,GLO,materials,,,"Yarn production activity includes Opening, Cleaning, Blending, Carding, Drafting, combing, roving, s",scraped_from_ilcd
9329afe8-27ae-45b5-8b33-5aebde257393,,materials,processes/9329afe8-27ae-45b5-8b33-5aebde257393.xml,1,kg,GLO,materials,,,"Foreground system:
This dataset represents one of the main finishing methods for printed wiring boa",scraped_from_ilcd
edd0781c-b532-58e3-8be1-82425c2626fd,,materials,processes/edd0781c-b532-58e3-8be1-82425c2626fd.xml,1,kg,GLO,materials,,,"Yarn production activity includes Opening, Cleaning, Blending, Carding, Drafting, combing, roving, s",scraped_from_ilcd
630442d3-f4c4-5f68-9f8c-81157c6ec856,,materials,processes/630442d3-f4c4-5f68-9f8c-81157c6ec856.xml,1,kg,GLO,materials,,,"Yarn production activity includes Opening, Cleaning, Blending, Carding, Drafting, combing, roving, s",scraped_from_ilcd
defd1260-7555-5306-b920-91b290d113d7,,materials,processes/defd1260-7555-5306-b920-91b290d113d7.xml,1,kg,EU+EFTA+UK,materials,,,The process of fiberization can be energy intensive due to the high mechanical pressure required for,scraped_from_ilcd
cd48bc47-0d29-5bd7-9d2a-90feff7082fc,,materials,processes/cd48bc47-0d29-5bd7-9d2a-90feff7082fc.xml,1,kg,GLO,materials,,,"While Open End yarn production; electricity, heat energy are consumed and raw material wastes occurs",scraped_from_ilcd
c24e705f-4c3f-5a3c-b370-03d917dad111,,materials,processes/c24e705f-4c3f-5a3c-b370-03d917dad111.xml,1,kg,GLO,materials,,,"While Open End yarn production; electricity, heat energy are consumed and raw material wastes occurs",scraped_from_ilcd
0a1f708d-4e69-5577-a0e9-9c6793a4701f,,materials,processes/0a1f708d-4e69-5577-a0e9-9c6793a4701f.xml,1,kg,GLO,materials,,,Shearing is a finishing process in textile manufacturing. The raised nap of a pile fabric are cut to,scraped_from_ilcd
fd3a4b35-870a-57d1-a0e4-fa2c0d151d46,,materials,processes/fd3a4b35-870a-57d1-a0e4-fa2c0d151d46.xml,1,kg,GLO,materials,,,"For the electricity consumption, different type of textile product printing machine electricity cons",scraped_from_ilcd
73dcb983-57db-5670-9341-356250a3512c,,materials,processes/73dcb983-57db-5670-9341-356250a3512c.xml,1,kg,GLO,materials,,,"Yarn production activity includes Opening, Cleaning, Blending, Carding, Drafting, combing, roving, s",scraped_from_ilcd
b0e986d9-8b80-5e09-afc1-e254f8e87c25,,materials,processes/b0e986d9-8b80-5e09-afc1-e254f8e87c25.xml,1,kg,GLO,materials,,,"Yarn production activity includes Opening, Cleaning, Blending, Carding, Drafting, combing, roving, s",scraped_from_ilcd
4d032938-4e29-54a0-8633-c08c7028802c,,materials,processes/4d032938-4e29-54a0-8633-c08c7028802c.xml,1,kg,AU,materials,,,"System boundaries include all the stages needed for the processing of raw wool (Scouring, spinning a",scraped_from_ilcd
385b4cd4-0a05-54a5-a0cb-28bc35dc6aaf,,materials,processes/385b4cd4-0a05-54a5-a0cb-28bc35dc6aaf.xml,1,kg,GLO,materials,,,Weaving is a method of textile production in which two distinct sets of yarns or threads are interla,scraped_from_ilcd
1f837aa0-ffff-523a-b9cb-41a0f76e1cec,,materials,processes/1f837aa0-ffff-523a-b9cb-41a0f76e1cec.xml,1,kg,GLO,materials,,,"Yarn production activity includes Opening, Cleaning, Blending, Carding, Drafting, combing, roving, s",scraped_from_ilcd
bd640bd4-0944-53e8-bb22-12202ef8e9d0,,materials,processes/bd640bd4-0944-53e8-bb22-12202ef8e9d0.xml,1,kg,GLO,materials,,,Mechanical finishing is a process in which fabric is passed between two rolls under heavy pressure t,scraped_from_ilcd
cf754c76-3378-59e7-aa14-cea25ab4ba0f,,materials,processes/cf754c76-3378-59e7-aa14-cea25ab4ba0f.xml,1,kg,GLO,materials,,,Transfer printing is the term used to describe textile and related printing processes in which the d,scraped_from_ilcd
628adbb2-b29b-542b-a5ca-fb3a673c5690,,materials,processes/628adbb2-b29b-542b-a5ca-fb3a673c5690.xml,1,kg,GLO,materials,,,"Microfibers are produced by melt spinning. In melt spinning, thermoplastic polymer granules are fed ",scraped_from_ilcd
ca2c2a38-6b7c-5981-8828-0a4f727e7071,,materials,processes/ca2c2a38-6b7c-5981-8828-0a4f727e7071.xml,1,kg,GLO,materials,,,Batch process conducted in High Pressure Jigger Dyeing machine with maximum temperature of 140°C and,scraped_from_ilcd
21c8e278-1c3e-5a61-8f6a-ae1b8ed20f0b,,materials,processes/21c8e278-1c3e-5a61-8f6a-ae1b8ed20f0b.xml,1,kg,GLO,materials,,,Weaving is a method of textile production in which two distinct sets of yarns or threads are interla,scraped_from_ilcd
cef6bc32-6e0b-5224-be49-254cb72a9f98,,materials,processes/cef6bc32-6e0b-5224-be49-254cb72a9f98.xml,1,kg,GLO,materials,,,Hook-and-loop fasteners are produced from synthetic yarn. and their weaving process are included. Ny,scraped_from_ilcd
bf76368b-be44-53ad-9fed-7fe7e6610350,,materials,processes/bf76368b-be44-53ad-9fed-7fe7e6610350.xml,1,kg,GLO,materials,,,"Yarn production activity includes Opening, Cleaning, Blending, Carding, Drafting, combing, roving, s",scraped_from_ilcd
2d2337a3-165d-5fff-8a80-15e7da4f2fea,,materials,processes/2d2337a3-165d-5fff-8a80-15e7da4f2fea.xml,1,kg,PK,materials,,,Ginning is a mechanical process to separate fibers from seeds. This dataset includes the transport f,scraped_from_ilcd
e855e16f-63a1-52de-8a66-f02be65fdf46,,materials,processes/e855e16f-63a1-52de-8a66-f02be65fdf46.xml,1,kg,GLO,materials,,,Weaving is a method of textile production in which two distinct sets of yarns or threads are interla,scraped_from_ilcd
2896d0cc-344a-5ee4-a169-ef5643381b89,,materials,processes/2896d0cc-344a-5ee4-a169-ef5643381b89.xml,1,kg,GLO,materials,,,"While Open End yarn production; electricity, heat energy are consumed and raw material wastes occurs",scraped_from_ilcd
b94dc375-ba0d-50d6-823d-b9a6b6b48f85,,materials,processes/b94dc375-ba0d-50d6-823d-b9a6b6b48f85.xml,1,kg,GLO,materials,,,Continuous dyeing is a process in which dyeing the fabric and fixation of the dye are carried out co,scraped_from_ilcd
0bd7db8c-a26b-58d9-a2b0-f26dab2af175,,materials,processes/0bd7db8c-a26b-58d9-a2b0-f26dab2af175.xml,1,kg,GLO,materials,,,"While Open End yarn production; electricity, heat energy are consumed and raw material wastes occurs",scraped_from_ilcd
2fd05043-2b5d-5c83-90fd-f521d748947a,,materials,processes/2fd05043-2b5d-5c83-90fd-f521d748947a.xml,1,kg,GLO,materials,,,"Coating is the application of polymer onto a textile as a paste, foam or viscous liquid. The applica",scraped_from_ilcd
4722ffee-41b2-57ee-ac4f-a3a6ffd78f47,,materials,processes/4722ffee-41b2-57ee-ac4f-a3a6ffd78f47.xml,1,kg,GLO,materials,,,"Yarn production activity includes Opening, Cleaning, Blending, Carding, Drafting, combing, roving, s",scraped_from_ilcd
8bcbca11-c25e-5f81-b184-687de6edb68f,,materials,processes/8bcbca11-c25e-5f81-b184-687de6edb68f.xml,1,kg,TJ,materials,,,Ginning is a mechanical process to separate fibers from seeds. This dataset includes the transport f,scraped_from_ilcd
b9f6d229-f526-56fa-8fc5-a5dac751be81,,materials,processes/b9f6d229-f526-56fa-8fc5-a5dac751be81.xml,1,kg,GLO,materials,,,"Coating is the application of polymer onto a textile as a paste, foam or viscous liquid. The applica",scraped_from_ilcd
84845007-281e-5da1-9ad7-a437ca7c2ae3,,materials,processes/84845007-281e-5da1-9ad7-a437ca7c2ae3.xml,1,kg,GLO,materials,,,Knitting is a method by which yarn is manipulated to create a textile or fabric. 3D knitting takes a,scraped_from_ilcd
0bd177ab-4d57-5290-b6bb-48a72bc1a9db,,materials,processes/0bd177ab-4d57-5290-b6bb-48a72bc1a9db.xml,1,kg,GLO,materials,,,"Coating is the application of polymer onto a textile as a paste, foam or viscous liquid. The applica",scraped_from_ilcd
7c399b18-1227-5f03-8d16-3d654ecf2cf0,,materials,processes/7c399b18-1227-5f03-8d16-3d654ecf2cf0.xml,1,kg,GLO,materials,,,"Yarn production activity includes Opening, Cleaning, Blending, Carding, Drafting, combing, roving, s",scraped_from_ilcd
ee5e5d13-ccd5-54bb-bdcc-4e16b9fe0259,,materials,processes/ee5e5d13-ccd5-54bb-bdcc-4e16b9fe0259.xml,1,kg,GLO,materials,,,Weaving is a method of textile production in which two distinct sets of yarns or threads are interla,scraped_from_ilcd
77314e20-119d-5b77-9bee-5af5606288f7,,materials,processes/77314e20-119d-5b77-9bee-5af5606288f7.xml,1,kg,EU+EFTA+UK,materials,,,Weaving is a method of textile production in which two distinct sets of yarns or threads are interla,scraped_from_ilcd
de222495-29ea-5621-864b-ccd284cae0b7,,materials,processes/de222495-29ea-5621-864b-ccd284cae0b7.xml,1,kg,GLO,materials,,,This dataset represent post-consumer wool recycling. Post-consumer waste is made up of clothing disc,scraped_from_ilcd
6b405863-0b72-5131-b960-6e6439b06c51,,materials,processes/6b405863-0b72-5131-b960-6e6439b06c51.xml,1,kg,GLO,materials,,,"While Open End and Ring yarn production; electricity, heat energy are consumed and raw material wast",scraped_from_ilcd
9a47ac59-c6c7-51a3-a1d1-2a603768bc29,,materials,processes/9a47ac59-c6c7-51a3-a1d1-2a603768bc29.xml,1,kg,GLO,materials,,,Textile preparation processes are the first class of wet processes for textiles.  Pretreatment proce,scraped_from_ilcd
871a2195-99d0-526e-b5bb-7167c681c5f6,,materials,processes/871a2195-99d0-526e-b5bb-7167c681c5f6.xml,1,kg,GLO,materials,,,"Coating is the application of polymer onto a textile as a paste, foam or viscous liquid. The applica",scraped_from_ilcd
f3aec95e-2543-51b9-bcd7-4240c78b063e,,materials,processes/f3aec95e-2543-51b9-bcd7-4240c78b063e.xml,1,kg,ZA,materials,,,"System boundaries include all the stages needed for the processing of raw wool (Scouring, spinning a",scraped_from_ilcd
2122fe4e-bbee-5947-a8ec-4a42b7eb4c63,,materials,processes/2122fe4e-bbee-5947-a8ec-4a42b7eb4c63.xml,1,kg,GLO,materials,,,"Yarn production activity includes Opening, Cleaning, Blending, Carding, Drafting, combing, roving, s",scraped_from_ilcd
2ced7044-cfde-5350-9d2e-259a9564d146,,materials,processes/2ced7044-cfde-5350-9d2e-259a9564d146.xml,1,kg,GLO,materials,,,"This process covers synthetic filament production, cutting of filaments and spinning by open end (ro",scraped_from_ilcd
bc94fce3-2026-5afc-bf01-234b68b26a80,,materials,processes/bc94fce3-2026-5afc-bf01-234b68b26a80.xml,1,kg,GLO,materials,,,Knitting is a method by which yarn is manipulated to create a textile or fabric. Flat knitting is a ,scraped_from_ilcd
5fee2404-4cef-5da8-b6a1-9f47c7e38e21,,materials,processes/5fee2404-4cef-5da8-b6a1-9f47c7e38e21.xml,1,kg,GLO,materials,,,"This process covers synthetic filament production, cutting of filaments and spinning by open end (ro",scraped_from_ilcd
fd910c2e-ee67-5179-b076-e9bea714b19e,,materials,processes/fd910c2e-ee67-5179-b076-e9bea714b19e.xml,1,kg,GLO,materials,,,"Yarn production activity includes Opening, Cleaning, Blending, Carding, Drafting, combing, roving, s",scraped_from_ilcd
dcfb231f-26ca-52be-8d4f-55f82d689eb3,,materials,processes/dcfb231f-26ca-52be-8d4f-55f82d689eb3.xml,1,kg,GLO,materials,,,"Yarn production activity includes Opening, Cleaning, Blending, Carding, Drafting, combing, roving, s",scraped_from_ilcd
d4353b5f-7b5d-57c2-8462-50a145508c1f,,materials,processes/d4353b5f-7b5d-57c2-8462-50a145508c1f.xml,1,kg,GLO,materials,,,Batch process conducted in High Pressure Jigger Dyeing machine with maximum temperature of 140°C and,scraped_from_ilcd
3b70c5dc-8857-5aac-8e18-b969964a39a6,,materials,processes/3b70c5dc-8857-5aac-8e18-b969964a39a6.xml,1,kg,GLO,materials,,,"Knitting is a method by which yarn is manipulated to create a textile or fabric.

A user employing t",scraped_from_ilcd
37da5d59-4033-5e04-8522-f61780d29766,,materials,processes/37da5d59-4033-5e04-8522-f61780d29766.xml,1,kg,AU,materials,,,"System boundaries include all the stages needed for the processing of raw wool (Scouring, spinning a",scraped_from_ilcd
a8177c8c-7319-5a4b-a331-cda267b30fa1,,materials,processes/a8177c8c-7319-5a4b-a331-cda267b30fa1.xml,1,kg,GLO,materials,,,"While Open End yarn production; electricity, heat energy are consumed and raw material wastes occurs",scraped_from_ilcd
85bf335e-f871-51e9-9995-ac47fa36cb33,,materials,processes/85bf335e-f871-51e9-9995-ac47fa36cb33.xml,1,kg,GLO,materials,,,"While Open End yarn production; electricity, heat energy are consumed and raw material wastes occurs",scraped_from_ilcd
29ac59c5-29b0-5a1b-bbba-78525095f7f4,,materials,processes/29ac59c5-29b0-5a1b-bbba-78525095f7f4.xml,1,kg,RAS,materials,,,The process of fiberization can be energy intensive due to the high mechanical pressure required for,scraped_from_ilcd
a77e296b-3da0-5f19-8ac2-87e049e80215,,materials,processes/a77e296b-3da0-5f19-8ac2-87e049e80215.xml,1,kg,GLO,materials,,,Fibre brushing involve the use of wires or brushes which catch yarns in the textile structure and pu,scraped_from_ilcd
0329c5e8-ddd9-5088-9e94-d1b978d43509,,materials,processes/0329c5e8-ddd9-5088-9e94-d1b978d43509.xml,1,kg,GLO,materials,,,"Yarn production activity includes Opening, Cleaning, Blending, Carding, Drafting, combing, roving, s",scraped_from_ilcd
8820d63d-ffe2-5696-9196-37b93a38586c,,materials,processes/8820d63d-ffe2-5696-9196-37b93a38586c.xml,1,kg,IN,materials,,,Ginning is a mechanical process to separate fibers from seeds. This dataset includes the transport f,scraped_from_ilcd
35e0111d-1a6c-5be6-9461-07979529be11,,materials,processes/35e0111d-1a6c-5be6-9461-07979529be11.xml,1,kg,EU+EFTA+UK,materials,,,Weaving is a method of textile production in which two distinct sets of yarns or threads are interla,scraped_from_ilcd
6416b207-34b8-55fc-aaef-5347378da844,,materials,processes/6416b207-34b8-55fc-aaef-5347378da844.xml,1,kg,GLO,materials,,,System boundaries: The dataset describes the tanning and finishing of goat leather. The inventory in,scraped_from_ilcd
f45476db-f4f5-567c-a8ee-5395c1e9a237,,materials,processes/f45476db-f4f5-567c-a8ee-5395c1e9a237.xml,1,kg,GLO,materials,,,"While Open End yarn production; electricity, heat energy are consumed and raw material wastes occurs",scraped_from_ilcd
2eb9d79a-1925-5d1a-8c57-5fdae2220a37,,materials,processes/2eb9d79a-1925-5d1a-8c57-5fdae2220a37.xml,1,kg,GLO,materials,,,"Knitting is a method by which yarn is manipulated to create a textile or fabric.

A user employing t",scraped_from_ilcd
a1a36df4-462c-5a6f-a000-99c6fd263315,,materials,processes/a1a36df4-462c-5a6f-a000-99c6fd263315.xml,1,kg,AU,materials,,,"System boundaries include all the stages needed for the processing of raw wool (Scouring, spinning a",scraped_from_ilcd
40e464a8-c5dd-527c-80d5-4f71cc920691,,materials,processes/40e464a8-c5dd-527c-80d5-4f71cc920691.xml,1,kg,GLO,materials,,,"While Open End yarn production; electricity, heat energy are consumed and raw material wastes occurs",scraped_from_ilcd
89588d18-5f06-51da-aeaf-d3a67b6537e8,,materials,processes/89588d18-5f06-51da-aeaf-d3a67b6537e8.xml,1,kg,ES,materials,,,"The recycling yield is 96%, therefore a waste cotton input of 1.042 kg has to be added.",scraped_from_ilcd
3a92ae1e-1302-5d0e-a34d-b5c030d48135,,materials,processes/3a92ae1e-1302-5d0e-a34d-b5c030d48135.xml,1,kg,GLO,materials,,,"Knitting is a method by which yarn is manipulated to create a textile or fabric.

A user employing t",scraped_from_ilcd
ed0cf7d5-9e2f-5122-b3bc-6ef712b3780e,,materials,processes/ed0cf7d5-9e2f-5122-b3bc-6ef712b3780e.xml,1,kg,GLO,materials,,,"In general, PET and nylon threads are used for apparel production. So, this data represents producti",scraped_from_ilcd
d8911c05-2963-50b3-8947-c7c914a9983e,,materials,processes/d8911c05-2963-50b3-8947-c7c914a9983e.xml,1,kg,BR,materials,,,"This inventory is based on the ecoinvent 3.7.1 dataset  ""fibre production, cotton, ginning GLO"", adj",scraped_from_ilcd
2954310a-2d35-5595-b33a-e1466d1b6ccb,,materials,processes/2954310a-2d35-5595-b33a-e1466d1b6ccb.xml,1,kg,GLO,materials,,,System boundaries: The dataset describes the tanning and finishing of sheep  leather. The inventory ,scraped_from_ilcd
bf19cee3-2259-5e98-b628-8316adafd9a7,,materials,processes/bf19cee3-2259-5e98-b628-8316adafd9a7.xml,1,kg,GLO,materials,,,"Yarn production activity includes Opening, Cleaning, Blending, Carding, Drafting, combing, roving, s",scraped_from_ilcd
8d7cc941-8741-5f06-8141-57d85e403056,,materials,processes/8d7cc941-8741-5f06-8141-57d85e403056.xml,1,kg,GLO,materials,,,"This data covers zipper machine consumptions, production of nylon polymer which is used as raw mater",scraped_from_ilcd
8f0dd29d-e2f5-5692-9882-d62af76c6adf,,materials,processes/8f0dd29d-e2f5-5692-9882-d62af76c6adf.xml,1,kg,GLO,materials,,,"Colouration of textiles involve a sequential mechanism: migration of dye from bath to fibre surface,",scraped_from_ilcd
f0cfde75-294c-5949-ae5d-cf42f7b5c627,,materials,processes/f0cfde75-294c-5949-ae5d-cf42f7b5c627.xml,1,kg,GLO,materials,,,"Yarn production activity includes Opening, Cleaning, Blending, Carding, Drafting, combing, roving, s",scraped_from_ilcd
8e2f800f-a8da-571e-82c4-a85edd00c6c5,,materials,processes/8e2f800f-a8da-571e-82c4-a85edd00c6c5.xml,1,kg,GLO,materials,,,"Knitting is a method by which yarn is manipulated to create a textile or fabric.

A user employing t",scraped_from_ilcd
ea368e66-1949-5c48-8bec-fd1d065a4ec8,,materials,processes/ea368e66-1949-5c48-8bec-fd1d065a4ec8.xml,1,kg,GLO,materials,,,"Yarn production activity includes Opening, Cleaning, Blending, Carding, Drafting, combing, roving, s",scraped_from_ilcd
3123465c-e9eb-5b5c-8082-2011c5f033ba,,materials,processes/3123465c-e9eb-5b5c-8082-2011c5f033ba.xml,1,kg,GLO,materials,,,"Yarn production activity includes Opening, Cleaning, Blending, Carding, Drafting, combing, roving, s",scraped_from_ilcd
059415cd-f1e7-571c-8cf2-74829c19052c,,materials,processes/059415cd-f1e7-571c-8cf2-74829c19052c.xml,1,kg,GLO,materials,,,Warp yarns or fabric is wound onto a perforated beam. The dye liquor is forced through the perforati,scraped_from_ilcd
99347a16-a176-4471-b6ef-35f37d2e9d09,,materials,processes/99347a16-a176-4471-b6ef-35f37d2e9d09.xml,1,kg,EU+EFTA+UK,materials,,,"The data set represents the incineration of textile waste. 99% are assumed to be cotton, 1% is wool.",scraped_from_ilcd
46967651-087f-5a9b-9d93-2459aa98fb0e,,materials,processes/46967651-087f-5a9b-9d93-2459aa98fb0e.xml,1,kg,GLO,materials,,,Flame lamination is used to adhere polyurethane foam to a textile material. A web of foam from a sup,scraped_from_ilcd
be51eb7d-cfca-50b6-9ca8-db7caa61358a,,materials,processes/be51eb7d-cfca-50b6-9ca8-db7caa61358a.xml,1,kg,GLO,materials,,,"Yarn production activity includes Opening, Cleaning, Blending, Carding, Drafting, combing, roving, s",scraped_from_ilcd
67d21bb3-1ecf-54be-baab-82cefd51c63d,,materials,processes/67d21bb3-1ecf-54be-baab-82cefd51c63d.xml,1,kg,GLO,materials,,,Knitting is a method by which yarn is manipulated to create a textile or fabric. Circular knitting i,scraped_from_ilcd
10323e8a-14cc-551b-afb6-2230cfbbe23f,,materials,processes/10323e8a-14cc-551b-afb6-2230cfbbe23f.xml,1,kg,GLO,materials,,,"In general, PET and nylon threads are used for apparel production. So, this data represents producti",scraped_from_ilcd
4d472f91-9b44-5071-8aa9-425baa4bd744,,materials,processes/4d472f91-9b44-5071-8aa9-425baa4bd744.xml,1,kg,GLO,materials,,,"Knitting is a method by which yarn is manipulated to create a textile or fabric.

A user employing t",scraped_from_ilcd
91e8a9fd-2e21-5e2e-9716-40381473e54b,,materials,processes/91e8a9fd-2e21-5e2e-9716-40381473e54b.xml,1,kg,GLO,materials,,,Weaving is a method of textile production in which two distinct sets of yarns or threads are interla,scraped_from_ilcd
bb85a16b-73a0-5a11-9abb-679a097b9744,,materials,processes/bb85a16b-73a0-5a11-9abb-679a097b9744.xml,1,kg,GLO,materials,,,"Knitting is a method by which yarn is manipulated to create a textile or fabric.

A user employing t",scraped_from_ilcd
af6fd724-7116-5ffc-9a7f-9b91bf98a71f,,materials,processes/af6fd724-7116-5ffc-9a7f-9b91bf98a71f.xml,1,kg,EU+EFTA+UK,materials,,,Tufting is a type of textile weaving in which a thread is inserted on a primary base. A woven fabric,scraped_from_ilcd
b29ae8f7-3c70-5611-a52c-a3d2bba7a4a8,,materials,processes/b29ae8f7-3c70-5611-a52c-a3d2bba7a4a8.xml,1,kg,GLO,materials,,,Yarns are pulled up by a ball warping machine; pass through lease stands to ensure proper sequencing,scraped_from_ilcd
8161e142-9a50-5a90-9ed4-9665bd2104f6,,materials,processes/8161e142-9a50-5a90-9ed4-9665bd2104f6.xml,1,kg,GLO,materials,,,Weaving is a method of textile production in which two distinct sets of yarns or threads are interla,scraped_from_ilcd
bb8bcb40-7674-5749-a12c-01dabf1a4607,,materials,processes/bb8bcb40-7674-5749-a12c-01dabf1a4607.xml,1,kg,GLO,materials,,,Weaving is a method of textile production in which two distinct sets of yarns or threads are interla,scraped_from_ilcd
e0dca35d-107a-5bd5-8893-80df5254950c,,materials,processes/e0dca35d-107a-5bd5-8893-80df5254950c.xml,1,kg,GLO,materials,,,"While Open End yarn production; electricity, heat energy are consumed and raw material wastes occurs",scraped_from_ilcd
6f386071-35ce-529a-92ab-aa2a57be2e5f,,materials,processes/6f386071-35ce-529a-92ab-aa2a57be2e5f.xml,1,kg,GLO,materials,,,"While Open End yarn production; electricity, heat energy are consumed and raw material wastes occurs",scraped_from_ilcd
b1cf9aac-7f5b-5c4e-9dc2-f1a3adf46d61,,materials,processes/b1cf9aac-7f5b-5c4e-9dc2-f1a3adf46d61.xml,1,kg,GLO,materials,,,"Yarn production activity includes Opening, Cleaning, Blending, Carding, Drafting, combing, roving, s",scraped_from_ilcd
348bd060-7f84-525a-a1cb-78c5725bd52f,,materials,processes/348bd060-7f84-525a-a1cb-78c5725bd52f.xml,1,kg,GLO,materials,,,"While Open End yarn production; electricity, heat energy are consumed and raw material wastes occurs",scraped_from_ilcd
5fff58a3-4526-55ce-b8f9-86b1907ac84e,,materials,processes/5fff58a3-4526-55ce-b8f9-86b1907ac84e.xml,1,kg,GLO,materials,,,"While Open End yarn production; electricity, heat energy are consumed and raw material wastes occurs",scraped_from_ilcd
32294aa3-2207-5461-9d3b-b038ee1b4ed6,,materials,processes/32294aa3-2207-5461-9d3b-b038ee1b4ed6.xml,1,kg,GLO,materials,,,"While Open End yarn production; electricity, heat energy are consumed and raw material wastes occurs",scraped_from_ilcd
5c25a9f0-0cad-557f-937f-4869d38d7e3b,,materials,processes/5c25a9f0-0cad-557f-937f-4869d38d7e3b.xml,1,kg,GLO,materials,,,"Knitting is a method by which yarn is manipulated to create a textile or fabric.

A user employing t",scraped_from_ilcd
7c603922-a847-5358-8dae-558e06d50425,,materials,processes/7c603922-a847-5358-8dae-558e06d50425.xml,1,kg,GLO,materials,,,"Knitting is a method by which yarn is manipulated to create a textile or fabric.

A user employing t",scraped_from_ilcd
127e0dba-71bd-579a-b4ac-88a8d70161ba,,materials,processes/127e0dba-71bd-579a-b4ac-88a8d70161ba.xml,1,kg,GLO,materials,,,"While Open End yarn production; electricity, heat energy are consumed and raw material wastes occurs",scraped_from_ilcd
778e713e-bb28-57c8-b82e-c0ee3299fe8d,,materials,processes/778e713e-bb28-57c8-b82e-c0ee3299fe8d.xml,1,kg,GLO,materials,,,"Colouration of textiles involve a sequential mechanism: migration of dye from bath to fibre surface,",scraped_from_ilcd
fe86f648-88c4-54e3-a52d-5dadd5710bc9,,materials,processes/fe86f648-88c4-54e3-a52d-5dadd5710bc9.xml,1,kg,GLO,materials,,,"Several types of compounds and polymers are used as Flame Retardants (FR) for textile materials, inc",scraped_from_ilcd
8cf8afc1-6e4b-5238-80bd-7097cf26fb42,,materials,processes/8cf8afc1-6e4b-5238-80bd-7097cf26fb42.xml,1,kg,GLO,materials,,,Weaving is a method of textile production in which two distinct sets of yarns or threads are interla,scraped_from_ilcd
bbf3bd4e-6ae5-53fb-a04d-d5048233e4be,,materials,processes/bbf3bd4e-6ae5-53fb-a04d-d5048233e4be.xml,1,kg,RAF,materials,,,The process of fiberization can be energy intensive due to the high mechanical pressure required for,scraped_from_ilcd
7b5cbb55-46d1-5ff1-ae6e-934272f7d1df,,materials,processes/7b5cbb55-46d1-5ff1-ae6e-934272f7d1df.xml,1,kg,GLO,materials,,,"Yarn production activity includes Opening, Cleaning, Blending, Carding, Drafting, combing, roving, s",scraped_from_ilcd
44b8d6db-4970-5736-8a64-625026f672a2,,materials,processes/44b8d6db-4970-5736-8a64-625026f672a2.xml,1,kg,GLO,materials,,,"Yarn production activity includes Opening, Cleaning, Blending, Carding, Drafting, combing, roving, s",scraped_from_ilcd
7b1da6df-ef5f-55b2-a692-78cd55d83f91,,materials,processes/7b1da6df-ef5f-55b2-a692-78cd55d83f91.xml,1,kg,GLO,materials,,,"Coating is the application of polymer onto a textile as a paste, foam or viscous liquid. The applica",scraped_from_ilcd
d78809e5-7d6f-5026-8d6f-b80b36eb1c2e,,materials,processes/d78809e5-7d6f-5026-8d6f-b80b36eb1c2e.xml,1,kg,GLO,materials,,,"While Open End yarn production; electricity, heat energy are consumed and raw material wastes occurs",scraped_from_ilcd
a54a83bc-bfd0-5e45-a32e-098f02974d9e,,materials,processes/a54a83bc-bfd0-5e45-a32e-098f02974d9e.xml,1,kg,GLO,materials,,,System boundaries: The dataset describes the tanning and finishing of pig  leather. The inventory in,scraped_from_ilcd
06174a1a-a5ff-53ad-b008-5b6f8588c294,,materials,processes/06174a1a-a5ff-53ad-b008-5b6f8588c294.xml,1,kg,GLO,materials,,,"Yarn production activity includes Opening, Cleaning, Blending, Carding, Drafting, combing, roving, s",scraped_from_ilcd
34e2c6d2-2f7b-5f8e-a32f-8b45cef3f4b1,,materials,processes/34e2c6d2-2f7b-5f8e-a32f-8b45cef3f4b1.xml,1,kg,GLO,materials,,,"A sewing machine is a mechanical (or electrical) device that joins fabric using thread, like manual ",scraped_from_ilcd
f14a68de-8199-5788-81a2-21eee9b023a4,,materials,processes/f14a68de-8199-5788-81a2-21eee9b023a4.xml,1,kg,GLO,materials,,,"Yarn production activity includes Opening, Cleaning, Blending, Carding, Drafting, combing, roving, s",scraped_from_ilcd
51e2e526-825e-573c-8afd-96bdacd0d596,,materials,processes/51e2e526-825e-573c-8afd-96bdacd0d596.xml,1,kg,GLO,materials,,,Knitting is a method by which yarn is manipulated to create a textile or fabric. 3D knitting takes a,scraped_from_ilcd
2b8ae70e-a71b-47ab-9e78-251d8d3667cb,,materials,processes/2b8ae70e-a71b-47ab-9e78-251d8d3667cb.xml,1,kg,EU+EFTA+UK,materials,,,"Foreground system:
These aromatic polyester polyols are made by polycondensation from phthalic anhy",scraped_from_ilcd
ea489915-d75a-576f-98f6-b55f6001e67d,,materials,processes/ea489915-d75a-576f-98f6-b55f6001e67d.xml,1,kg,GLO,materials,,,"Yarn production activity includes Opening, Cleaning, Blending, Carding, Drafting, combing, roving, s",scraped_from_ilcd
84964dc8-f1f4-572a-82bd-1e15318fed4e,,materials,processes/84964dc8-f1f4-572a-82bd-1e15318fed4e.xml,1,kg,AU,materials,,,"System boundaries include all the stages needed for the processing of raw wool (Scouring, spinning a",scraped_from_ilcd
dbbc8ef4-648d-5011-92d9-717df5455f50,,materials,processes/dbbc8ef4-648d-5011-92d9-717df5455f50.xml,1,kg,BR,materials,,,"This inventory is based on the ecoinvent 3.7.1 dataset  ""fibre production, cotton, ginning GLO"", adj",scraped_from_ilcd
3c31893e-cfe7-54c9-b7c7-a6fcc5b6b8a3,,materials,processes/3c31893e-cfe7-54c9-b7c7-a6fcc5b6b8a3.xml,1,kg,PK,materials,,,Ginning is a mechanical process to separate fibers from seeds. This dataset includes the transport f,scraped_from_ilcd
0db3a206-58bd-5234-9a36-38ab68e58a5d,,materials,processes/0db3a206-58bd-5234-9a36-38ab68e58a5d.xml,1,kg,GLO,materials,,,"Post-consumer viscose fibre textiles are collected and transported to sorting facilities, where non-",scraped_from_ilcd
98a5a555-90eb-5528-8346-ec5faddd5f0c,,materials,processes/98a5a555-90eb-5528-8346-ec5faddd5f0c.xml,1,kg,GLO,materials,,,"Elastics can be produced with materials of Polyester, Lycra, Nylon, PP, Cotton. While production of ",scraped_from_ilcd
9004324b-5956-5923-84da-3de3d711b5ca,,materials,processes/9004324b-5956-5923-84da-3de3d711b5ca.xml,1,kg,GLO,materials,,,"Yarn production activity includes Opening, Cleaning, Blending, Carding, Drafting, combing, roving, s",scraped_from_ilcd
17fd047f-74bb-56ac-a244-486c4632473f,,materials,processes/17fd047f-74bb-56ac-a244-486c4632473f.xml,1,kg,ML,materials,,,The environmental impact cotton fibre includes cultivation and delintint the Seed cotton. The ginnin,scraped_from_ilcd
47b98564-7623-5693-a936-d31d223f0384,,materials,processes/47b98564-7623-5693-a936-d31d223f0384.xml,1,kg,GLO,materials,,,"While Open End yarn production; electricity, heat energy are consumed and raw material wastes occurs",scraped_from_ilcd
5d7b7f87-1844-5131-bde7-3ee3ac80176c,,materials,processes/5d7b7f87-1844-5131-bde7-3ee3ac80176c.xml,1,kg,GLO,materials,,,"Yarn production activity includes Opening, Cleaning, Blending, Carding, Drafting, combing, roving, s",scraped_from_ilcd
817e5f62-dce9-5a17-b515-de6e90303134,,materials,processes/817e5f62-dce9-5a17-b515-de6e90303134.xml,1,kg,GLO,materials,,,Australian Wool/Lamb production is taken as basis for alpaca wool production and then adapted to mak,scraped_from_ilcd
fcc33c3e-ae9e-5ddf-81ba-589156f225ef,,materials,processes/fcc33c3e-ae9e-5ddf-81ba-589156f225ef.xml,1,kg,GLO,materials,,,"While Open End yarn production; electricity, heat energy are consumed and raw material wastes occurs",scraped_from_ilcd
c5404578-3462-5a3a-8f34-a938d3ab83b2,,materials,processes/c5404578-3462-5a3a-8f34-a938d3ab83b2.xml,1,kg,GLO,materials,,,"Yarn production activity includes Opening, Cleaning, Blending, Carding, Drafting, combing, roving, s",scraped_from_ilcd
2d4e286d-50ba-5c5c-876f-c1c2af1aa3b8,,materials,processes/2d4e286d-50ba-5c5c-876f-c1c2af1aa3b8.xml,1,kg,GLO,materials,,,"Yarn production activity includes Opening, Cleaning, Blending, Carding, Drafting, combing, roving, s",scraped_from_ilcd
9ee96235-49c9-5ede-af64-4eaf998e9899,,materials,processes/9ee96235-49c9-5ede-af64-4eaf998e9899.xml,1,kg,GLO,materials,,,"In this model, the foam aplicator for 1 side dyeing is doctor blade coating machine. As the industri",scraped_from_ilcd
3747330d-cd65-583c-ac3b-fd4896e8b8d6,,materials,processes/3747330d-cd65-583c-ac3b-fd4896e8b8d6.xml,1,kg,GLO,materials,,,"Knitting is a method by which yarn is manipulated to create a textile or fabric.

A user employing t",scraped_from_ilcd
392f6cdf-e657-5a21-ade8-5196790a4617,,materials,processes/392f6cdf-e657-5a21-ade8-5196790a4617.xml,1,kg,ZA,materials,,,"System boundaries include all the stages needed for the processing of raw wool (Scouring, spinning a",scraped_from_ilcd
545e1a57-840f-5a39-8463-96f57abbe9eb,,materials,processes/545e1a57-840f-5a39-8463-96f57abbe9eb.xml,1,kg,GLO,materials,,,"While Open End yarn production; electricity, heat energy are consumed and raw material wastes occurs",scraped_from_ilcd
3e45022f-2b84-5964-9fab-07018427df8b,,materials,processes/3e45022f-2b84-5964-9fab-07018427df8b.xml,1,kg,GLO,materials,,,"This data covers zipper machine consumptions, production of nylon polymer which is used as raw mater",scraped_from_ilcd
aba1b4fa-8b80-5e86-8a42-680d1e706946,,materials,processes/aba1b4fa-8b80-5e86-8a42-680d1e706946.xml,1,kg,GLO,materials,,,"This process covers synthetic filament production, cutting of filaments and spinning by open end (ro",scraped_from_ilcd
a3b86fc0-b375-5b5c-bf2b-dedeb267559f,,materials,processes/a3b86fc0-b375-5b5c-bf2b-dedeb267559f.xml,1,kg,GLO,materials,,,"Colouration of textiles involve a sequential mechanism: migration of dye from bath to fibre surface,",scraped_from_ilcd
d86dd4fe-a9f7-5268-8c36-49f956e4d5ea,,materials,processes/d86dd4fe-a9f7-5268-8c36-49f956e4d5ea.xml,1,kg,TJ,materials,,,The environmental impact cotton fibre includes cultivation and delintint the Seed cotton. The ginnin,scraped_from_ilcd
a0a960c1-02aa-5ddb-8a0d-cda6181085c3,,materials,processes/a0a960c1-02aa-5ddb-8a0d-cda6181085c3.xml,1,kg,GLO,materials,,,Continuous dyeing is a process in which dyeing the fabric and fixation of the dye are carried out co,scraped_from_ilcd
96814657-e159-536d-95d7-feb8947d9633,,materials,processes/96814657-e159-536d-95d7-feb8947d9633.xml,1,kg,GLO,materials,,,"Coating is the application of polymer onto a textile as a paste, foam or viscous liquid. The applica",scraped_from_ilcd
7e879952-f763-5c97-945e-4f9f92565516,,materials,processes/7e879952-f763-5c97-945e-4f9f92565516.xml,1,kg,GLO,materials,,,"Yarn production activity includes Opening, Cleaning, Blending, Carding, Drafting, combing, roving, s",scraped_from_ilcd
58a6986e-1c5e-56f0-8cb1-b5019468efef,,materials,processes/58a6986e-1c5e-56f0-8cb1-b5019468efef.xml,1,kg,GLO,materials,,,Warp yarns or fabric is wound onto a perforated beam. The dye liquor is forced through the perforati,scraped_from_ilcd
5a74e800-6330-5657-9174-477a298d52bc,,materials,processes/5a74e800-6330-5657-9174-477a298d52bc.xml,1,kg,GLO,materials,,,"While Open End yarn production; electricity, heat energy are consumed and raw material wastes occurs",scraped_from_ilcd
51165b04-2144-578f-85c3-049feb2ba8ee,,materials,processes/51165b04-2144-578f-85c3-049feb2ba8ee.xml,1,kg,GLO,materials,,,Polyamide and polyester fibres are generally adequately scoured using an alkyl polyoxyethylene sulph,scraped_from_ilcd
7748286a-9ad9-5fda-b60a-74f75058d705,,materials,processes/7748286a-9ad9-5fda-b60a-74f75058d705.xml,1,kg,GLO,materials,,,"This process covers synthetic filament production, cutting of filaments and spinning by open end (ro",scraped_from_ilcd
35df89ba-c78c-58c5-b4e2-9be77cc939d3,,materials,processes/35df89ba-c78c-58c5-b4e2-9be77cc939d3.xml,1,kg,GLO,materials,,,Weaving is a method of textile production in which two distinct sets of yarns or threads are interla,scraped_from_ilcd
a1a7af59-1982-50a0-9b19-407cb7203a45,,materials,processes/a1a7af59-1982-50a0-9b19-407cb7203a45.xml,1,kg,GLO,materials,,,Yarns are pulled up by a ball warping machine; pass through lease stands to ensure proper sequencing,scraped_from_ilcd
317f4025-ff7f-52d5-8e8a-1722a073c232,,materials,processes/317f4025-ff7f-52d5-8e8a-1722a073c232.xml,1,kg,GLO,materials,,,"Yarn production activity includes Opening, Cleaning, Blending, Carding, Drafting, combing, roving, s",scraped_from_ilcd
8f196966-bd4c-5456-864f-7b9a15c540c6,,materials,processes/8f196966-bd4c-5456-864f-7b9a15c540c6.xml,1,kg,GLO,materials,,,"Yarn production activity includes Opening, Cleaning, Blending, Carding, Drafting, combing, roving, s",scraped_from_ilcd
763bb099-53e1-5df5-9691-b5947c7a3040,,materials,processes/763bb099-53e1-5df5-9691-b5947c7a3040.xml,1,kg,GLO,materials,,,"Yarn production activity includes Opening, Cleaning, Blending, Carding, Drafting, combing, roving, s",scraped_from_ilcd
c0e4bb6f-0e84-5659-b9f0-0b290e692719,,materials,processes/c0e4bb6f-0e84-5659-b9f0-0b290e692719.xml,1,kg,ZA,materials,,,"System boundaries include all the stages needed for the processing of raw wool (Scouring, spinning a",scraped_from_ilcd
31f3e9e9-9b6a-5202-b596-2b4d0ff0d990,,materials,processes/31f3e9e9-9b6a-5202-b596-2b4d0ff0d990.xml,1,kg,GLO,materials,,,The process covers extrusion and melt spinning of synthetic filament yarn production. Synthetic raw ,scraped_from_ilcd
a6707dad-24b2-5f0e-9b65-2461f2a56f0e,,materials,processes/a6707dad-24b2-5f0e-9b65-2461f2a56f0e.xml,1,kg,GLO,materials,,,"Yarn production activity includes Opening, Cleaning, Blending, Carding, Drafting, combing, roving, s",scraped_from_ilcd
4bbefe1a-70b3-5c82-91d6-3592f689b9f3,,materials,processes/4bbefe1a-70b3-5c82-91d6-3592f689b9f3.xml,1,kg,GLO,materials,,,"The compacting machine is a knitted fabric shrinkage control machine, which can compact the fabric i",scraped_from_ilcd
36c4a273-6e29-487d-9cd8-74c52578846b,,materials,processes/36c4a273-6e29-487d-9cd8-74c52578846b.xml,1,kg,GLO,materials,,,This process represents renvironmental burdens associated with the production of secondary textiles ,scraped_from_ilcd
58507ede-5b95-5f83-9461-626f6e725a62,,materials,processes/58507ede-5b95-5f83-9461-626f6e725a62.xml,1,kg,GLO,materials,,,"Yarn production activity includes Opening, Cleaning, Blending, Carding, Drafting, combing, roving, s",scraped_from_ilcd
97422251-212b-597b-a59b-5fcbedbf5ba0,,materials,processes/97422251-212b-597b-a59b-5fcbedbf5ba0.xml,1,kg,GLO,materials,,,"While Open End yarn production; electricity, heat energy are consumed and raw material wastes occurs",scraped_from_ilcd
1c676d7f-356f-5100-b163-932342bdb08d,,materials,processes/1c676d7f-356f-5100-b163-932342bdb08d.xml,1,kg,GLO,materials,,,Weaving is a method of textile production in which two distinct sets of yarns or threads are interla,scraped_from_ilcd
97603829-5ffa-5cd0-ba0e-61a99f858b3c,,materials,processes/97603829-5ffa-5cd0-ba0e-61a99f858b3c.xml,1,kg,IN,materials,,,The environmental impact cotton fibre includes cultivation and delintint the Seed cotton. The ginnin,scraped_from_ilcd
2c8e39f1-048d-5910-af25-40d148add4c7,,materials,processes/2c8e39f1-048d-5910-af25-40d148add4c7.xml,1,kg,GLO,materials,,,"In melt spinning, thermoplastic polymer granules are fed into an extruder and then the polymer melt ",scraped_from_ilcd
b44eac92-88e2-5ed8-a054-21b4b0ddaabc,,materials,processes/b44eac92-88e2-5ed8-a054-21b4b0ddaabc.xml,1,kg,EU+EFTA+UK,materials,,,A digital textile printer with a spray head is used as a proxy. The available head for the machine i,scraped_from_ilcd
538ae40b-8329-571c-a735-7cd10e9fc5a3,,materials,processes/538ae40b-8329-571c-a735-7cd10e9fc5a3.xml,1,kg,GLO,materials,,,"While Open End yarn production; electricity, heat energy are consumed and raw material wastes occurs",scraped_from_ilcd
a398773b-055e-5468-8531-053bb30762f5,,materials,processes/a398773b-055e-5468-8531-053bb30762f5.xml,1,kg,GLO,materials,,,"There are various scouring agents used in processing of fabrics, out of which the alkaline scouring ",scraped_from_ilcd
593e958b-0893-57f7-8b24-51b32ef587e2,,materials,processes/593e958b-0893-57f7-8b24-51b32ef587e2.xml,1,kg,GLO,materials,,,"While Open End yarn production; electricity, heat energy are consumed and raw material wastes occurs",scraped_from_ilcd
b467d5ec-ac0a-5bc6-a29e-6d6c4e7fe370,,materials,processes/b467d5ec-ac0a-5bc6-a29e-6d6c4e7fe370.xml,1,kg,GLO,materials,,,"In this model,  the machine used for batch process is high temperature winches dyeing machine. The p",scraped_from_ilcd
db29c26f-8746-50e7-bb3c-9b58b790140f,,materials,processes/db29c26f-8746-50e7-bb3c-9b58b790140f.xml,1,kg,GLO,materials,,,"This activity is modeled as a service, so no input of textile is considered. Electricity consumption",scraped_from_ilcd
d8245b2a-9db9-5750-8a9c-badb84f01326,,materials,processes/d8245b2a-9db9-5750-8a9c-badb84f01326.xml,1,kg,GLO,materials,,,Textile preparation processes are the first class of wet processes for textiles. Pretreatment proces,scraped_from_ilcd
0595258e-4fbe-5c62-a2a5-976cae7c72c7,,materials,processes/0595258e-4fbe-5c62-a2a5-976cae7c72c7.xml,1,kg,AU,materials,,,"System boundaries include all the stages needed for the processing of raw wool (Scouring, spinning a",scraped_from_ilcd
ef1b7395-7e59-549a-bb7a-0238a090f9e9,,materials,processes/ef1b7395-7e59-549a-bb7a-0238a090f9e9.xml,1,kg,GLO,materials,,,"Knitting is a method by which yarn is manipulated to create a textile or fabric.

A user employing t",scraped_from_ilcd
db5fa06f-85bc-5388-acf8-064e6e96c188,,materials,processes/db5fa06f-85bc-5388-acf8-064e6e96c188.xml,1,kg,GLO,materials,,,"Yarn production activity includes Opening, Cleaning, Blending, Carding, Drafting, combing, roving, s",scraped_from_ilcd
48efed99-f3db-5345-a0e1-d0bc93b9d22d,,materials,processes/48efed99-f3db-5345-a0e1-d0bc93b9d22d.xml,1,kg,GLO,materials,,,System boundaries: The dataset describes the tanning and finishing of veal  leather. The inventory i,scraped_from_ilcd
395aa90e-2cc9-59f3-841a-d8ece437cda4,,materials,processes/395aa90e-2cc9-59f3-841a-d8ece437cda4.xml,1,kg,GLO,materials,,,"While Open End yarn production; electricity, heat energy are consumed and raw material wastes occurs",scraped_from_ilcd
1fd84bc6-ebed-53c9-bc49-4fd6fb825472,,materials,processes/1fd84bc6-ebed-53c9-bc49-4fd6fb825472.xml,1,kg,GLO,materials,,,Doubling is a process that two or more yarns combined. After doubling yarns are twisted to get stron,scraped_from_ilcd
a7ba41b4-8bbb-5ef3-80fb-bdafb112da0f,,materials,processes/a7ba41b4-8bbb-5ef3-80fb-bdafb112da0f.xml,1,kg,GLO,materials,,,"While Open End and Ring yarn production; electricity, heat energy are consumed and raw material wast",scraped_from_ilcd
069fdb9e-ce90-50af-a32d-5af2f9476dea,,materials,processes/069fdb9e-ce90-50af-a32d-5af2f9476dea.xml,1,kg,EG,materials,,,The environmental impact cotton fibre includes cultivation and delintint the Seed cotton. The ginnin,scraped_from_ilcd
f0d8bd00-cfbe-5543-b1ed-8ee404590365,,materials,processes/f0d8bd00-cfbe-5543-b1ed-8ee404590365.xml,1,kg,GLO,materials,,,"In this model,  the machine used for batch process is high temperature winches dyeing machine. The p",scraped_from_ilcd
973fdc03-70c2-5a4c-aac2-6644dbce2054,,materials,processes/973fdc03-70c2-5a4c-aac2-6644dbce2054.xml,1,kg,GLO,materials,,,The dye used in this model is recipe for reactive dye as this kind of dye is linked to the fabric by,scraped_from_ilcd
54e4444e-ecf5-5c4f-a460-843499f26597,,materials,processes/54e4444e-ecf5-5c4f-a460-843499f26597.xml,1,kg,GLO,materials,,,"While Open End yarn production; electricity, heat energy are consumed and raw material wastes occurs",scraped_from_ilcd
13075639-e286-549e-a3b3-f7e33b8b13bf,,materials,processes/13075639-e286-549e-a3b3-f7e33b8b13bf.xml,1,kg,GLO,materials,,,"Yarn production activity includes Opening, Cleaning, Blending, Carding, Drafting, combing, roving, s",scraped_from_ilcd
682353bc-555f-5ea8-a0fa-8217c4c46c85,,materials,processes/682353bc-555f-5ea8-a0fa-8217c4c46c85.xml,1,kg,GLO,materials,,,Doubling is a process that two or more yarns combined. After doubling yarns are twisted to get stron,scraped_from_ilcd
81baeb0b-381e-5334-b5ed-ef169bda7a11,,materials,processes/81baeb0b-381e-5334-b5ed-ef169bda7a11.xml,1,kg,GLO,materials,,,"Knitting is a method by which yarn is manipulated to create a textile or fabric.

A user employing t",scraped_from_ilcd
2375a625-837e-52b5-8c4a-ce2bd92219fc,,materials,processes/2375a625-837e-52b5-8c4a-ce2bd92219fc.xml,1,kg,IN,materials,,,Ginning is a mechanical process to separate fibers from seeds. This dataset includes the transport f,scraped_from_ilcd
3cbf097f-37d3-5fbe-99ac-07b8b0731938,,materials,processes/3cbf097f-37d3-5fbe-99ac-07b8b0731938.xml,1,kg,GLO,materials,,,"While Open End yarn production; electricity, heat energy are consumed and raw material wastes occurs",scraped_from_ilcd
524c5cfb-1fc0-5bd2-ab59-cda538317a86,,materials,processes/524c5cfb-1fc0-5bd2-ab59-cda538317a86.xml,1,kg,GLO,materials,,,In laser etching a machine is used to intricate designs on fabric denim and leather as well as on fi,scraped_from_ilcd
3310fbed-0b54-5527-8569-e7363648efa9,,materials,processes/3310fbed-0b54-5527-8569-e7363648efa9.xml,1,kg,GLO,materials,,,"This activity is modeled as a service, so no input of textile is considered. Electricity consumption",scraped_from_ilcd
9f0fea10-74dc-555f-a136-e82c4c23bac9,,materials,processes/9f0fea10-74dc-555f-a136-e82c4c23bac9.xml,1,kg,GLO,materials,,,Weaving is a method of textile production in which two distinct sets of yarns or threads are interla,scraped_from_ilcd
166a3dcc-68f1-5b59-b9f5-0be4ad86785c,,materials,processes/166a3dcc-68f1-5b59-b9f5-0be4ad86785c.xml,1,kg,UZ,materials,,,The environmental impact cotton fibre includes cultivation and delintint the Seed cotton. The ginnin,scraped_from_ilcd
e73afa78-28c6-5b81-8c70-2f098ccd1c03,,materials,processes/e73afa78-28c6-5b81-8c70-2f098ccd1c03.xml,1,kg,GLO,materials,,,"Yarn production activity includes Opening, Cleaning, Blending, Carding, Drafting, combing, roving, s",scraped_from_ilcd
a37ee94b-8f1c-5a72-acdd-a611dd3245ed,,materials,processes/a37ee94b-8f1c-5a72-acdd-a611dd3245ed.xml,1,kg,GLO,materials,,,"Yarn production activity includes Opening, Cleaning, Blending, Carding, Drafting, combing, roving, s",scraped_from_ilcd
786ac531-40d4-5221-9830-24d9d51b532f,,materials,processes/786ac531-40d4-5221-9830-24d9d51b532f.xml,1,kg,GLO,materials,,,"The recycling yield is 97%, therefore a waste cotton input of 1.031 kg has to be added.",scraped_from_ilcd
83ebb053-c179-57fb-a1e0-d97654c9b00a,,materials,processes/83ebb053-c179-57fb-a1e0-d97654c9b00a.xml,1,kg,GLO,materials,,,"Yarn production activity includes Opening, Cleaning, Blending, Carding, Drafting, combing, roving, s",scraped_from_ilcd
2516fa16-1cf7-585e-9409-05ce0d404910,,materials,processes/2516fa16-1cf7-585e-9409-05ce0d404910.xml,1,kg,GLO,materials,,,"Yarn production activity includes Opening, Cleaning, Blending, Carding, Drafting, combing, roving, s",scraped_from_ilcd
de973bc0-aa61-516e-9276-c18c8d19d102,,materials,processes/de973bc0-aa61-516e-9276-c18c8d19d102.xml,1,kg,GLO,materials,,,"Calendering of textiles is a finishing process used to smooth, coat, or thin a material. With textil",scraped_from_ilcd
877324f5-929f-589b-bfae-833eb146fcb1,,materials,processes/877324f5-929f-589b-bfae-833eb146fcb1.xml,1,kg,GLO,materials,,,The process covers extrusion and melt spinning of synthetic filament yarn production. Synthetic raw ,scraped_from_ilcd
dbb3e28b-d25a-5e41-bde0-6c9b8afa41a0,,materials,processes/dbb3e28b-d25a-5e41-bde0-6c9b8afa41a0.xml,1,kg,ZA,materials,,,"This dataset represent post-industrial wool recycling. Post-industrial waste consists of fibre, yarn",scraped_from_ilcd
3533ef34-7740-5d23-b5b9-7285f429255d,,materials,processes/3533ef34-7740-5d23-b5b9-7285f429255d.xml,1,kg,GLO,materials,,,"Coating is the application of polymer onto a textile as a paste, foam or viscous liquid. The applica",scraped_from_ilcd
f7da7ec0-24e0-5852-af5f-d24755e8905f,,materials,processes/f7da7ec0-24e0-5852-af5f-d24755e8905f.xml,1,kg,AU,materials,,,The environmental impact cotton fibre includes cultivation and delintint the Seed cotton. The ginnin,scraped_from_ilcd
d53bf0bf-41b4-57ff-b1eb-24ec18402a4a,,materials,processes/d53bf0bf-41b4-57ff-b1eb-24ec18402a4a.xml,1,kg,GLO,materials,,,"Yarn production activity includes Opening, Cleaning, Blending, Carding, Drafting, combing, roving, s",scraped_from_ilcd
f615f363-46c9-54b3-adff-b4c52c2b265b,,materials,processes/f615f363-46c9-54b3-adff-b4c52c2b265b.xml,1,kg,GLO,materials,,,"While Open End yarn production; electricity, heat energy are consumed and raw material wastes occurs",scraped_from_ilcd
6b9f69ab-5190-5001-8d96-1a87a31c49d4,,materials,processes/6b9f69ab-5190-5001-8d96-1a87a31c49d4.xml,1,kg,GLO,materials,,,The fusing process is one sort of alternative method of fabric joining and is vastly used for attach,scraped_from_ilcd
34c35323-7be0-5e9a-a29d-0d8c17d3a7e5,,materials,processes/34c35323-7be0-5e9a-a29d-0d8c17d3a7e5.xml,1,kg,GLO,materials,,,"Yarn production activity includes Opening, Cleaning, Blending, Carding, Drafting, combing, roving, s",scraped_from_ilcd
c0a9556c-a2af-5b23-83cd-39de9092a43c,,materials,processes/c0a9556c-a2af-5b23-83cd-39de9092a43c.xml,1,kg,GLO,materials,,,Weaving is a method of textile production in which two distinct sets of yarns or threads are interla,scraped_from_ilcd
fe990bf1-d768-5de0-bc37-42eaad41d36f,,materials,processes/fe990bf1-d768-5de0-bc37-42eaad41d36f.xml,1,kg,GLO,materials,,,"Coating is the application of polymer onto a textile as a paste, foam or viscous liquid. The applica",scraped_from_ilcd
cfd88ae5-c94a-56e1-b2af-a58b96e38de6,,materials,processes/cfd88ae5-c94a-56e1-b2af-a58b96e38de6.xml,1,kg,GLO,materials,,,"A sewing machine is a mechanical (or electrical) device that joins fabric using thread, like manual ",scraped_from_ilcd
1c7ff3db-09a9-5e49-927f-4608a7373f8c,,materials,processes/1c7ff3db-09a9-5e49-927f-4608a7373f8c.xml,1,kg,EU+EFTA+UK,materials,,,Weaving is a method of textile production in which two distinct sets of yarns or threads are interla,scraped_from_ilcd
82f509f6-50ee-5097-8904-1b5e627147fb,,materials,processes/82f509f6-50ee-5097-8904-1b5e627147fb.xml,1,kg,EU+EFTA+UK,materials,,,System boundaries: The dataset describes the tanning and finishing of cattle leather. The inventory ,scraped_from_ilcd
62217123-503c-5424-8645-5d554da82abb,,materials,processes/62217123-503c-5424-8645-5d554da82abb.xml,1,kg,GLO,materials,,,"A sewing machine is a mechanical (or electrical) device that joins fabric using thread, in a manner ",scraped_from_ilcd
3e7c6fbe-5b59-50ac-8f7d-c3e0f0d4239e,,materials,processes/3e7c6fbe-5b59-50ac-8f7d-c3e0f0d4239e.xml,1,kg,GLO,materials,,,"While Ring yarn production; electricity, heat energy are consumed and raw material wastes occurs. El",scraped_from_ilcd
29e12b15-ffbc-5e37-883c-db06f3121959,,materials,processes/29e12b15-ffbc-5e37-883c-db06f3121959.xml,1,kg,GLO,materials,,,"Yarn production activity includes Opening, Cleaning, Blending, Carding, Drafting, combing, roving, s",scraped_from_ilcd
bc84c85a-f425-5051-bcd0-a96b34703eb2,,materials,processes/bc84c85a-f425-5051-bcd0-a96b34703eb2.xml,1,kg,TR,materials,,,Ginning is a mechanical process to separate fibers from seeds. This dataset includes the transport f,scraped_from_ilcd
ac781150-2f08-4a46-903c-37ba33ebb6a0,,materials,processes/ac781150-2f08-4a46-903c-37ba33ebb6a0.xml,1,kg,EU+EFTA+UK,materials,,,"Foreground system:

Fiber production
A fiber is produced by melting and continual extrusion of th",scraped_from_ilcd
f07bf6ae-273e-5b48-9247-5d76cb973bdc,,materials,processes/f07bf6ae-273e-5b48-9247-5d76cb973bdc.xml,1,kg,BR,materials,,,"This inventory is based on the ecoinvent 3.7.1 dataset  ""fibre production, cotton, ginning GLO"", adj",scraped_from_ilcd
f9805c1e-d958-5e98-b1c7-55049f9d9f8e,,materials,processes/f9805c1e-d958-5e98-b1c7-55049f9d9f8e.xml,1,kg,GLO,materials,,,"Yarn production activity includes Opening, Cleaning, Blending, Carding, Drafting, combing, roving, s",scraped_from_ilcd
a1c6b9c7-cc81-52ab-a0cd-0f3acf17d1b8,,materials,processes/a1c6b9c7-cc81-52ab-a0cd-0f3acf17d1b8.xml,1,kg,GLO,materials,,,"Yarn production activity includes Opening, Cleaning, Blending, Carding, Drafting, combing, roving, s",scraped_from_ilcd
0a5ac45e-5ae7-56f1-9ee7-7008562c3ec4,,materials,processes/0a5ac45e-5ae7-56f1-9ee7-7008562c3ec4.xml,1,kg,GLO,materials,,,"Yarn production activity includes Opening, Cleaning, Blending, Carding, Drafting, combing, roving, s",scraped_from_ilcd
9d1acc8a-8bdf-55c1-9362-6d68d39a06ed,,materials,processes/9d1acc8a-8bdf-55c1-9362-6d68d39a06ed.xml,1,kg,AU,materials,,,This dataset aims at representing the production of one kg of wool from sheep produced in Australia.,scraped_from_ilcd
57e22b92-2825-5194-90a9-11110dc663da,,materials,processes/57e22b92-2825-5194-90a9-11110dc663da.xml,1,kg,GLO,materials,,,"While Open End yarn production; electricity, heat energy are consumed and raw material wastes occurs",scraped_from_ilcd
37efb899-7937-52d0-b3ac-0f6b28dc938b,,materials,processes/37efb899-7937-52d0-b3ac-0f6b28dc938b.xml,1,kg,TR,materials,,,The environmental impact cotton fibre includes cultivation and delintint the Seed cotton. The ginnin,scraped_from_ilcd
aa91970e-3da2-5f9d-9ffd-e6f27db6cd91,,materials,processes/aa91970e-3da2-5f9d-9ffd-e6f27db6cd91.xml,1,kg,GLO,materials,,,"There are various scouring agents used in processing of fabrics, out of which the alkaline scouring ",scraped_from_ilcd
9708caa7-d582-5829-a862-cab4476589dc,,materials,processes/9708caa7-d582-5829-a862-cab4476589dc.xml,1,kg,GLO,materials,,,"The stone-to-fabric weight ratio for stone washing varies from 0.5 - 3 : 1, depends on the degree of",scraped_from_ilcd
4f67e4b5-e415-54e9-bf93-05cca62dc37b,,materials,processes/4f67e4b5-e415-54e9-bf93-05cca62dc37b.xml,1,kg,GLO,materials,,,Continuous dyeing is a process in which dyeing the fabric and fixation of the dye are carried out co,scraped_from_ilcd
d9ce995b-041d-542b-b85d-839b48e969a1,,materials,processes/d9ce995b-041d-542b-b85d-839b48e969a1.xml,1,kg,GLO,materials,,,"While Open End yarn production; electricity, heat energy are consumed and raw material wastes occurs",scraped_from_ilcd
e1f0e718-32ab-5009-81c9-60931aead68c,,materials,processes/e1f0e718-32ab-5009-81c9-60931aead68c.xml,1,kg,GLO,materials,,,Weaving is a method of textile production in which two distinct sets of yarns or threads are interla,scraped_from_ilcd
a9ef467c-3b50-5068-bc88-a317621af61d,,materials,processes/a9ef467c-3b50-5068-bc88-a317621af61d.xml,1,kg,TR,materials,,,Ginning is a mechanical process to separate fibers from seeds. This dataset includes the transport f,scraped_from_ilcd
f4ddd97f-c24b-5425-9e6c-37c82b0c9b6c,,materials,processes/f4ddd97f-c24b-5425-9e6c-37c82b0c9b6c.xml,1,kg,GLO,materials,,,System boundaries: The dataset describes the tanning and finishing of goat leather. The inventory in,scraped_from_ilcd
452a8b0c-e4d5-59c1-b16f-8f896d49f9ca,,materials,processes/452a8b0c-e4d5-59c1-b16f-8f896d49f9ca.xml,1,kg,GLO,materials,,,"Yarn production activity includes Opening, Cleaning, Blending, Carding, Drafting, combing, roving, s",scraped_from_ilcd
c0fed8f7-dc43-54fc-81be-d297c1714cba,,materials,processes/c0fed8f7-dc43-54fc-81be-d297c1714cba.xml,1,kg,GLO,materials,,,Polyamide and polyester fibres are generally adequately scoured using an alkyl polyoxyethylene sulph,scraped_from_ilcd
add94bb1-2dd7-597b-8dc7-74d77fdd4168,,materials,processes/add94bb1-2dd7-597b-8dc7-74d77fdd4168.xml,1,kg,GLO,materials,,,"Yarn production activity includes Opening, Cleaning, Blending, Carding, Drafting, combing, roving, s",scraped_from_ilcd
1189542d-8e77-53ef-aae5-a3da1339b9c5,,materials,processes/1189542d-8e77-53ef-aae5-a3da1339b9c5.xml,1,kg,GLO,materials,,,"Yarn production activity includes Opening, Cleaning, Blending, Carding, Drafting, combing, roving, s",scraped_from_ilcd
c5b32fd9-4956-55a0-9691-55eace36059f,,materials,processes/c5b32fd9-4956-55a0-9691-55eace36059f.xml,1,kg,GLO,materials,,,"In this model, the baseline is formed by 30% knitted polyester fabric. The coating, which makes up 6",scraped_from_ilcd
c1d6ec85-e6cb-57b2-8a50-c4a074f240e3,,materials,processes/c1d6ec85-e6cb-57b2-8a50-c4a074f240e3.xml,1,kg,GLO,materials,,,"Yarn production activity includes Opening, Cleaning, Blending, Carding, Drafting, combing, roving, s",scraped_from_ilcd
f3e1010a-008d-55df-961f-e1bcb9d9c0e3,,materials,processes/f3e1010a-008d-55df-961f-e1bcb9d9c0e3.xml,1,kg,GLO,materials,,,"Coating is the application of polymer onto a textile as a paste, foam or viscous liquid. The applica",scraped_from_ilcd
6f1210f6-b2a2-542f-99ca-7b005379912e,,materials,processes/6f1210f6-b2a2-542f-99ca-7b005379912e.xml,1,kg,GLO,materials,,,Continuous dyeing is a process in which dyeing the fabric and fixation of the dye are carried out co,scraped_from_ilcd
ba82d51d-d1ed-58e6-a03b-fe7894f3e2c3,,materials,processes/ba82d51d-d1ed-58e6-a03b-fe7894f3e2c3.xml,1,kg,GLO,materials,,,"While Open End yarn production; electricity, heat energy are consumed and raw material wastes occurs",scraped_from_ilcd
da450eef-ed26-546b-a1de-a3b6135f78d5,,materials,processes/da450eef-ed26-546b-a1de-a3b6135f78d5.xml,1,kg,GLO,materials,,,System boundaries: The dataset describes the tanning and finishing of organic leather. The inventory,scraped_from_ilcd
c5190900-7392-5b50-8e23-1aa352844599,,materials,processes/c5190900-7392-5b50-8e23-1aa352844599.xml,1,kg,CN,materials,,,Ginning is a mechanical process to separate fibers from seeds. This dataset includes the transport f,scraped_from_ilcd
78ed7251-60be-55b8-971f-81c8f4ab38b8,,materials,processes/78ed7251-60be-55b8-971f-81c8f4ab38b8.xml,1,kg,US,materials,,,Ginning is a mechanical process to separate fibers from seeds. This dataset includes the transport f,scraped_from_ilcd
31402c0c-db42-5101-9fe0-4c99ad395a7e,,materials,processes/31402c0c-db42-5101-9fe0-4c99ad395a7e.xml,1,kg,GLO,materials,,,"Knitting is a method by which yarn is manipulated to create a textile or fabric.

A user employing t",scraped_from_ilcd
4cad5277-69d9-5d5e-adae-223a479482a4,,materials,processes/4cad5277-69d9-5d5e-adae-223a479482a4.xml,1,kg,GLO,materials,,,Weaving is a method of textile production in which two distinct sets of yarns or threads are interla,scraped_from_ilcd
6c68bde9-af11-5b05-ad70-5e9f5d7c6da9,,materials,processes/6c68bde9-af11-5b05-ad70-5e9f5d7c6da9.xml,1,kg,GLO,materials,,,Yarns are pulled up by a ball warping machine; pass through lease stands to ensure proper sequencing,scraped_from_ilcd
c38145fd-735b-53e0-9186-3e66a1a3994c,,materials,processes/c38145fd-735b-53e0-9186-3e66a1a3994c.xml,1,kg,GLO,materials,,,"Yarn production activity includes Opening, Cleaning, Blending, Carding, Drafting, combing, roving, s",scraped_from_ilcd
7f974ff1-150e-50c7-8d41-b7a4dbb72247,,materials,processes/7f974ff1-150e-50c7-8d41-b7a4dbb72247.xml,1,kg,KG,materials,,,The environmental impact cotton fibre includes cultivation and delintint the Seed cotton. The ginnin,scraped_from_ilcd
104fec32-8470-5504-9395-4279f61f520a,,materials,processes/104fec32-8470-5504-9395-4279f61f520a.xml,1,kg,GLO,materials,,,Textile preparation processes are the first class of wet processes for textiles. Pretreatment proces,scraped_from_ilcd
a52b81b9-e1c1-5c40-86ac-78008d0f9706,,materials,processes/a52b81b9-e1c1-5c40-86ac-78008d0f9706.xml,1,kg,GLO,materials,,,"Coating is the application of polymer onto a textile as a paste, foam or viscous liquid. The applica",scraped_from_ilcd
bb339453-50c7-5984-aa0b-718d9e459b35,,materials,processes/bb339453-50c7-5984-aa0b-718d9e459b35.xml,1,kg,GLO,materials,,,"Yarn production activity includes Opening, Cleaning, Blending, Carding, Drafting, combing, roving, s",scraped_from_ilcd
b81e813a-906b-5a42-8ff7-e21c7c4ac6a5,,materials,processes/b81e813a-906b-5a42-8ff7-e21c7c4ac6a5.xml,1,kg,GLO,materials,,,"Coating is the application of polymer onto a textile as a paste, foam or viscous liquid. The applica",scraped_from_ilcd
47cc258a-0b0c-58ca-a5bd-f8801f82a732,,materials,processes/47cc258a-0b0c-58ca-a5bd-f8801f82a732.xml,1,kg,GLO,materials,,,"Knitting is a method by which yarn is manipulated to create a textile or fabric.

A user employing t",scraped_from_ilcd
e6f87b1a-aa46-503a-9b61-f22269f50ede,,materials,processes/e6f87b1a-aa46-503a-9b61-f22269f50ede.xml,1,kg,GLO,materials,,,"Coating is the application of polymer onto a textile as a paste, foam or viscous liquid. The applica",scraped_from_ilcd
6caa36d4-2012-5027-9ff9-3be69e2b34d5,,materials,processes/6caa36d4-2012-5027-9ff9-3be69e2b34d5.xml,1,kg,GLO,materials,,,"In this model, the foam aplicator for 1 side dyeing is doctor blade coating machine. As the industri",scraped_from_ilcd
9a7f1615-6abf-54f0-94c7-ad9cee2494c1,,materials,processes/9a7f1615-6abf-54f0-94c7-ad9cee2494c1.xml,1,kg,GLO,materials,,,"While Open End yarn production; electricity, heat energy are consumed and raw material wastes occurs",scraped_from_ilcd
0f287cb3-9457-52ec-aeb8-2cbc7b306436,,materials,processes/0f287cb3-9457-52ec-aeb8-2cbc7b306436.xml,1,kg,GLO,materials,,,"Elastics can be produced with materials of Polyester, Lycra, Nylon, PP, Cotton. While production of ",scraped_from_ilcd
46340a57-c124-553f-a0d7-2ba1c3b2e537,,materials,processes/46340a57-c124-553f-a0d7-2ba1c3b2e537.xml,1,kg,GLO,materials,,,Napping is a mechanical finishing process in which fibers are raised on the surface of a fabric by m,scraped_from_ilcd
d2e49dc8-e54a-5ac4-8885-ce03f7ec7863,,materials,processes/d2e49dc8-e54a-5ac4-8885-ce03f7ec7863.xml,1,kg,GLO,materials,,,"Coating is the application of polymer onto a textile as a paste, foam or viscous liquid. The applica",scraped_from_ilcd
435e964c-d05f-5b3a-ae63-b0c3d6dcd6aa,,materials,processes/435e964c-d05f-5b3a-ae63-b0c3d6dcd6aa.xml,1,kg,GLO,materials,,,"This data covers zipper machine consumptions, production of nylon polymer which is used as raw mater",scraped_from_ilcd
c4d35753-1aeb-576a-bafe-f11fe56e7cf1,,materials,processes/c4d35753-1aeb-576a-bafe-f11fe56e7cf1.xml,1,kg,GLO,materials,,,"While Open End yarn production; electricity, heat energy are consumed and raw material wastes occurs",scraped_from_ilcd
8bf5f849-1315-5fa9-a1d2-aa815422a1ab,,materials,processes/8bf5f849-1315-5fa9-a1d2-aa815422a1ab.xml,1,kg,GLO,materials,,,"Knitting is a method by which yarn is manipulated to create a textile or fabric.

A user employing t",scraped_from_ilcd
745f48f9-4d0a-5866-be62-082eb34543b1,,materials,processes/745f48f9-4d0a-5866-be62-082eb34543b1.xml,1,kg,GLO,materials,,,Weaving is a method of textile production in which two distinct sets of yarns or threads are interla,scraped_from_ilcd
9f50fb88-a590-5703-a9ca-dea3ab5c355a,,materials,processes/9f50fb88-a590-5703-a9ca-dea3ab5c355a.xml,1,kg,GLO,materials,,,"This data is production mix of production (according to yarn count) which is commented below :
While",scraped_from_ilcd
d6e0b576-e90c-5ffc-87cb-adb0f6f1436c,,materials,processes/d6e0b576-e90c-5ffc-87cb-adb0f6f1436c.xml,1,kg,GLO,materials,,,"While Open End yarn production; electricity, heat energy are consumed and raw material wastes occurs",scraped_from_ilcd
02e29709-5f3f-5db7-ab67-fbeec9bc783b,,materials,processes/02e29709-5f3f-5db7-ab67-fbeec9bc783b.xml,1,kg,GLO,materials,,,"Yarn production activity includes Opening, Cleaning, Blending, Carding, Drafting, combing, roving, s",scraped_from_ilcd
612df525-018b-5972-991e-ae8d59485097,,materials,processes/612df525-018b-5972-991e-ae8d59485097.xml,1,kg,GLO,materials,,,"Yarn production activity includes Opening, Cleaning, Blending, Carding, Drafting, combing, roving, s",scraped_from_ilcd
2b72e75e-5d19-5c49-97b3-1980eeb76c70,,materials,processes/2b72e75e-5d19-5c49-97b3-1980eeb76c70.xml,1,kg,GLO,materials,,,System boundaries: The dataset describes the tanning and finishing of goat leather. The inventory in,scraped_from_ilcd
dc119ffd-a06f-5e11-a054-27410b565161,,materials,processes/dc119ffd-a06f-5e11-a054-27410b565161.xml,1,kg,GLO,materials,,,System boundaries: The dataset describes the tanning and finishing of goat  leather. The inventory i,scraped_from_ilcd
4cda6015-983d-5748-bf50-46180381dad2,,materials,processes/4cda6015-983d-5748-bf50-46180381dad2.xml,1,kg,GLO,materials,,,"The application process, which is done by passing the textile product through the liquor in a bath w",scraped_from_ilcd
7f0f2904-2da9-546d-8aef-b55c270a6352,,materials,processes/7f0f2904-2da9-546d-8aef-b55c270a6352.xml,1,kg,GLO,materials,,,"While Open End yarn production; electricity, heat energy are consumed and raw material wastes occurs",scraped_from_ilcd
ea0546ce-7106-4bf9-93cc-e08e2468f352,,materials,processes/ea0546ce-7106-4bf9-93cc-e08e2468f352.xml,1,kg,BE,materials,,,"The data set represents the incineration of textile waste. 99% are assumed to be cotton, 1% is wool.",scraped_from_ilcd
37c8deba-b97d-5368-ade1-cce5d31a192c,,materials,processes/37c8deba-b97d-5368-ade1-cce5d31a192c.xml,1,kg,GLO,materials,,,"While Open End yarn production; electricity, heat energy are consumed and raw material wastes occurs",scraped_from_ilcd
53fedde2-6c2d-5da4-bef0-9363d17c575f,,materials,processes/53fedde2-6c2d-5da4-bef0-9363d17c575f.xml,1,kg,GLO,materials,,,"While Open End yarn production; electricity, heat energy are consumed and raw material wastes occurs",scraped_from_ilcd
3c8e6ff9-4c36-53a1-9de5-4ed51d226db1,,materials,processes/3c8e6ff9-4c36-53a1-9de5-4ed51d226db1.xml,1,kg,AU,materials,,,"System boundaries include all the stages needed for the processing of raw wool (Scouring, spinning a",scraped_from_ilcd
9eb4db5a-9b35-545c-ba8b-f4a3c4f2508f,,materials,processes/9eb4db5a-9b35-545c-ba8b-f4a3c4f2508f.xml,1,kg,GLO,materials,,,"In the textile and apparel industry, there are numerous examples of recycling collection and process",scraped_from_ilcd
1e2b42d0-3549-5cbc-8c5d-097461629a6f,,materials,processes/1e2b42d0-3549-5cbc-8c5d-097461629a6f.xml,1,kg,GLO,materials,,,Flame lamination is used to adhere polyurethane foam to a textile material. A web of foam from a sup,scraped_from_ilcd
49a812dd-5f28-54f3-ba72-cbc5b9eece9e,,materials,processes/49a812dd-5f28-54f3-ba72-cbc5b9eece9e.xml,1,kg,GLO,materials,,,"Yarn production activity includes Opening, Cleaning, Blending, Carding, Drafting, combing, roving, s",scraped_from_ilcd
1ea48526-6d47-5f55-8096-0710f0764533,,materials,processes/1ea48526-6d47-5f55-8096-0710f0764533.xml,1,kg,GLO,materials,,,"While Open End yarn production; electricity, heat energy are consumed and raw material wastes occurs",scraped_from_ilcd
8b4bf405-5630-52cd-b9ba-e009c64ef85e,,materials,processes/8b4bf405-5630-52cd-b9ba-e009c64ef85e.xml,1,kg,GLO,materials,,,"Yarn production activity includes Opening, Cleaning, Blending, Carding, Drafting, combing, roving, s",scraped_from_ilcd
ea0f1cb2-5f7f-5ea8-9682-382b35451f2f,,materials,processes/ea0f1cb2-5f7f-5ea8-9682-382b35451f2f.xml,1,kg,GLO,materials,,,"Yarn production activity includes Opening, Cleaning, Blending, Carding, Drafting, combing, roving, s",scraped_from_ilcd
aefa65d4-5db1-54c7-959f-79f397d9755e,,materials,processes/aefa65d4-5db1-54c7-959f-79f397d9755e.xml,1,kg,GLO,materials,,,"Knitting is a method by which yarn is manipulated to create a textile or fabric.

A user employing t",scraped_from_ilcd
9c5a105f-24bf-54ac-b330-8a73b9740ecc,,materials,processes/9c5a105f-24bf-54ac-b330-8a73b9740ecc.xml,1,kg,TJ,materials,,,The environmental impact cotton fibre includes cultivation and delintint the Seed cotton. The ginnin,scraped_from_ilcd
0901fb89-f9e3-549a-afc8-61fca381bf2d,,materials,processes/0901fb89-f9e3-549a-afc8-61fca381bf2d.xml,1,kg,GLO,materials,,,"Yarn production activity includes Opening, Cleaning, Blending, Carding, Drafting, combing, roving, s",scraped_from_ilcd
67a8dac3-3d3e-5618-92ae-8dc201924809,,materials,processes/67a8dac3-3d3e-5618-92ae-8dc201924809.xml,1,kg,GLO,materials,,,"In this model,  the machine used for batch process is high temperature winches dyeing machine. The p",scraped_from_ilcd
01d245ed-6bd9-5183-8116-d05e4e0aed10,,materials,processes/01d245ed-6bd9-5183-8116-d05e4e0aed10.xml,1,kg,GLO,materials,,,"Coating is the application of polymer onto a textile as a paste, foam or viscous liquid. The applica",scraped_from_ilcd
d3d33223-f75f-5dba-b79b-0aea0f61bd6a,,materials,processes/d3d33223-f75f-5dba-b79b-0aea0f61bd6a.xml,1,kg,GLO,materials,,,"Yarn production activity includes Opening, Cleaning, Blending, Carding, Drafting, combing, roving, s",scraped_from_ilcd
0f50f162-d3f7-445a-be27-1060a4d40898,,materials,processes/0f50f162-d3f7-445a-be27-1060a4d40898.xml,1,kg,SE,materials,,,"The data set represents the incineration of textile waste. 99% are assumed to be cotton, 1% is wool.",scraped_from_ilcd
d05845fb-944f-530a-9df1-aa81cd6bdc1d,,materials,processes/d05845fb-944f-530a-9df1-aa81cd6bdc1d.xml,1,kg,GLO,materials,,,Knitting is a method by which yarn is manipulated to create a textile or fabric. Flat knitting is a ,scraped_from_ilcd
d16e1790-7d19-58eb-a2c6-123cf1781ee5,,materials,processes/d16e1790-7d19-58eb-a2c6-123cf1781ee5.xml,1,kg,GLO,materials,,,System boundaries: The dataset describes the tanning and finishing of veal  leather. The inventory i,scraped_from_ilcd
90d19e6f-ae93-5070-ac88-07becad477af,,materials,processes/90d19e6f-ae93-5070-ac88-07becad477af.xml,1,kg,GLO,materials,,,"Yarn production activity includes Opening, Cleaning, Blending, Carding, Drafting, combing, roving, s",scraped_from_ilcd
9d3aea8d-4d9d-507a-b2af-59b01012d5b9,,materials,processes/9d3aea8d-4d9d-507a-b2af-59b01012d5b9.xml,1,kg,GLO,materials,,,"Yarn production activity includes Opening, Cleaning, Blending, Carding, Drafting, combing, roving, s",scraped_from_ilcd
83cb6aa4-65c9-5612-bc69-44f2250462c0,,materials,processes/83cb6aa4-65c9-5612-bc69-44f2250462c0.xml,1,kg,GLO,materials,,,Weaving is a method of textile production in which two distinct sets of yarns or threads are interla,scraped_from_ilcd
dcf358cc-8f29-5942-b02e-6e1a6d07e05e,,materials,processes/dcf358cc-8f29-5942-b02e-6e1a6d07e05e.xml,1,kg,GLO,materials,,,"Yarn production activity includes Opening, Cleaning, Blending, Carding, Drafting, combing, roving, s",scraped_from_ilcd
3551294d-24ac-5d62-bd79-358a7aefdc9b,,materials,processes/3551294d-24ac-5d62-bd79-358a7aefdc9b.xml,1,kg,GLO,materials,,,Knitting is a method by which yarn is manipulated to create a textile or fabric. Warp knitting is de,scraped_from_ilcd
318efc91-3c0a-53e4-9bb7-17bf0d1571b4,,materials,processes/318efc91-3c0a-53e4-9bb7-17bf0d1571b4.xml,1,kg,GLO,materials,,,"While Open End yarn production; electricity, heat energy are consumed and raw material wastes occurs",scraped_from_ilcd
0d4b786c-4175-5147-ae0e-25634aa23051,,materials,processes/0d4b786c-4175-5147-ae0e-25634aa23051.xml,1,kg,GLO,materials,,,"Yarn production activity includes Opening, Cleaning, Blending, Carding, Drafting, combing, roving, s",scraped_from_ilcd
00c5534f-53dc-5c85-a057-9be390946c8d,,materials,processes/00c5534f-53dc-5c85-a057-9be390946c8d.xml,1,kg,GLO,materials,,,"Calendering of textiles is a finishing process used to smooth, coat, or thin a material. With textil",scraped_from_ilcd
b7f5dcd3-83c5-5086-9c91-440d544d426c,,materials,processes/b7f5dcd3-83c5-5086-9c91-440d544d426c.xml,1,kg,GLO,materials,,,Knitting is a method by which yarn is manipulated to create a textile or fabric. Weft knitting is th,scraped_from_ilcd
5c8a9206-3f11-5884-877d-606218bf3c93,,materials,processes/5c8a9206-3f11-5884-877d-606218bf3c93.xml,1,kg,GLO,materials,,,"Elastics can be produced with materials of Polyester, Lycra, Nylon, PP, Cotton. While production of ",scraped_from_ilcd
3f5d8309-9bf7-56b1-865c-9bf1494f6a6d,,materials,processes/3f5d8309-9bf7-56b1-865c-9bf1494f6a6d.xml,1,kg,GLO,materials,,,"Yarn production activity includes Opening, Cleaning, Blending, Carding, Drafting, combing, roving, s",scraped_from_ilcd
e835d4f5-117d-583a-bc0d-ad744f1a4316,,materials,processes/e835d4f5-117d-583a-bc0d-ad744f1a4316.xml,1,kg,ML,materials,,,The environmental impact cotton fibre includes cultivation and delintint the Seed cotton. The ginnin,scraped_from_ilcd
4c8c13eb-077d-5bd4-9867-1333c1719905,,materials,processes/4c8c13eb-077d-5bd4-9867-1333c1719905.xml,1,kg,GLO,materials,,,"Yarn production activity includes Opening, Cleaning, Blending, Carding, Drafting, combing, roving, s",scraped_from_ilcd
d1cbcdda-dea0-56b3-8446-4095f6c50c20,,materials,processes/d1cbcdda-dea0-56b3-8446-4095f6c50c20.xml,1,kg,GLO,materials,,,"Knitting is a method by which yarn is manipulated to create a textile or fabric.

A user employing t",scraped_from_ilcd
b5ef43cd-c73a-58a3-849b-d846d14df2f2,,materials,processes/b5ef43cd-c73a-58a3-849b-d846d14df2f2.xml,1,kg,GLO,materials,,,"While Open End yarn production; electricity, heat energy are consumed and raw material wastes occurs",scraped_from_ilcd
11dd40ad-251f-5146-8e83-e74b447065ec,,materials,processes/11dd40ad-251f-5146-8e83-e74b447065ec.xml,1,kg,GLO,materials,,,"Yarn production activity includes Opening, Cleaning, Blending, Carding, Drafting, combing, roving, s",scraped_from_ilcd
c8c5c42c-a01b-581c-a4cc-ff8d2856e706,,materials,processes/c8c5c42c-a01b-581c-a4cc-ff8d2856e706.xml,1,kg,GLO,materials,,,"This process covers synthetic filament production, cutting of filaments and spinning by open end (ro",scraped_from_ilcd
0a24e5e1-27ee-5e3b-bebd-e2f52c9d479d,,materials,processes/0a24e5e1-27ee-5e3b-bebd-e2f52c9d479d.xml,1,kg,GLO,materials,,,Painting using Painting/Spray Booth machine mainly used in the finishing stage of the shoe industry ,scraped_from_ilcd
3136014c-ad67-5329-b359-f01745a7649c,,materials,processes/3136014c-ad67-5329-b359-f01745a7649c.xml,1,kg,GLO,materials,,,"While Open End yarn production; electricity, heat energy are consumed and raw material wastes occurs",scraped_from_ilcd
a23c5416-e639-523f-9ffe-c121c7fa68eb,,materials,processes/a23c5416-e639-523f-9ffe-c121c7fa68eb.xml,1,kg,GLO,materials,,,"Fabric folding is the process of winding fabrics into clean, stretch-free folded form for easy packa",scraped_from_ilcd
3728c61d-e642-52b6-9393-0559dcbe8cc2,,materials,processes/3728c61d-e642-52b6-9393-0559dcbe8cc2.xml,1,kg,GLO,materials,,,"Yarn production activity includes Opening, Cleaning, Blending, Carding, Drafting, combing, roving, s",scraped_from_ilcd
23d09535-c61c-5dc6-b3be-0eba32e6637b,,materials,processes/23d09535-c61c-5dc6-b3be-0eba32e6637b.xml,1,kg,AU,materials,,,"System boundaries include all the stages needed for the processing of raw wool (Scouring, spinning a",scraped_from_ilcd
df1c1fbc-3192-59dc-b891-e088372d6f5a,,materials,processes/df1c1fbc-3192-59dc-b891-e088372d6f5a.xml,1,kg,GLO,materials,,,Heat-setting process involves subjecting the fabric to dry hot air or steam heating for a few minute,scraped_from_ilcd
6911e896-6296-52e1-be95-f053b70a3a5d,,materials,processes/6911e896-6296-52e1-be95-f053b70a3a5d.xml,1,kg,ZA,materials,,,"System boundaries include all the stages needed for the processing of raw wool (Scouring, spinning a",scraped_from_ilcd
0c84ba13-966c-5b7b-b5dc-12c4cc78e4ff,,materials,processes/0c84ba13-966c-5b7b-b5dc-12c4cc78e4ff.xml,1,kg,TR,materials,,,The environmental impact cotton fibre includes cultivation and delintint the Seed cotton. The ginnin,scraped_from_ilcd
8e96fa6b-d1db-5562-9577-43095474630d,,materials,processes/8e96fa6b-d1db-5562-9577-43095474630d.xml,1,kg,GLO,materials,,,"Yarn production activity includes Opening, Cleaning, Blending, Carding, Drafting, combing, roving, s",scraped_from_ilcd
277fa8d7-7c73-5ec0-aa94-3d2aa6ca670e,,materials,processes/277fa8d7-7c73-5ec0-aa94-3d2aa6ca670e.xml,1,kg,GLO,materials,,,"In this model, the baseline is formed by 30% knitted polyester fabric. The coating, which makes up 6",scraped_from_ilcd
00fc088d-bc5f-5266-9e4a-086cfb653d2c,,materials,processes/00fc088d-bc5f-5266-9e4a-086cfb653d2c.xml,1,kg,GLO,materials,,,"Colouration of textiles involve a sequential mechanism: migration of dye from bath to fibre surface,",scraped_from_ilcd
6a0dd739-1809-5255-b455-c664f709d873,,materials,processes/6a0dd739-1809-5255-b455-c664f709d873.xml,1,kg,GLO,materials,,,"While Open End yarn production; electricity, heat energy are consumed and raw material wastes occurs",scraped_from_ilcd
d143bc67-6c9f-5e50-bf43-305c27224068,,materials,processes/d143bc67-6c9f-5e50-bf43-305c27224068.xml,1,kg,GLO,materials,,,"In melt spinning, thermoplastic polymer granules are fed into an extruder and then the polymer melt ",scraped_from_ilcd
43d279d3-4d3b-5444-817e-30bd8dd85090,,materials,processes/43d279d3-4d3b-5444-817e-30bd8dd85090.xml,1,kg,GLO,materials,,,"Yarn production activity includes Opening, Cleaning, Blending, Carding, Drafting, combing, roving, s",scraped_from_ilcd
5a791c74-7b7a-5c7d-aca4-efebbdd39911,,materials,processes/5a791c74-7b7a-5c7d-aca4-efebbdd39911.xml,1,kg,GLO,materials,,,Knitting is a method by which yarn is manipulated to create a textile or fabric. Flat knitting is a ,scraped_from_ilcd
3aa23543-8f56-57e3-a550-cd462806a54b,,materials,processes/3aa23543-8f56-57e3-a550-cd462806a54b.xml,1,kg,GLO,materials,,,"This process covers synthetic filament production, cutting of filaments and spinning by open end (ro",scraped_from_ilcd
2411375d-a7e0-57b1-88c2-be82d318b7a2,,materials,processes/2411375d-a7e0-57b1-88c2-be82d318b7a2.xml,1,kg,GLO,materials,,,Weaving is a method of textile production in which two distinct sets of yarns or threads are interla,scraped_from_ilcd
25a00e3a-f544-58df-986e-8c32d5b2577a,,materials,processes/25a00e3a-f544-58df-986e-8c32d5b2577a.xml,1,kg,GLO,materials,,,Textile preparation processes are the first class of wet processes for textiles.  Pretreatment proce,scraped_from_ilcd
86d934ea-2682-5301-bedd-35485ee3eafa,,materials,processes/86d934ea-2682-5301-bedd-35485ee3eafa.xml,1,kg,GLO,materials,,,Weaving is a method of textile production in which two distinct sets of yarns or threads are interla,scraped_from_ilcd
dcfe6b67-b76d-5428-aaee-eafcdc90439f,,materials,processes/dcfe6b67-b76d-5428-aaee-eafcdc90439f.xml,1,kg,GLO,materials,,,System boundaries: The dataset describes the tanning and finishing of organic leather. The inventory,scraped_from_ilcd
cab77d41-a2fb-58be-a1d5-d9db8096930c,,materials,processes/cab77d41-a2fb-58be-a1d5-d9db8096930c.xml,1,kg,GLO,materials,,,"Yarn production activity includes Opening, Cleaning, Blending, Carding, Drafting, combing, roving, s",scraped_from_ilcd
604929b2-d81b-5b96-8954-8dd8bb663920,,materials,processes/604929b2-d81b-5b96-8954-8dd8bb663920.xml,1,kg,EU+EFTA+UK,materials,,,Weaving is a method of textile production in which two distinct sets of yarns or threads are interla,scraped_from_ilcd
8ddfbe96-53e2-5b59-9516-4828097b4638,,materials,processes/8ddfbe96-53e2-5b59-9516-4828097b4638.xml,1,kg,TR,materials,,,Ginning is a mechanical process to separate fibers from seeds. This dataset includes the transport f,scraped_from_ilcd
62ebfe07-ebf3-52da-b874-32d027d2bcc6,,materials,processes/62ebfe07-ebf3-52da-b874-32d027d2bcc6.xml,1,kg,GLO,materials,,,System boundaries: The dataset describes the tanning and finishing of goat leather. The inventory in,scraped_from_ilcd
55b75794-ab8c-5f2c-b132-1b128185e986,,materials,processes/55b75794-ab8c-5f2c-b132-1b128185e986.xml,1,kg,GLO,materials,,,"Coating is the application of polymer onto a textile as a paste, foam or viscous liquid. The applica",scraped_from_ilcd
a4f39bec-3977-5fbc-bfc2-7f60dd66fff9,,materials,processes/a4f39bec-3977-5fbc-bfc2-7f60dd66fff9.xml,1,kg,GLO,materials,,,Weaving is a method of textile production in which two distinct sets of yarns or threads are interla,scraped_from_ilcd
33566a8e-3f05-549b-836e-fdddee6132ac,,materials,processes/33566a8e-3f05-549b-836e-fdddee6132ac.xml,1,kg,GLO,materials,,,"Yarn production activity includes Opening, Cleaning, Blending, Carding, Drafting, combing, roving, s",scraped_from_ilcd
90b39e4a-8446-52c1-8c55-ea96a7c1e61b,,materials,processes/90b39e4a-8446-52c1-8c55-ea96a7c1e61b.xml,1,kg,GLO,materials,,,Flame lamination is used to adhere polyurethane foam to a textile material. A web of foam from a sup,scraped_from_ilcd
3bd78542-d3b1-59ae-9bd3-4568659f3eba,,materials,processes/3bd78542-d3b1-59ae-9bd3-4568659f3eba.xml,1,kg,GLO,materials,,,"Yarn production activity includes Opening, Cleaning, Blending, Carding, Drafting, combing, roving, s",scraped_from_ilcd
0e920e93-a7bf-5867-bc02-fa2aba0cac8c,,materials,processes/0e920e93-a7bf-5867-bc02-fa2aba0cac8c.xml,1,kg,GLO,materials,,,"Yarn production activity includes Opening, Cleaning, Blending, Carding, Drafting, combing, roving, s",scraped_from_ilcd
e7b05d64-d99b-5a13-98bc-111b52676334,,materials,processes/e7b05d64-d99b-5a13-98bc-111b52676334.xml,1,kg,GLO,materials,,,"Coating is the application of polymer onto a textile as a paste, foam or viscous liquid. The applica",scraped_from_ilcd
1371c504-3e64-5813-8b70-bffd6b25237d,,materials,processes/1371c504-3e64-5813-8b70-bffd6b25237d.xml,1,kg,GLO,materials,,,Painting using Painting/Spray Booth machine mainly used in the finishing stage of the shoe industry ,scraped_from_ilcd
9c113ad0-22ca-5379-830f-a67f76467c00,,materials,processes/9c113ad0-22ca-5379-830f-a67f76467c00.xml,1,kg,RAS,materials,,,The process of fiberization can be energy intensive due to the high mechanical pressure required for,scraped_from_ilcd
a39e6e7d-7178-5c68-b801-f4c05ceb2e2d,,materials,processes/a39e6e7d-7178-5c68-b801-f4c05ceb2e2d.xml,1,kg,GLO,materials,,,"Yarn production activity includes Opening, Cleaning, Blending, Carding, Drafting, combing, roving, s",scraped_from_ilcd
295286d5-bc53-5a2e-a9ad-24d3de71bc31,,materials,processes/295286d5-bc53-5a2e-a9ad-24d3de71bc31.xml,1,kg,GLO,materials,,,"Knitting is a method by which yarn is manipulated to create a textile or fabric.

A user employing t",scraped_from_ilcd
2057d19c-99b2-5f78-9727-60ce717ce799,,materials,processes/2057d19c-99b2-5f78-9727-60ce717ce799.xml,1,kg,GLO,materials,,,"Knitting is a method by which yarn is manipulated to create a textile or fabric.

A user employing t",scraped_from_ilcd
a8d0953c-5a79-504e-a913-809af0611f97,,materials,processes/a8d0953c-5a79-504e-a913-809af0611f97.xml,1,kg,GLO,materials,,,"Yarn production activity includes Opening, Cleaning, Blending, Carding, Drafting, combing, roving, s",scraped_from_ilcd
cfb4342a-cb9b-548d-81b9-7c4966222395,,materials,processes/cfb4342a-cb9b-548d-81b9-7c4966222395.xml,1,kg,RAF,materials,,,The process of fiberization can be energy intensive due to the high mechanical pressure required for,scraped_from_ilcd
f1c46df0-bdc6-5153-9158-4214fd1e759c,,materials,processes/f1c46df0-bdc6-5153-9158-4214fd1e759c.xml,1,kg,GLO,materials,,,This dataset covers mix of digital printing of fabric which includes single pass and multi pass ink-,scraped_from_ilcd
cb5f955a-a868-5d2e-95b3-35546ea59bc0,,materials,processes/cb5f955a-a868-5d2e-95b3-35546ea59bc0.xml,1,kg,GLO,materials,,,"Yarn production activity includes Opening, Cleaning, Blending, Carding, Drafting, combing, roving, s",scraped_from_ilcd
119f5162-fc18-5aa8-8fe6-6bcbd38e09f6,,materials,processes/119f5162-fc18-5aa8-8fe6-6bcbd38e09f6.xml,1,kg,GLO,materials,,,"Yarn production activity includes Opening, Cleaning, Blending, Carding, Drafting, combing, roving, s",scraped_from_ilcd
c1685296-5fd7-5b79-a979-5f7681cbe2ff,,materials,processes/c1685296-5fd7-5b79-a979-5f7681cbe2ff.xml,1,kg,GLO,materials,,,"Yarn production activity includes Opening, Cleaning, Blending, Carding, Drafting, combing, roving, s",scraped_from_ilcd
bd91af4e-5522-5f7d-8077-cb9af9f03278,,materials,processes/bd91af4e-5522-5f7d-8077-cb9af9f03278.xml,1,kg,GLO,materials,,,"Yarn production activity includes Opening, Cleaning, Blending, Carding, Drafting, combing, roving, s",scraped_from_ilcd
879deda9-d566-579c-a535-596f2a267c08,,materials,processes/879deda9-d566-579c-a535-596f2a267c08.xml,1,kg,GLO,materials,,,"The compacting machine is a knitted fabric shrinkage control machine, which can compact the fabric i",scraped_from_ilcd
fe3ded25-6685-5cc3-a82f-a316f39a3f0a,,materials,processes/fe3ded25-6685-5cc3-a82f-a316f39a3f0a.xml,1,kg,GLO,materials,,,"While Ring yarn production; electricity, heat energy are consumed and raw material wastes occurs. El",scraped_from_ilcd
a52e6329-8c27-59c1-bdb5-5596395ffd71,,materials,processes/a52e6329-8c27-59c1-bdb5-5596395ffd71.xml,1,kg,GLO,materials,,,Mechanical finishing is a process in which fabric is passed between two rolls under heavy pressure t,scraped_from_ilcd
bc18ebf4-88c5-504b-afb9-4c788fb8507f,,materials,processes/bc18ebf4-88c5-504b-afb9-4c788fb8507f.xml,1,kg,GLO,materials,,,"In melt spinning, thermoplastic polymer granules are fed into an extruder and then the polymer melt ",scraped_from_ilcd
e9c4fd05-a72a-5b47-8f10-ed6de90a58e7,,materials,processes/e9c4fd05-a72a-5b47-8f10-ed6de90a58e7.xml,1,kg,GLO,materials,,,"Yarn production activity includes Opening, Cleaning, Blending, Carding, Drafting, combing, roving, s",scraped_from_ilcd
e31fa45f-1de5-593c-8b31-71d501543cd7,,materials,processes/e31fa45f-1de5-593c-8b31-71d501543cd7.xml,1,kg,GLO,materials,,,"Yarn production activity includes Opening, Cleaning, Blending, Carding, Drafting, combing, roving, s",scraped_from_ilcd
d09da8ed-e3bf-59d5-bcf4-0300578c630f,,materials,processes/d09da8ed-e3bf-59d5-bcf4-0300578c630f.xml,1,kg,GLO,materials,,,"Yarn production activity includes Opening, Cleaning, Blending, Carding, Drafting, combing, roving, s",scraped_from_ilcd
06497048-6bf5-56f3-9ac2-89dfad9e5033,,materials,processes/06497048-6bf5-56f3-9ac2-89dfad9e5033.xml,1,kg,GLO,materials,,,"Yarn production activity includes Opening, Cleaning, Blending, Carding, Drafting, combing, roving, s",scraped_from_ilcd
44f8ef1d-08fb-56f2-bdff-a4bddcdf6c4b,,materials,processes/44f8ef1d-08fb-56f2-bdff-a4bddcdf6c4b.xml,1,kg,GLO,materials,,,"Colouration of textiles involve a sequential mechanism: migration of dye from bath to fibre surface,",scraped_from_ilcd
ebcd2a45-12a7-59ce-9ece-4dd77d5a59a1,,materials,processes/ebcd2a45-12a7-59ce-9ece-4dd77d5a59a1.xml,1,kg,GLO,materials,,,"While Open End yarn production; electricity, heat energy are consumed and raw material wastes occurs",scraped_from_ilcd
13d6dee6-e639-5a36-9fb4-438565098609,,materials,processes/13d6dee6-e639-5a36-9fb4-438565098609.xml,1,kg,GLO,materials,,,"While Open End yarn production; electricity, heat energy are consumed and raw material wastes occurs",scraped_from_ilcd
f87d4dcf-1771-5a90-9e7f-2e24b761383c,,materials,processes/f87d4dcf-1771-5a90-9e7f-2e24b761383c.xml,1,kg,ZA,materials,,,This dataset aims at representing the production of one kg of wool from sheep in South Africa. The a,scraped_from_ilcd
bd4f05d1-5958-5f31-bed8-79b16bdda3b9,,materials,processes/bd4f05d1-5958-5f31-bed8-79b16bdda3b9.xml,1,kg,GLO,materials,,,"This data is production mix of production (according to yarn count) which is commented below :
While",scraped_from_ilcd
76052e0a-7cef-5b2f-911e-a0e547d600da,,materials,processes/76052e0a-7cef-5b2f-911e-a0e547d600da.xml,1,kg,TR,materials,,,The environmental impact cotton fibre includes cultivation and delintint the Seed cotton. The ginnin,scraped_from_ilcd
d79efc67-c1d5-5866-b025-c75a6031d54a,,materials,processes/d79efc67-c1d5-5866-b025-c75a6031d54a.xml,1,kg,ES,materials,,,"The recycling yield is 96%, therefore a waste cotton input of 1.042 kg has to be added.",scraped_from_ilcd
7e9e0ae0-7549-56e4-929d-2df31a8e5df1,,materials,processes/7e9e0ae0-7549-56e4-929d-2df31a8e5df1.xml,1,kg,GLO,materials,,,"Coating is the application of polymer onto a textile as a paste, foam or viscous liquid. The applica",scraped_from_ilcd
e55b4d1a-3025-5b1d-81e5-b166a3ada851,,materials,processes/e55b4d1a-3025-5b1d-81e5-b166a3ada851.xml,1,kg,GLO,materials,,,"Yarn production activity includes Opening, Cleaning, Blending, Carding, Drafting, combing, roving, s",scraped_from_ilcd
8c9f8f6f-2e2a-57a2-8020-e83bb33bb5f3,,materials,processes/8c9f8f6f-2e2a-57a2-8020-e83bb33bb5f3.xml,1,kg,GLO,materials,,,"In melt spinning, thermoplastic polymer granules are fed into an extruder and then the polymer melt ",scraped_from_ilcd
1184e3f2-1fce-5647-9578-d84e0a4c623e,,materials,processes/1184e3f2-1fce-5647-9578-d84e0a4c623e.xml,1,kg,GLO,materials,,,The fusing process is one sort of alternative method of fabric joining and is vastly used for attach,scraped_from_ilcd
bb3fbf15-e4d3-5797-b964-3c5273a91d31,,materials,processes/bb3fbf15-e4d3-5797-b964-3c5273a91d31.xml,1,kg,GLO,materials,,,"While Open End yarn production; electricity, heat energy are consumed and raw material wastes occurs",scraped_from_ilcd
bfa0d9e9-c776-550e-82d8-afda256b70fb,,materials,processes/bfa0d9e9-c776-550e-82d8-afda256b70fb.xml,1,kg,GLO,materials,,,"There are 4 steps in making glass fiber: batch preparation, melting and refining, forming, and post-",scraped_from_ilcd
8da0cc02-bfb0-51ef-a0a9-dd544439e7a9,,materials,processes/8da0cc02-bfb0-51ef-a0a9-dd544439e7a9.xml,1,kg,GLO,materials,,,"Yarn production activity includes Opening, Cleaning, Blending, Carding, Drafting, combing, roving, s",scraped_from_ilcd
1b3025ce-bf88-5772-83dc-b6aac8282c18,,materials,processes/1b3025ce-bf88-5772-83dc-b6aac8282c18.xml,1,kg,GLO,materials,,,Shearing is a finishing process in textile manufacturing. The raised nap of a pile fabric are cut to,scraped_from_ilcd
74a6a144-0477-5433-a802-47029e8ea5d6,,materials,processes/74a6a144-0477-5433-a802-47029e8ea5d6.xml,1,kg,GLO,materials,,,Weaving is a method of textile production in which two distinct sets of yarns or threads are interla,scraped_from_ilcd
9018f4f7-3db1-5541-a44f-7d21fe37f757,,materials,processes/9018f4f7-3db1-5541-a44f-7d21fe37f757.xml,1,kg,GLO,materials,,,"Plastic shoe eyelet production covers nylon raw materials and extrusion process.

Waste processing m",scraped_from_ilcd
85f01fab-49da-5e25-9581-42b2f8221bb9,,materials,processes/85f01fab-49da-5e25-9581-42b2f8221bb9.xml,1,kg,GLO,materials,,,"Several types of compounds and polymers are used as Flame Retardants (FR) for textile materials, inc",scraped_from_ilcd
1d7c07b3-ffac-58ef-84db-54b9d9e1ba7f,,materials,processes/1d7c07b3-ffac-58ef-84db-54b9d9e1ba7f.xml,1,kg,GLO,materials,,,"Yarn production activity includes Opening, Cleaning, Blending, Carding, Drafting, combing, roving, s",scraped_from_ilcd
d6a72582-7613-50d0-af08-9637dc540539,,materials,processes/d6a72582-7613-50d0-af08-9637dc540539.xml,1,kg,GLO,materials,,,"While Open End yarn production; electricity, heat energy are consumed and raw material wastes occurs",scraped_from_ilcd
556e116c-1122-5949-a115-4e3203e8d057,,materials,processes/556e116c-1122-5949-a115-4e3203e8d057.xml,1,kg,GLO,materials,,,"Yarn production activity includes Opening, Cleaning, Blending, Carding, Drafting, combing, roving, s",scraped_from_ilcd
24215072-3ccc-5ddb-84c5-44762b1234cb,,materials,processes/24215072-3ccc-5ddb-84c5-44762b1234cb.xml,1,kg,GLO,materials,,,"Yarn production activity includes Opening, Cleaning, Blending, Carding, Drafting, combing, roving, s",scraped_from_ilcd
80718c5c-8ddf-5662-a98b-1e5a6013b260,,materials,processes/80718c5c-8ddf-5662-a98b-1e5a6013b260.xml,1,kg,GLO,materials,,,"Yarn production activity includes Opening, Cleaning, Blending, Carding, Drafting, combing, roving, s",scraped_from_ilcd
a2117632-1194-5933-986a-773ba0a74012,,materials,processes/a2117632-1194-5933-986a-773ba0a74012.xml,1,kg,GLO,materials,,,Nylon 6.6 is generated in post-consumer sources and it is treated with a mechanical process. The pro,scraped_from_ilcd
0bfcca92-1cf5-5730-9ada-6be779e67a2e,,materials,processes/0bfcca92-1cf5-5730-9ada-6be779e67a2e.xml,1,kg,GLO,materials,,,"Yarn production activity includes Opening, Cleaning, Blending, Carding, Drafting, combing, roving, s",scraped_from_ilcd
471cf5ba-cd13-5fc2-a87b-c74e6aa10019,,materials,processes/471cf5ba-cd13-5fc2-a87b-c74e6aa10019.xml,1,kg,GLO,materials,,,System boundaries: The dataset describes the tanning and finishing of goat leather. The inventory in,scraped_from_ilcd
055de977-6c5c-5a66-acfb-ff03bb5849b5,,materials,processes/055de977-6c5c-5a66-acfb-ff03bb5849b5.xml,1,kg,TJ,materials,,,The environmental impact cotton fibre includes cultivation and delintint the Seed cotton. The ginnin,scraped_from_ilcd
5e4c5422-dbac-5589-8829-fd7affc134db,,materials,processes/5e4c5422-dbac-5589-8829-fd7affc134db.xml,1,kg,GLO,materials,,,This dataset aims at representing the global average production of one kg of wool from sheep. The ac,scraped_from_ilcd
60d8fb7d-c8f6-57fc-a44a-b771c90e81d9,,materials,processes/60d8fb7d-c8f6-57fc-a44a-b771c90e81d9.xml,1,kg,GLO,materials,,,Weaving is a method of textile production in which two distinct sets of yarns or threads are interla,scraped_from_ilcd
35243640-600d-5c03-bf01-ae89ed5b3241,,materials,processes/35243640-600d-5c03-bf01-ae89ed5b3241.xml,1,kg,GLO,materials,,,"Yarn production activity includes Opening, Cleaning, Blending, Carding, Drafting, combing, roving, s",scraped_from_ilcd
ce1f298d-4eb7-5082-a589-2b6ffc92100e,,materials,processes/ce1f298d-4eb7-5082-a589-2b6ffc92100e.xml,1,kg,GLO,materials,,,"Yarn production activity includes Opening, Cleaning, Blending, Carding, Drafting, combing, roving, s",scraped_from_ilcd
5194ec03-6338-5499-9a26-2628491eb87a,,materials,processes/5194ec03-6338-5499-9a26-2628491eb87a.xml,1,kg,GLO,materials,,,Weaving is a method of textile production in which two distinct sets of yarns or threads are interla,scraped_from_ilcd
603bcbce-8602-5fb7-8976-176f06ca6d30,,materials,processes/603bcbce-8602-5fb7-8976-176f06ca6d30.xml,1,kg,GLO,materials,,,"This data covers zipper machine consumptions, production of nylon polymer which is used as raw mater",scraped_from_ilcd
51a53d79-89f2-5a7b-9af3-fc0b077fbd8f,,materials,processes/51a53d79-89f2-5a7b-9af3-fc0b077fbd8f.xml,1,kg,GLO,materials,,,"Instead of liquid polyester, polyester granules data is used in the model due to lack of data. For t",scraped_from_ilcd
61f94727-2296-563d-983d-1bf005844f12,,materials,processes/61f94727-2296-563d-983d-1bf005844f12.xml,1,kg,GLO,materials,,,"Single-end sizing systems are widely used for sizing a wide variety of multifilament yarns, such as ",scraped_from_ilcd
6285e810-3dea-5f1e-bd36-a5af717e336e,,materials,processes/6285e810-3dea-5f1e-bd36-a5af717e336e.xml,1,kg,GLO,materials,,,Knitting is a method by which yarn is manipulated to create a textile or fabric. Seamless knitting r,scraped_from_ilcd
dd3d586f-f8c6-476f-bf0d-3c73abfd1238,,materials,processes/dd3d586f-f8c6-476f-bf0d-3c73abfd1238.xml,1,kg,GLO w/o EU+EFTA+UK,materials,,,"Foreground system:

Fiber production
A fiber is produced by melting and continual extrusion of th",scraped_from_ilcd
1f8d7a29-748a-5b45-9662-43681b7bd120,,materials,processes/1f8d7a29-748a-5b45-9662-43681b7bd120.xml,1,kg,GLO,materials,,,"Yarn production activity includes Opening, Cleaning, Blending, Carding, Drafting, combing, roving, s",scraped_from_ilcd
bd2f3369-25e1-59c0-a8bc-b222129c1776,,materials,processes/bd2f3369-25e1-59c0-a8bc-b222129c1776.xml,1,kg,EU+EFTA+UK,materials,,,Weaving is a method of textile production in which two distinct sets of yarns or threads are interla,scraped_from_ilcd
45330e5b-2b1c-5206-87d9-d6c562465277,,materials,processes/45330e5b-2b1c-5206-87d9-d6c562465277.xml,1,kg,US,materials,,,Ginning is a mechanical process to separate fibers from seeds. This dataset includes the transport f,scraped_from_ilcd
d25e9fb3-98b8-5e29-bd31-76f8bb75f185,,materials,processes/d25e9fb3-98b8-5e29-bd31-76f8bb75f185.xml,1,kg,GLO,materials,,,Weaving is a method of textile production in which two distinct sets of yarns or threads are interla,scraped_from_ilcd
6a59ec78-2a1b-5702-92fb-455a98f2bbd8,,materials,processes/6a59ec78-2a1b-5702-92fb-455a98f2bbd8.xml,1,kg,GLO,materials,,,"This process covers synthetic filament production, cutting of filaments and spinning by open end (ro",scraped_from_ilcd
523ce42d-66ff-5119-a142-fdf58b5a4afb,,materials,processes/523ce42d-66ff-5119-a142-fdf58b5a4afb.xml,1,kg,GLO,materials,,,Flame lamination is used to adhere polyurethane foam to a textile material. A web of foam from a sup,scraped_from_ilcd
47c2a324-1e48-5be8-ab08-3951cb61bf84,,materials,processes/47c2a324-1e48-5be8-ab08-3951cb61bf84.xml,1,kg,GLO,materials,,,The hot cutting knife would melts the polymer filaments of the synthetic fabric precisely. Hot knife,scraped_from_ilcd
e29c2c55-1a1b-4845-8073-14292e3ddbc4,,materials,processes/e29c2c55-1a1b-4845-8073-14292e3ddbc4.xml,1,kg,ES,materials,,,"The data set represents the incineration of textile waste. 99% are assumed to be cotton, 1% is wool.",scraped_from_ilcd
6c0ddcbb-1009-5c03-a3bf-5c6caf4ab3a2,,materials,processes/6c0ddcbb-1009-5c03-a3bf-5c6caf4ab3a2.xml,1,kg,ZA,materials,,,"This dataset represent post-industrial wool recycling. Post-industrial waste consists of fibre, yarn",scraped_from_ilcd
83e7a618-1558-4fae-bf56-d7a3126efece,,materials,processes/83e7a618-1558-4fae-bf56-d7a3126efece.xml,1,kg,GLO,materials,,,"Foreground system:

Fiber production
A fiber is produced by melting and continual extrusion of th",scraped_from_ilcd
81df7a1a-1c7c-54e0-9979-1271fd386874,,materials,processes/81df7a1a-1c7c-54e0-9979-1271fd386874.xml,1,kg,GLO,materials,,,"Yarn production activity includes Opening, Cleaning, Blending, Carding, Drafting, combing, roving, s",scraped_from_ilcd
44995368-596c-526c-a4fc-ad4b73297543,,materials,processes/44995368-596c-526c-a4fc-ad4b73297543.xml,1,kg,GLO,materials,,,"Coating is the application of polymer onto a textile as a paste, foam or viscous liquid. The applica",scraped_from_ilcd
1e10040e-d8af-5d7e-ac73-f9b45ecd626e,,materials,processes/1e10040e-d8af-5d7e-ac73-f9b45ecd626e.xml,1,kg,GLO,materials,,,"Yarn production activity includes Opening, Cleaning, Blending, Carding, Drafting, combing, roving, s",scraped_from_ilcd
cf555f02-ce9c-5d91-be23-feea3853dab6,,materials,processes/cf555f02-ce9c-5d91-be23-feea3853dab6.xml,1,kg,TR,materials,,,Ginning is a mechanical process to separate fibers from seeds. This dataset includes the transport f,scraped_from_ilcd
54bb0e1d-816a-54a9-a8f8-c3c04a92a122,,materials,processes/54bb0e1d-816a-54a9-a8f8-c3c04a92a122.xml,1,kg,GLO,materials,,,The hot cutting knife would melts the polymer filaments of the synthetic fabric precisely. Hot knife,scraped_from_ilcd
0f679e46-f771-5d85-b3fb-cb98c093e8a2,,materials,processes/0f679e46-f771-5d85-b3fb-cb98c093e8a2.xml,1,kg,GLO,materials,,,"While Open End yarn production; electricity, heat energy are consumed and raw material wastes occurs",scraped_from_ilcd
469d2239-a187-5ebb-99f7-4fce6cfb180d,,materials,processes/469d2239-a187-5ebb-99f7-4fce6cfb180d.xml,1,kg,ML,materials,,,The environmental impact cotton fibre includes cultivation and delintint the Seed cotton. The ginnin,scraped_from_ilcd
50dbd268-9ac5-576d-8427-696f46b9b405,,materials,processes/50dbd268-9ac5-576d-8427-696f46b9b405.xml,1,kg,GLO,materials,,,"While Open End yarn production; electricity, heat energy are consumed and raw material wastes occurs",scraped_from_ilcd
e1740fca-546a-50e9-be02-02864cc37df4,,materials,processes/e1740fca-546a-50e9-be02-02864cc37df4.xml,1,kg,GLO,materials,,,Ginning is a mechanical process to separate fibers from seeds. This dataset includes the transport f,scraped_from_ilcd
9ba4ddaf-acaa-5540-8845-80df1f160693,,materials,processes/9ba4ddaf-acaa-5540-8845-80df1f160693.xml,1,kg,GLO,materials,,,"A sewing machine is a mechanical (or electrical) device that joins fabric using thread, in a manner ",scraped_from_ilcd
d9a8aab7-c34f-5401-b305-ac21204281e9,,materials,processes/d9a8aab7-c34f-5401-b305-ac21204281e9.xml,1,kg,GLO,materials,,,"Yarn production activity includes Opening, Cleaning, Blending, Carding, Drafting, combing, roving, s",scraped_from_ilcd
f09e6c97-e371-5b38-a78f-844e54293b35,,materials,processes/f09e6c97-e371-5b38-a78f-844e54293b35.xml,1,kg,UZ,materials,,,The environmental impact cotton fibre includes cultivation and delintint the Seed cotton. The ginnin,scraped_from_ilcd
0256b048-98bb-5df8-8131-f006c86e564e,,materials,processes/0256b048-98bb-5df8-8131-f006c86e564e.xml,1,kg,EU+EFTA+UK,materials,,,"The process includes the steps of needle-entangling a nonwoven fabric, preferably a spun-bonded poly",scraped_from_ilcd
70265692-38d2-5251-a948-983e844cf232,,materials,processes/70265692-38d2-5251-a948-983e844cf232.xml,1,kg,GLO,materials,,,"Single-end sizing systems are widely used for sizing a wide variety of multifilament yarns, such as ",scraped_from_ilcd
e3441564-6fbb-59be-9167-83940163edcc,,materials,processes/e3441564-6fbb-59be-9167-83940163edcc.xml,1,kg,GLO,materials,,,"There are various scouring agents used in processing of fabrics, out of which the alkaline scouring ",scraped_from_ilcd
3fa852b6-968b-5e0b-90dd-76bb8753a1c5,,materials,processes/3fa852b6-968b-5e0b-90dd-76bb8753a1c5.xml,1,kg,GLO,materials,,,"Yarn production activity includes Opening, Cleaning, Blending, Carding, Drafting, combing, roving, s",scraped_from_ilcd
d82fec17-80c0-5168-a991-197b39853783,,materials,processes/d82fec17-80c0-5168-a991-197b39853783.xml,1,kg,IN,materials,,,The environmental impact cotton fibre includes cultivation and delintint the Seed cotton. The ginnin,scraped_from_ilcd
8ac07a27-b2a7-577c-808c-b640fd827fe7,,materials,processes/8ac07a27-b2a7-577c-808c-b640fd827fe7.xml,1,kg,GLO,materials,,,"While Open End yarn production; electricity, heat energy are consumed and raw material wastes occurs",scraped_from_ilcd
40b2b283-6200-506e-8bad-f6ae2d113729,,materials,processes/40b2b283-6200-506e-8bad-f6ae2d113729.xml,1,kg,GLO,materials,,,"Yarn production activity includes Opening, Cleaning, Blending, Carding, Drafting, combing, roving, s",scraped_from_ilcd
dfab8e41-144c-54c1-9880-ac92edbd203f,,materials,processes/dfab8e41-144c-54c1-9880-ac92edbd203f.xml,1,kg,ZA,materials,,,"This dataset represent post-industrial wool recycling. Post-industrial waste consists of fibre, yarn",scraped_from_ilcd
59431729-c50f-5ef3-942f-428bcd22bee7,,materials,processes/59431729-c50f-5ef3-942f-428bcd22bee7.xml,1,kg,GLO,materials,,,"In melt spinning, thermoplastic polymer granules are fed into an extruder and then the polymer melt ",scraped_from_ilcd
dc9639ec-0153-52a0-b920-80e2b7df4479,,materials,processes/dc9639ec-0153-52a0-b920-80e2b7df4479.xml,1,kg,GLO,materials,,,Ginning is a mechanical process to separate fibers from seeds. This dataset includes the transport f,scraped_from_ilcd
a51ce827-19ff-5fec-a795-f6cc948e81bc,,materials,processes/a51ce827-19ff-5fec-a795-f6cc948e81bc.xml,1,kg,GLO,materials,,,"While Open End yarn production; electricity, heat energy are consumed and raw material wastes occurs",scraped_from_ilcd
2f109951-8f44-5910-9de9-ecd7fb29497c,,materials,processes/2f109951-8f44-5910-9de9-ecd7fb29497c.xml,1,kg,RO (REGION OCEANIA),materials,,,The process of fiberization can be energy intensive due to the high mechanical pressure required for,scraped_from_ilcd
f7e25fdb-a080-507b-85d4-be882602fb31,,materials,processes/f7e25fdb-a080-507b-85d4-be882602fb31.xml,1,kg,GLO,materials,,,In laser etching a machine is used to intricate designs on fabric denim and leather as well as on fi,scraped_from_ilcd
3034562f-4c17-5146-a953-742a548b4029,,materials,processes/3034562f-4c17-5146-a953-742a548b4029.xml,1,kg,GLO,materials,,,"Yarn production activity includes Opening, Cleaning, Blending, Carding, Drafting, combing, roving, s",scraped_from_ilcd
05315f52-ba02-5414-bff5-460aa86fc7f4,,materials,processes/05315f52-ba02-5414-bff5-460aa86fc7f4.xml,1,kg,GLO,materials,,,The fusing process is one sort of alternative method of fabric joining and is vastly used for attach,scraped_from_ilcd
ba53b910-a0ac-53e1-ac30-14a85893c1b8,,materials,processes/ba53b910-a0ac-53e1-ac30-14a85893c1b8.xml,1,kg,GLO,materials,,,"Knitting is a method by which yarn is manipulated to create a textile or fabric.

A user employing t",scraped_from_ilcd
663dd8cf-f4e3-5819-9320-8182e1f7a57e,,materials,processes/663dd8cf-f4e3-5819-9320-8182e1f7a57e.xml,1,kg,GLO,materials,,,Flame lamination is used to adhere polyurethane foam to a textile material. A web of foam from a sup,scraped_from_ilcd
9018e4be-e3c3-5091-9716-8751e1b25800,,materials,processes/9018e4be-e3c3-5091-9716-8751e1b25800.xml,1,kg,GLO,materials,,,"The stone-to-fabric weight ratio for stone washing varies from 0.5 - 3 : 1, depends on the degree of",scraped_from_ilcd
65df5300-4f07-5f1c-9b6f-73cf7af554ab,,materials,processes/65df5300-4f07-5f1c-9b6f-73cf7af554ab.xml,1,kg,CN,materials,,,Ginning is a mechanical process to separate fibers from seeds. This dataset includes the transport f,scraped_from_ilcd
2590e9fe-8a4a-5b0a-a21b-b7d2f4a2e260,,materials,processes/2590e9fe-8a4a-5b0a-a21b-b7d2f4a2e260.xml,1,kg,GLO,materials,,,"Calendering of textiles is a finishing process used to smooth, coat, or thin a material. With textil",scraped_from_ilcd
9ca69963-0e10-588b-8e03-ea6aa805b522,,materials,processes/9ca69963-0e10-588b-8e03-ea6aa805b522.xml,1,kg,GLO,materials,,,"In general, PET and nylon threads are used for apparel production. So, this data represents producti",scraped_from_ilcd
09db99d1-6f48-5ee6-b2a3-a0a0b2447fd3,,materials,processes/09db99d1-6f48-5ee6-b2a3-a0a0b2447fd3.xml,1,kg,GLO,materials,,,"Yarn production activity includes Opening, Cleaning, Blending, Carding, Drafting, combing, roving, s",scraped_from_ilcd
3ed0dc37-b21a-5379-bd47-f80fb33ac957,,materials,processes/3ed0dc37-b21a-5379-bd47-f80fb33ac957.xml,1,kg,GLO,materials,,,"Yarn production activity includes Opening, Cleaning, Blending, Carding, Drafting, combing, roving, s",scraped_from_ilcd
96a54bd1-b2c4-51a3-9766-b19caf7ee897,,materials,processes/96a54bd1-b2c4-51a3-9766-b19caf7ee897.xml,1,kg,GLO,materials,,,"Coating is the application of polymer onto a textile as a paste, foam or viscous liquid. The applica",scraped_from_ilcd
16767ebc-ceb3-5b75-b319-ad3cc37c94e7,,materials,processes/16767ebc-ceb3-5b75-b319-ad3cc37c94e7.xml,1,kg,GLO,materials,,,"Yarn production activity includes Opening, Cleaning, Blending, Carding, Drafting, combing, roving, s",scraped_from_ilcd
60b338e3-71f9-5bf6-b0ea-88af413b99c7,,materials,processes/60b338e3-71f9-5bf6-b0ea-88af413b99c7.xml,1,kg,IN,materials,,,Ginning is a mechanical process to separate fibers from seeds. This dataset includes the transport f,scraped_from_ilcd
a009b9e8-9599-5b71-855b-0ecb93d7c4c7,,materials,processes/a009b9e8-9599-5b71-855b-0ecb93d7c4c7.xml,1,kg,GLO,materials,,,Yarns are pulled up by a ball warping machine; pass through lease stands to ensure proper sequencing,scraped_from_ilcd
a42fd312-9828-5a35-8ff0-bb773d50dc5e,,materials,processes/a42fd312-9828-5a35-8ff0-bb773d50dc5e.xml,1,kg,GLO,materials,,,"Raising process, raises the surface fibers of a fabric by means of passage over rapidly revolving cy",scraped_from_ilcd
bf9066e0-5ae5-5f1d-b0aa-f03a1a267494,,materials,processes/bf9066e0-5ae5-5f1d-b0aa-f03a1a267494.xml,1,kg,GLO,materials,,,"Knitting is a method by which yarn is manipulated to create a textile or fabric.

A user employing t",scraped_from_ilcd
8cc4183d-62a3-5465-a1c0-4b6d51b65d89,,materials,processes/8cc4183d-62a3-5465-a1c0-4b6d51b65d89.xml,1,kg,GLO,materials,,,"While Open End yarn production; electricity, heat energy are consumed and raw material wastes occurs",scraped_from_ilcd
4165ceca-82dc-5c33-9348-cfdd26a9eb95,,materials,processes/4165ceca-82dc-5c33-9348-cfdd26a9eb95.xml,1,kg,GLO,materials,,,Flame lamination is used to adhere polyurethane foam to a textile material. A web of foam from a sup,scraped_from_ilcd
52790dc7-ca61-5f89-b04f-b8df03285eea,,materials,processes/52790dc7-ca61-5f89-b04f-b8df03285eea.xml,1,kg,GLO,materials,,,"While Open End yarn production; electricity, heat energy are consumed and raw material wastes occurs",scraped_from_ilcd
d9b22130-a952-5dcc-9aae-a75192a96cbc,,materials,processes/d9b22130-a952-5dcc-9aae-a75192a96cbc.xml,1,kg,GLO,materials,,,"Yarn production activity includes Opening, Cleaning, Blending, Carding, Drafting, combing, roving, s",scraped_from_ilcd
268a7d3e-47ae-5e8f-932e-4f8df5e27625,,materials,processes/268a7d3e-47ae-5e8f-932e-4f8df5e27625.xml,1,kg,GLO,materials,,,Weaving is a method of textile production in which two distinct sets of yarns or threads are interla,scraped_from_ilcd
9bb6ab0d-632f-57b3-87f7-cf8c140ad563,,materials,processes/9bb6ab0d-632f-57b3-87f7-cf8c140ad563.xml,1,kg,GLO,materials,,,"This data is production mix of production (according to yarn count) which is commented below :
While",scraped_from_ilcd
9f66cb18-306a-53b2-82aa-d25e55e2b838,,materials,processes/9f66cb18-306a-53b2-82aa-d25e55e2b838.xml,1,kg,GLO,materials,,,This dataset aims at representing the global average production of one kg of wool from sheep. The ac,scraped_from_ilcd
9684107f-0ad8-5c56-8bd2-e5d71cf2a9c1,,materials,processes/9684107f-0ad8-5c56-8bd2-e5d71cf2a9c1.xml,1,kg,EU+EFTA+UK,materials,,,System boundaries: The dataset describes the tanning and finishing of cattle leather. The inventory ,scraped_from_ilcd
9f669b43-800c-5e9e-908e-a8fd003a0380,,materials,processes/9f669b43-800c-5e9e-908e-a8fd003a0380.xml,1,kg,GLO,materials,,,"Yarn production activity includes Opening, Cleaning, Blending, Carding, Drafting, combing, roving, s",scraped_from_ilcd
9249bf79-d519-54ee-8e9e-e1aa2a13dfaa,,materials,processes/9249bf79-d519-54ee-8e9e-e1aa2a13dfaa.xml,1,kg,RNA,materials,,,The process of fiberization can be energy intensive due to the high mechanical pressure required for,scraped_from_ilcd
9f4f575a-bd98-5250-a0f3-02eadeb3c862,,materials,processes/9f4f575a-bd98-5250-a0f3-02eadeb3c862.xml,1,kg,ZA,materials,,,"System boundaries include all the stages needed for the processing of raw wool (Scouring, spinning a",scraped_from_ilcd
62c1365a-f009-5d8b-ad27-2cb483df3fc9,,materials,processes/62c1365a-f009-5d8b-ad27-2cb483df3fc9.xml,1,kg,EU+EFTA+UK,materials,,,"The process includes the steps of needle-entangling a nonwoven fabric, preferably a spun-bonded poly",scraped_from_ilcd
b44af391-a913-5538-9c84-8633b8399abc,,materials,processes/b44af391-a913-5538-9c84-8633b8399abc.xml,1,kg,GLO,materials,,,Weaving is a method of textile production in which two distinct sets of yarns or threads are interla,scraped_from_ilcd
dccc5230-6fc2-5f9c-b9bf-ccfbfc73ce95,,materials,processes/dccc5230-6fc2-5f9c-b9bf-ccfbfc73ce95.xml,1,kg,GLO,materials,,,"Yarn production activity includes Opening, Cleaning, Blending, Carding, Drafting, combing, roving, s",scraped_from_ilcd
dc941fa1-8d10-5831-9dd1-4237a1a456c3,,materials,processes/dc941fa1-8d10-5831-9dd1-4237a1a456c3.xml,1,kg,GLO,materials,,,Weaving is a method of textile production in which two distinct sets of yarns or threads are interla,scraped_from_ilcd
c457c9f2-035e-52c7-963c-cd9a928646b1,,materials,processes/c457c9f2-035e-52c7-963c-cd9a928646b1.xml,1,kg,GLO,materials,,,Weaving is a method of textile production in which two distinct sets of yarns or threads are interla,scraped_from_ilcd
6d92df59-475c-5a4c-81a4-701d08a0d874,,materials,processes/6d92df59-475c-5a4c-81a4-701d08a0d874.xml,1,kg,GLO,materials,,,"Yarn production activity includes Opening, Cleaning, Blending, Carding, Drafting, combing, roving, s",scraped_from_ilcd
d0efbaf1-6388-5d9b-8156-dc266a6eab7f,,materials,processes/d0efbaf1-6388-5d9b-8156-dc266a6eab7f.xml,1,kg,GLO,materials,,,"Yarn production activity includes Opening, Cleaning, Blending, Carding, Drafting, combing, roving, s",scraped_from_ilcd
eacd3b7f-6008-5aa1-a24c-b78d1dd9279c,,materials,processes/eacd3b7f-6008-5aa1-a24c-b78d1dd9279c.xml,1,kg,BR,materials,,,"This inventory is based on the ecoinvent 3.7.1 dataset  ""fibre production, cotton, ginning GLO"", adj",scraped_from_ilcd
efa7f8e7-83eb-59de-89cb-f54f191a3e99,,materials,processes/efa7f8e7-83eb-59de-89cb-f54f191a3e99.xml,1,kg,GLO,materials,,,"Coating is the application of polymer onto a textile as a paste, foam or viscous liquid. The applica",scraped_from_ilcd
65ee76b0-3548-54ae-9d5a-0a873b3d3e0e,,materials,processes/65ee76b0-3548-54ae-9d5a-0a873b3d3e0e.xml,1,kg,GLO,materials,,,"While Ring yarn production; electricity, heat energy are consumed and raw material wastes occurs. El",scraped_from_ilcd
2ceb8ee7-8f49-51f7-8db3-5ffd4436564b,,materials,processes/2ceb8ee7-8f49-51f7-8db3-5ffd4436564b.xml,1,kg,GLO,materials,,,"Yarn production activity includes Opening, Cleaning, Blending, Carding, Drafting, combing, roving, s",scraped_from_ilcd
61a0b18a-c90f-5ab4-85be-ac37db08c352,,materials,processes/61a0b18a-c90f-5ab4-85be-ac37db08c352.xml,1,kg,GLO,materials,,,"While Open End yarn production; electricity, heat energy are consumed and raw material wastes occurs",scraped_from_ilcd
4fea73ce-b53d-50ab-a351-4e9bb9dc920d,,materials,processes/4fea73ce-b53d-50ab-a351-4e9bb9dc920d.xml,1,kg,GLO,materials,,,"Yarn production activity includes Opening, Cleaning, Blending, Carding, Drafting, combing, roving, s",scraped_from_ilcd
7927df0d-dbe1-57ce-9bd5-451c170b52ab,,materials,processes/7927df0d-dbe1-57ce-9bd5-451c170b52ab.xml,1,kg,GLO,materials,,,"Yarn production activity includes Opening, Cleaning, Blending, Carding, Drafting, combing, roving, s",scraped_from_ilcd
924aba18-3a82-5380-8ebe-c6886d01acab,,materials,processes/924aba18-3a82-5380-8ebe-c6886d01acab.xml,1,kg,US,materials,,,Ginning is a mechanical process to separate fibers from seeds. This dataset includes the transport f,scraped_from_ilcd
79194774-56de-51bb-8127-aa1e47b88937,,materials,processes/79194774-56de-51bb-8127-aa1e47b88937.xml,1,kg,GLO,materials,,,"Yarn production activity includes Opening, Cleaning, Blending, Carding, Drafting, combing, roving, s",scraped_from_ilcd
8e034a90-0667-516e-acfb-6b6a09055901,,materials,processes/8e034a90-0667-516e-acfb-6b6a09055901.xml,1,kg,GLO,materials,,,"Microfibers are produced by melt spinning. In melt spinning, thermoplastic polymer granules are fed ",scraped_from_ilcd
82bc44a4-3cbd-57ca-a12a-7b726e8dea2c,,materials,processes/82bc44a4-3cbd-57ca-a12a-7b726e8dea2c.xml,1,kg,GLO,materials,,,"Knitting is a method by which yarn is manipulated to create a textile or fabric.

A user employing t",scraped_from_ilcd
a24125c9-469d-52a1-8801-cd804a520784,,materials,processes/a24125c9-469d-52a1-8801-cd804a520784.xml,1,kg,GLO,materials,,,Flame lamination is used to adhere polyurethane foam to a textile material. A web of foam from a sup,scraped_from_ilcd
50677b33-38c6-5ab3-beb2-3f89cf5957ba,,materials,processes/50677b33-38c6-5ab3-beb2-3f89cf5957ba.xml,1,kg,GLO,materials,,,Fibre brushing involve the use of wires or brushes which catch yarns in the textile structure and pu,scraped_from_ilcd
721a2174-d122-5f3c-aa66-c6906da251a8,,materials,processes/721a2174-d122-5f3c-aa66-c6906da251a8.xml,1,kg,GLO,materials,,,"Coating is the application of polymer onto a textile as a paste, foam or viscous liquid. The applica",scraped_from_ilcd
69c854ae-b790-5d2d-a0c3-509f37a9aa20,,materials,processes/69c854ae-b790-5d2d-a0c3-509f37a9aa20.xml,1,kg,GLO,materials,,,"Knitting is a method by which yarn is manipulated to create a textile or fabric.

A user employing t",scraped_from_ilcd
851b9a61-accc-51f9-8c1f-503089599df0,,materials,processes/851b9a61-accc-51f9-8c1f-503089599df0.xml,1,kg,GLO,materials,,,"Yarn production activity includes Opening, Cleaning, Blending, Carding, Drafting, combing, roving, s",scraped_from_ilcd
e5242e70-bfbc-5b1b-bb00-78e3b5058c2f,,materials,processes/e5242e70-bfbc-5b1b-bb00-78e3b5058c2f.xml,1,kg,RAS,materials,,,The process of fiberization can be energy intensive due to the high mechanical pressure required for,scraped_from_ilcd
1a1906c7-6b99-5617-b7b6-9269276f6a62,,materials,processes/1a1906c7-6b99-5617-b7b6-9269276f6a62.xml,1,kg,PK,materials,,,The environmental impact cotton fibre includes cultivation and delintint the Seed cotton. The ginnin,scraped_from_ilcd
ba493f57-af47-56ae-afea-5179cbf61c99,,materials,processes/ba493f57-af47-56ae-afea-5179cbf61c99.xml,1,kg,GLO,materials,,,"A sewing machine is a mechanical (or electrical) device that joins fabric using thread, in a manner ",scraped_from_ilcd
71337cd3-6479-5796-a662-d199cf7e60f1,,materials,processes/71337cd3-6479-5796-a662-d199cf7e60f1.xml,1,kg,GLO,materials,,,"Yarn production activity includes Opening, Cleaning, Blending, Carding, Drafting, combing, roving, s",scraped_from_ilcd
28243ba2-8f9c-534a-b27a-17d8db131a45,,materials,processes/28243ba2-8f9c-534a-b27a-17d8db131a45.xml,1,kg,GLO,materials,,,Hook-and-loop fasteners are produced from synthetic yarn. and their weaving process are included. Ny,scraped_from_ilcd
0357ecb7-4c2a-5628-bb54-282c7a0bbe3e,,materials,processes/0357ecb7-4c2a-5628-bb54-282c7a0bbe3e.xml,1,kg,EU+EFTA+UK,materials,,,The process of twisting is an indispensable means of improving certain yarn properties and satisfyin,scraped_from_ilcd
cb51c5a2-ca9e-58f1-9d74-656f181a9871,,materials,processes/cb51c5a2-ca9e-58f1-9d74-656f181a9871.xml,1,kg,GLO,materials,,,Weaving is a method of textile production in which two distinct sets of yarns or threads are interla,scraped_from_ilcd
ce95211a-0048-5b36-ad4b-4e6c9033ede8,,materials,processes/ce95211a-0048-5b36-ad4b-4e6c9033ede8.xml,1,kg,GLO,materials,,,"While Open End yarn production; electricity, heat energy are consumed and raw material wastes occurs",scraped_from_ilcd
71cdbf68-35da-5db2-8b43-2fa261e799a6,,materials,processes/71cdbf68-35da-5db2-8b43-2fa261e799a6.xml,1,kg,GLO,materials,,,The dye used in this model is recipe for disperse dye as this kind of dye is attached to the fabric ,scraped_from_ilcd
6d29fec1-426e-5c70-b528-00330c6494ec,,materials,processes/6d29fec1-426e-5c70-b528-00330c6494ec.xml,1,kg,GLO,materials,,,"Knitting is a method by which yarn is manipulated to create a textile or fabric.

A user employing t",scraped_from_ilcd
8e355861-9c6b-5334-8e74-e89ced0313b2,,materials,processes/8e355861-9c6b-5334-8e74-e89ced0313b2.xml,1,kg,GLO,materials,,,"Yarn production activity includes Opening, Cleaning, Blending, Carding, Drafting, combing, roving, s",scraped_from_ilcd
158dc721-42f5-50c5-9570-2c9867b14f92,,materials,processes/158dc721-42f5-50c5-9570-2c9867b14f92.xml,1,kg,GLO,materials,,,"Yarn production activity includes Opening, Cleaning, Blending, Carding, Drafting, combing, roving, s",scraped_from_ilcd
5c67b692-b288-55f7-ac89-81992c9d098b,,materials,processes/5c67b692-b288-55f7-ac89-81992c9d098b.xml,1,kg,GLO,materials,,,"Colouration of textiles involve a sequential mechanism: migration of dye from bath to fibre surface,",scraped_from_ilcd
af04747a-e12d-5db7-bd5f-c6f290ce69e5,,materials,processes/af04747a-e12d-5db7-bd5f-c6f290ce69e5.xml,1,kg,GLO,materials,,,"Knitting is a method by which yarn is manipulated to create a textile or fabric.

A user employing t",scraped_from_ilcd
d61176fc-19cb-5fd2-9ee9-eb76ece8b4c5,,materials,processes/d61176fc-19cb-5fd2-9ee9-eb76ece8b4c5.xml,1,kg,GLO,materials,,,"Yarn production activity includes Opening, Cleaning, Blending, Carding, Drafting, combing, roving, s",scraped_from_ilcd
f0cc5e5d-040a-5beb-9c83-5becfe1f2bfd,,materials,processes/f0cc5e5d-040a-5beb-9c83-5becfe1f2bfd.xml,1,kg,GLO,materials,,,"While Open End yarn production; electricity, heat energy are consumed and raw material wastes occurs",scraped_from_ilcd
89aaa6c6-79fd-5ed5-930f-ce706bbd40e3,,materials,processes/89aaa6c6-79fd-5ed5-930f-ce706bbd40e3.xml,1,kg,EU+EFTA+UK,materials,,,"Knitting is a method by which yarn is manipulated to create a textile or fabric.

A user employing t",scraped_from_ilcd
269d1ad9-10ad-5781-bd8d-b8cd52b24219,,materials,processes/269d1ad9-10ad-5781-bd8d-b8cd52b24219.xml,1,kg,GLO,materials,,,"Yarn production activity includes Opening, Cleaning, Blending, Carding, Drafting, combing, roving, s",scraped_from_ilcd
83ebb3fe-63ce-53a4-ab37-c26edd9e8db7,,materials,processes/83ebb3fe-63ce-53a4-ab37-c26edd9e8db7.xml,1,kg,TZ,materials,,,Ginning is a mechanical process to separate fibers from seeds. This dataset includes the transport f,scraped_from_ilcd
b0953f5b-64f9-5f77-a340-e93f25012d01,,materials,processes/b0953f5b-64f9-5f77-a340-e93f25012d01.xml,1,kg,GLO,materials,,,"While Open End yarn production; electricity, heat energy are consumed and raw material wastes occurs",scraped_from_ilcd
01347be8-8731-5366-be92-3b3ee56e1038,,materials,processes/01347be8-8731-5366-be92-3b3ee56e1038.xml,1,kg,GLO,materials,,,"While Open End yarn production; electricity, heat energy are consumed and raw material wastes occurs",scraped_from_ilcd
374a59f1-776b-558c-b57e-f2ef8811816f,,materials,processes/374a59f1-776b-558c-b57e-f2ef8811816f.xml,1,kg,GLO,materials,,,"Knitting is a method by which yarn is manipulated to create a textile or fabric.

A user employing t",scraped_from_ilcd
8e908051-322f-5aa2-bb5f-e3a969756078,,materials,processes/8e908051-322f-5aa2-bb5f-e3a969756078.xml,1,kg,GLO,materials,,,Weaving is a method of textile production in which two distinct sets of yarns or threads are interla,scraped_from_ilcd
3e71c817-119c-5f02-a4ff-b211dcbc3ef8,,materials,processes/3e71c817-119c-5f02-a4ff-b211dcbc3ef8.xml,1,kg,EU+EFTA+UK,materials,,,A digital textile printer with a spray head is used as a proxy. The available head for the machine i,scraped_from_ilcd
a052baa0-db6a-5062-a4d2-f7449f84d79d,,materials,processes/a052baa0-db6a-5062-a4d2-f7449f84d79d.xml,1,kg,GLO,materials,,,"Yarn production activity includes Opening, Cleaning, Blending, Carding, Drafting, combing, roving, s",scraped_from_ilcd
86d3232a-55c1-5b51-910c-771d3deac7e3,,materials,processes/86d3232a-55c1-5b51-910c-771d3deac7e3.xml,1,kg,GLO,materials,,,"In this model, the foam aplicator for 1 side dyeing is doctor blade coating machine. As the industri",scraped_from_ilcd
c308c63d-798e-5036-8a82-8d6948fce2a8,,materials,processes/c308c63d-798e-5036-8a82-8d6948fce2a8.xml,1,kg,GLO,materials,,,Warp yarns or fabric is wound onto a perforated beam. The dye liquor is forced through the perforati,scraped_from_ilcd
5ef8833d-58e5-5f14-8042-891c8a816989,,materials,processes/5ef8833d-58e5-5f14-8042-891c8a816989.xml,1,kg,GLO,materials,,,"While Open End yarn production; electricity, heat energy are consumed and raw material wastes occurs",scraped_from_ilcd
0acd9fac-42f6-519d-a457-42e699a8f7ac,,materials,processes/0acd9fac-42f6-519d-a457-42e699a8f7ac.xml,1,kg,GLO,materials,,,Continuous dyeing is a process in which dyeing the fabric and fixation of the dye are carried out co,scraped_from_ilcd
e2e19a34-e094-52a0-8201-053a50c132b3,,materials,processes/e2e19a34-e094-52a0-8201-053a50c132b3.xml,1,kg,GLO,materials,,,"In melt spinning, thermoplastic polymer granules are fed into an extruder and then the polymer melt ",scraped_from_ilcd
abb0ac8d-e3ae-54a6-8fec-01ad28d64f79,,materials,processes/abb0ac8d-e3ae-54a6-8fec-01ad28d64f79.xml,1,kg,PK,materials,,,The environmental impact cotton fibre includes cultivation and delintint the Seed cotton. The ginnin,scraped_from_ilcd
65f6a44f-ba86-5db0-91be-f6d7c27cb849,,materials,processes/65f6a44f-ba86-5db0-91be-f6d7c27cb849.xml,1,kg,GLO,materials,,,Weaving is a method of textile production in which two distinct sets of yarns or threads are interla,scraped_from_ilcd
0d0abad6-c8c1-56f3-bebe-05eccf95000e,,materials,processes/0d0abad6-c8c1-56f3-bebe-05eccf95000e.xml,1,kg,GLO,materials,,,"While Open End yarn production; electricity, heat energy are consumed and raw material wastes occurs",scraped_from_ilcd
81087982-779c-5024-9aa5-c0d05dcff810,,materials,processes/81087982-779c-5024-9aa5-c0d05dcff810.xml,1,kg,GLO,materials,,,"Yarn production activity includes Opening, Cleaning, Blending, Carding, Drafting, combing, roving, s",scraped_from_ilcd
548fa514-593f-5809-bf2e-0d293ac92be7,,materials,processes/548fa514-593f-5809-bf2e-0d293ac92be7.xml,1,kg,GLO,materials,,,"While Open End yarn production; electricity, heat energy are consumed and raw material wastes occurs",scraped_from_ilcd
949a20e2-7dbc-5d22-855c-f92016adbbf0,,materials,processes/949a20e2-7dbc-5d22-855c-f92016adbbf0.xml,1,kg,GLO,materials,,,Weaving is a method of textile production in which two distinct sets of yarns or threads are interla,scraped_from_ilcd
75c6bd08-5ab3-555c-a983-8a00f4d06a7d,,materials,processes/75c6bd08-5ab3-555c-a983-8a00f4d06a7d.xml,1,kg,AU,materials,,,This dataset aims at representing the production of one kg of wool from sheep produced in Australia.,scraped_from_ilcd
e141e3ee-735b-5a69-b028-80af5b44ac21,,materials,processes/e141e3ee-735b-5a69-b028-80af5b44ac21.xml,1,kg,GLO,materials,,,"Knitting is a method by which yarn is manipulated to create a textile or fabric.

A user employing t",scraped_from_ilcd
7e40316d-fb0d-5ced-8d78-38f6b0e1024a,,materials,processes/7e40316d-fb0d-5ced-8d78-38f6b0e1024a.xml,1,kg,GLO,materials,,,"Yarn production activity includes Opening, Cleaning, Blending, Carding, Drafting, combing, roving, s",scraped_from_ilcd
259811ad-64d9-56f0-a8c6-b5fa76beafdd,,materials,processes/259811ad-64d9-56f0-a8c6-b5fa76beafdd.xml,1,kg,GLO,materials,,,"Yarn production activity includes Opening, Cleaning, Blending, Carding, Drafting, combing, roving, s",scraped_from_ilcd
0a300063-60aa-4baf-a73c-16298798ff0c,,materials,processes/0a300063-60aa-4baf-a73c-16298798ff0c.xml,1,kg,LU,materials,,,"The data set represents the incineration of textile waste. 99% are assumed to be cotton, 1% is wool.",scraped_from_ilcd
6251bdff-ed54-5135-b74c-d5c9aadee079,,materials,processes/6251bdff-ed54-5135-b74c-d5c9aadee079.xml,1,kg,GLO,materials,,,"Coating is the application of polymer onto a textile as a paste, foam or viscous liquid. The applica",scraped_from_ilcd
bf0d85a2-0e08-5f0c-b7ed-1662855429e7,,materials,processes/bf0d85a2-0e08-5f0c-b7ed-1662855429e7.xml,1,kg,GLO,materials,,,"Coating is the application of polymer onto a textile as a paste, foam or viscous liquid. The applica",scraped_from_ilcd
12cc3ef7-d432-5e8d-92ab-d65f12141e23,,materials,processes/12cc3ef7-d432-5e8d-92ab-d65f12141e23.xml,1,kg,GLO,materials,,,"Yarn production activity includes Opening, Cleaning, Blending, Carding, Drafting, combing, roving, s",scraped_from_ilcd
c1484964-5c09-570f-9b72-98f6325f4c9e,,materials,processes/c1484964-5c09-570f-9b72-98f6325f4c9e.xml,1,kg,TJ,materials,,,Ginning is a mechanical process to separate fibers from seeds. This dataset includes the transport f,scraped_from_ilcd
9c55f9b8-b235-5d1d-b586-12bd771111ee,,materials,processes/9c55f9b8-b235-5d1d-b586-12bd771111ee.xml,1,kg,GLO,materials,,,"Yarn production activity includes Opening, Cleaning, Blending, Carding, Drafting, combing, roving, s",scraped_from_ilcd
494a730e-c0e9-598e-b380-15f7166c609b,,materials,processes/494a730e-c0e9-598e-b380-15f7166c609b.xml,1,kg,GLO,materials,,,"While Open End yarn production; electricity, heat energy are consumed and raw material wastes occurs",scraped_from_ilcd
a5fb4eb4-e968-5ba5-b5ed-3e177aaf38b6,,materials,processes/a5fb4eb4-e968-5ba5-b5ed-3e177aaf38b6.xml,1,kg,EU+EFTA+UK,materials,,,"Knitting is a method by which yarn is manipulated to create a textile or fabric.

A user employing t",scraped_from_ilcd
d27e5fce-20b6-54c4-92d4-91cc17199454,,materials,processes/d27e5fce-20b6-54c4-92d4-91cc17199454.xml,1,kg,GLO,materials,,,"While Open End yarn production; electricity, heat energy are consumed and raw material wastes occurs",scraped_from_ilcd
a1c0fee9-f3bb-534c-840d-144eb4037d21,,materials,processes/a1c0fee9-f3bb-534c-840d-144eb4037d21.xml,1,kg,GLO,materials,,,"Yarn production activity includes Opening, Cleaning, Blending, Carding, Drafting, combing, roving, s",scraped_from_ilcd
5bdcd7c8-e3be-5ed0-8a46-efcd09bac16d,,materials,processes/5bdcd7c8-e3be-5ed0-8a46-efcd09bac16d.xml,1,kg,GLO,materials,,,Weaving is a method of textile production in which two distinct sets of yarns or threads are interla,scraped_from_ilcd
d21a6949-6320-57b2-b9ef-ac4f18a24408,,materials,processes/d21a6949-6320-57b2-b9ef-ac4f18a24408.xml,1,kg,GLO,materials,,,"Yarn production activity includes Opening, Cleaning, Blending, Carding, Drafting, combing, roving, s",scraped_from_ilcd
5d708433-6441-5d13-9bb5-f2aad873d588,,materials,processes/5d708433-6441-5d13-9bb5-f2aad873d588.xml,1,kg,GLO,materials,,,"Coating is the application of polymer onto a textile as a paste, foam or viscous liquid. The applica",scraped_from_ilcd
e3c03e58-e839-5510-9f33-84533e1ec038,,materials,processes/e3c03e58-e839-5510-9f33-84533e1ec038.xml,1,kg,GLO,materials,,,"Yarn production activity includes Opening, Cleaning, Blending, Carding, Drafting, combing, roving, s",scraped_from_ilcd
4daef511-0586-55c6-ba6f-af60d35ee04e,,materials,processes/4daef511-0586-55c6-ba6f-af60d35ee04e.xml,1,kg,GLO,materials,,,System boundaries: The dataset describes the tanning and finishing of goat leather. The inventory in,scraped_from_ilcd
2d3290ed-e1bf-5665-8250-19ff5b557cfe,,materials,processes/2d3290ed-e1bf-5665-8250-19ff5b557cfe.xml,1,kg,GLO,materials,,,"While Open End yarn production; electricity, heat energy are consumed and raw material wastes occurs",scraped_from_ilcd
4f45a651-c70a-5c64-8c8f-0cf329ce5f5d,,materials,processes/4f45a651-c70a-5c64-8c8f-0cf329ce5f5d.xml,1,kg,GLO,materials,,,"Yarn production activity includes Opening, Cleaning, Blending, Carding, Drafting, combing, roving, s",scraped_from_ilcd
904d5830-14d3-5ac1-92df-7dcce1fb3673,,materials,processes/904d5830-14d3-5ac1-92df-7dcce1fb3673.xml,1,kg,GLO,materials,,,"Coating is the application of polymer onto a textile as a paste, foam or viscous liquid. The applica",scraped_from_ilcd
7a65dbe3-00b3-5c99-9d82-cce5a27c666a,,materials,processes/7a65dbe3-00b3-5c99-9d82-cce5a27c666a.xml,1,kg,GLO,materials,,,"Colouration of textiles involve a sequential mechanism: migration of dye from bath to fibre surface,",scraped_from_ilcd
23e91371-dace-5808-b98f-835c76ade5f9,,materials,processes/23e91371-dace-5808-b98f-835c76ade5f9.xml,1,kg,GLO,materials,,,"Knitting is a method by which yarn is manipulated to create a textile or fabric.

A user employing t",scraped_from_ilcd
6e8d06d6-9789-5a25-9557-2da128c2145c,,materials,processes/6e8d06d6-9789-5a25-9557-2da128c2145c.xml,1,kg,GLO,materials,,,"For the electricity consumption, different type of textile product printing machine electricity cons",scraped_from_ilcd
c851c18e-d0e5-5cdc-b8ea-8dd36d29fe0c,,materials,processes/c851c18e-d0e5-5cdc-b8ea-8dd36d29fe0c.xml,1,kg,GLO,materials,,,"While Open End yarn production; electricity, heat energy are consumed and raw material wastes occurs",scraped_from_ilcd
a2d5dfe9-795a-532e-8959-63bc6314127c,,materials,processes/a2d5dfe9-795a-532e-8959-63bc6314127c.xml,1,kg,GLO,materials,,,"Colouration of textiles involve a sequential mechanism: migration of dye from bath to fibre surface,",scraped_from_ilcd
90eac302-9cc6-5989-a9c6-a3b4c0a75b03,,materials,processes/90eac302-9cc6-5989-a9c6-a3b4c0a75b03.xml,1,kg,UZ,materials,,,The environmental impact cotton fibre includes cultivation and delintint the Seed cotton. The ginnin,scraped_from_ilcd
29089c06-4dcf-5023-9ce9-279f8fe3db1c,,materials,processes/29089c06-4dcf-5023-9ce9-279f8fe3db1c.xml,1,kg,EU+EFTA+UK,materials,,,The process of twisting is an indispensable means of improving certain yarn properties and satisfyin,scraped_from_ilcd
2cf862b4-590b-5a5f-932b-4feee3bd4d19,,materials,processes/2cf862b4-590b-5a5f-932b-4feee3bd4d19.xml,1,kg,GLO,materials,,,"Yarn production activity includes Opening, Cleaning, Blending, Carding, Drafting, combing, roving, s",scraped_from_ilcd
e11c6be9-8b66-513c-8524-0ddb71b74c61,,materials,processes/e11c6be9-8b66-513c-8524-0ddb71b74c61.xml,1,kg,GLO,materials,,,"Yarn production activity includes Opening, Cleaning, Blending, Carding, Drafting, combing, roving, s",scraped_from_ilcd
9172115d-496a-5b23-b3da-56759116b202,,materials,processes/9172115d-496a-5b23-b3da-56759116b202.xml,1,kg,GLO,materials,,,"While Open End yarn production; electricity, heat energy are consumed and raw material wastes occurs",scraped_from_ilcd
a0f7b9e0-dab4-5b72-a630-49ecd7d1e5cc,,materials,processes/a0f7b9e0-dab4-5b72-a630-49ecd7d1e5cc.xml,1,kg,GLO,materials,,,Knitting is a method by which yarn is manipulated to create a textile or fabric. Seamless knitting r,scraped_from_ilcd
a3fe820e-8123-54ee-a5d1-5fb1c31027e7,,materials,processes/a3fe820e-8123-54ee-a5d1-5fb1c31027e7.xml,1,kg,GLO,materials,,,"While Open End yarn production; electricity, heat energy are consumed and raw material wastes occurs",scraped_from_ilcd
04463b68-b283-5cda-9d81-251c3f72baa2,,materials,processes/04463b68-b283-5cda-9d81-251c3f72baa2.xml,1,kg,GLO,materials,,,"While Open End yarn production; electricity, heat energy are consumed and raw material wastes occurs",scraped_from_ilcd
d1dde906-889d-5fe7-aa6a-d925e35c003a,,materials,processes/d1dde906-889d-5fe7-aa6a-d925e35c003a.xml,1,kg,GLO,materials,,,"This data is production mix of production (according to yarn count) which is commented below :
While",scraped_from_ilcd
ea0f4819-49cc-5743-b358-7aac1629a0b3,,materials,processes/ea0f4819-49cc-5743-b358-7aac1629a0b3.xml,1,kg,GLO,materials,,,"Yarn production activity includes Opening, Cleaning, Blending, Carding, Drafting, combing, roving, s",scraped_from_ilcd
96bd2396-b10f-5488-a86f-cc541dd8878e,,materials,processes/96bd2396-b10f-5488-a86f-cc541dd8878e.xml,1,kg,GLO,materials,,,"Yarn production activity includes Opening, Cleaning, Blending, Carding, Drafting, combing, roving, s",scraped_from_ilcd
b5436449-5afa-5e9e-8084-117e3bd3fb84,,materials,processes/b5436449-5afa-5e9e-8084-117e3bd3fb84.xml,1,kg,GLO,materials,,,"In this model, the foam aplicator for 1 side dyeing is doctor blade coating machine. As the industri",scraped_from_ilcd
a2e0469c-3d9c-5455-84cd-34d0d9606c51,,materials,processes/a2e0469c-3d9c-5455-84cd-34d0d9606c51.xml,1,kg,GLO,materials,,,"This data is production mix of production (according to yarn count) which is commented below :
While",scraped_from_ilcd
2ae9083e-e402-572c-b27c-a5f00fe860b1,,materials,processes/2ae9083e-e402-572c-b27c-a5f00fe860b1.xml,1,kg,GLO,materials,,,"Coating is the application of polymer onto a textile as a paste, foam or viscous liquid. The applica",scraped_from_ilcd
065900f0-33c9-5e97-a79f-e5eddc097c02,,materials,processes/065900f0-33c9-5e97-a79f-e5eddc097c02.xml,1,kg,RO (REGION OCEANIA),materials,,,The process of fiberization can be energy intensive due to the high mechanical pressure required for,scraped_from_ilcd
7536c424-7301-5420-a8a6-93b4b80c5934,,materials,processes/7536c424-7301-5420-a8a6-93b4b80c5934.xml,1,kg,GLO,materials,,,"While Open End yarn production; electricity, heat energy are consumed and raw material wastes occurs",scraped_from_ilcd
ea8d5f23-3ac0-55ec-a044-a9be1187e617,,materials,processes/ea8d5f23-3ac0-55ec-a044-a9be1187e617.xml,1,kg,GLO,materials,,,"Yarn production activity includes Opening, Cleaning, Blending, Carding, Drafting, combing, roving, s",scraped_from_ilcd
3cb2b845-7d0c-599a-816a-68fb1e696253,,materials,processes/3cb2b845-7d0c-599a-816a-68fb1e696253.xml,1,kg,GLO,materials,,,System boundaries: The dataset describes the tanning and finishing of sheep  leather. The inventory ,scraped_from_ilcd
f329aaad-01cb-5e66-8c85-ff3472f1a4d8,,materials,processes/f329aaad-01cb-5e66-8c85-ff3472f1a4d8.xml,1,kg,GLO,materials,,,"While Ring yarn production; electricity, heat energy are consumed and raw material wastes occurs. El",scraped_from_ilcd
eb36e6ea-37bd-5dd5-9a36-ea6a6ba42a10,,materials,processes/eb36e6ea-37bd-5dd5-9a36-ea6a6ba42a10.xml,1,kg,RNA,materials,,,The process of fiberization can be energy intensive due to the high mechanical pressure required for,scraped_from_ilcd
a21d8662-7acd-5295-8f9b-b2b56a2cbb86,,materials,processes/a21d8662-7acd-5295-8f9b-b2b56a2cbb86.xml,1,kg,GLO,materials,,,Batch process conducted in High Pressure Jigger Dyeing machine with maximum temperature of 140°C and,scraped_from_ilcd
bf32bc3f-265f-54e7-a66e-7733e2529ab1,,materials,processes/bf32bc3f-265f-54e7-a66e-7733e2529ab1.xml,1,kg,GLO,materials,,,"Yarn production activity includes Opening, Cleaning, Blending, Carding, Drafting, combing, roving, s",scraped_from_ilcd
7555ff73-eb00-5559-8066-791f84e028d7,,materials,processes/7555ff73-eb00-5559-8066-791f84e028d7.xml,1,kg,GLO,materials,,,The hot cutting knife would melts the polymer filaments of the synthetic fabric precisely. Hot knife,scraped_from_ilcd
06b60362-84d2-514a-be9c-c236defe8375,,materials,processes/06b60362-84d2-514a-be9c-c236defe8375.xml,1,kg,GLO,materials,,,"Yarn production activity includes Opening, Cleaning, Blending, Carding, Drafting, combing, roving, s",scraped_from_ilcd
44e4fe40-cd9a-5089-b45f-2f4745bc9a97,,materials,processes/44e4fe40-cd9a-5089-b45f-2f4745bc9a97.xml,1,kg,GLO,materials,,,Weaving is a method of textile production in which two distinct sets of yarns or threads are interla,scraped_from_ilcd
fa5ed53a-b166-5e43-b444-b7c46872e060,,materials,processes/fa5ed53a-b166-5e43-b444-b7c46872e060.xml,1,kg,GLO,materials,,,"Coating is the application of polymer onto a textile as a paste, foam or viscous liquid. The applica",scraped_from_ilcd
ff606c6b-60f3-560d-8178-58bc4287ba94,,materials,processes/ff606c6b-60f3-560d-8178-58bc4287ba94.xml,1,kg,GLO,materials,,,"Yarn production activity includes Opening, Cleaning, Blending, Carding, Drafting, combing, roving, s",scraped_from_ilcd
8a88d352-a704-5da8-931c-af0d0b5c7765,,materials,processes/8a88d352-a704-5da8-931c-af0d0b5c7765.xml,1,kg,GLO,materials,,,Napping is a mechanical finishing process in which fibers are raised on the surface of a fabric by m,scraped_from_ilcd
9902674d-0b9b-5c6b-be51-0e52286827be,,materials,processes/9902674d-0b9b-5c6b-be51-0e52286827be.xml,1,kg,GLO,materials,,,The environmental impact cotton fibre includes cultivation and delintint the Seed cotton. The ginnin,scraped_from_ilcd
0d455d01-290e-5b5c-a71f-de18e4f63abf,,materials,processes/0d455d01-290e-5b5c-a71f-de18e4f63abf.xml,1,kg,GLO,materials,,,"While Open End and Ring yarn production; electricity, heat energy are consumed and raw material wast",scraped_from_ilcd
50aefb14-aad8-5c9d-9158-170d02635e71,,materials,processes/50aefb14-aad8-5c9d-9158-170d02635e71.xml,1,kg,GLO,materials,,,The hot cutting knife would melts the polymer filaments of the synthetic fabric precisely. Hot knife,scraped_from_ilcd
92b7877c-1725-47a1-af1f-40347ba09ddd,,materials,processes/92b7877c-1725-47a1-af1f-40347ba09ddd.xml,1,kg,DE,materials,,,"The data set represents the incineration of textile waste. 99% are assumed to be cotton, 1% is wool.",scraped_from_ilcd
f82e58c3-354e-5565-8373-3c49b074dda2,,materials,processes/f82e58c3-354e-5565-8373-3c49b074dda2.xml,1,kg,GLO,materials,,,"While Open End yarn production; electricity, heat energy are consumed and raw material wastes occurs",scraped_from_ilcd
96935d34-cd9b-57e7-8da4-b1214582bed7,,materials,processes/96935d34-cd9b-57e7-8da4-b1214582bed7.xml,1,kg,GLO,materials,,,"Yarn production activity includes Opening, Cleaning, Blending, Carding, Drafting, combing, roving, s",scraped_from_ilcd
e5d295d1-4009-5dd1-9725-f7c9f03b8064,,materials,processes/e5d295d1-4009-5dd1-9725-f7c9f03b8064.xml,1,kg,GLO,materials,,,"While Open End yarn production; electricity, heat energy are consumed and raw material wastes occurs",scraped_from_ilcd
bbe813cb-576a-5e29-9ea3-a5314fbf53d4,,materials,processes/bbe813cb-576a-5e29-9ea3-a5314fbf53d4.xml,1,kg,GLO,materials,,,"Yarn production activity includes Opening, Cleaning, Blending, Carding, Drafting, combing, roving, s",scraped_from_ilcd
7f016534-9ccd-533c-bf62-98a432a3ee70,,materials,processes/7f016534-9ccd-533c-bf62-98a432a3ee70.xml,1,kg,GLO,materials,,,"Yarn production activity includes Opening, Cleaning, Blending, Carding, Drafting, combing, roving, s",scraped_from_ilcd
3031ef22-23be-5ad3-9a35-dd8386bafe9b,,materials,processes/3031ef22-23be-5ad3-9a35-dd8386bafe9b.xml,1,kg,GLO,materials,,,"While Open End and Ring yarn production; electricity, heat energy are consumed and raw material wast",scraped_from_ilcd
b1ebbc56-9487-5bf9-9d60-e7fcc9e9a75e,,materials,processes/b1ebbc56-9487-5bf9-9d60-e7fcc9e9a75e.xml,1,kg,GLO,materials,,,The dye used in this model is recipe for reactive dye as this kind of dye is linked to the fabric by,scraped_from_ilcd
6b130522-01d1-5510-8c3f-66e144b53846,,materials,processes/6b130522-01d1-5510-8c3f-66e144b53846.xml,1,kg,GLO,materials,,,"While Open End yarn production; electricity, heat energy are consumed and raw material wastes occurs",scraped_from_ilcd
59aaac55-3932-5478-9593-f2121ec48d55,,materials,processes/59aaac55-3932-5478-9593-f2121ec48d55.xml,1,kg,GLO,materials,,,"Yarn production activity includes Opening, Cleaning, Blending, Carding, Drafting, combing, roving, s",scraped_from_ilcd
1b34bc11-1b22-5b7e-b2d7-ad9cc73fff8d,,materials,processes/1b34bc11-1b22-5b7e-b2d7-ad9cc73fff8d.xml,1,kg,GLO,materials,,,"Yarn production activity includes Opening, Cleaning, Blending, Carding, Drafting, combing, roving, s",scraped_from_ilcd
b17e9f93-46e2-51a2-9149-615b007b1147,,materials,processes/b17e9f93-46e2-51a2-9149-615b007b1147.xml,1,kg,GLO,materials,,,"Yarn production activity includes Opening, Cleaning, Blending, Carding, Drafting, combing, roving, s",scraped_from_ilcd
baaacb95-08c7-52d3-8dd7-f39ce377728f,,materials,processes/baaacb95-08c7-52d3-8dd7-f39ce377728f.xml,1,kg,EU+EFTA+UK,materials,,,A digital textile printer with a spray head is used as a proxy. The available head for the machine i,scraped_from_ilcd
41f7bd98-dcd8-5b83-9606-874fa0ebea82,,materials,processes/41f7bd98-dcd8-5b83-9606-874fa0ebea82.xml,1,kg,GLO,materials,,,"While Open End yarn production; electricity, heat energy are consumed and raw material wastes occurs",scraped_from_ilcd
a6c92231-bf7a-59c1-8116-0035ce5baea8,,materials,processes/a6c92231-bf7a-59c1-8116-0035ce5baea8.xml,1,kg,GLO,materials,,,System boundaries: The dataset describes the tanning and finishing of goat leather. The inventory in,scraped_from_ilcd
3c25c9ba-4e0d-5e5a-9200-9719a342bc3c,,materials,processes/3c25c9ba-4e0d-5e5a-9200-9719a342bc3c.xml,1,kg,GLO,materials,,,"Yarn production activity includes Opening, Cleaning, Blending, Carding, Drafting, combing, roving, s",scraped_from_ilcd
39451f26-57f8-50cf-a685-75d234f30feb,,materials,processes/39451f26-57f8-50cf-a685-75d234f30feb.xml,1,kg,GLO,materials,,,"Yarn production activity includes Opening, Cleaning, Blending, Carding, Drafting, combing, roving, s",scraped_from_ilcd
d118db86-a3d2-5cc1-9053-578887a56c2f,,materials,processes/d118db86-a3d2-5cc1-9053-578887a56c2f.xml,1,kg,BR,materials,,,"This inventory is based on the ecoinvent 3.7.1 dataset  ""fibre production, cotton, ginning GLO"", adj",scraped_from_ilcd
7eaa208f-e663-5443-af99-f9d7a9ce6dba,,materials,processes/7eaa208f-e663-5443-af99-f9d7a9ce6dba.xml,1,kg,GLO,materials,,,"Yarn production activity includes Opening, Cleaning, Blending, Carding, Drafting, combing, roving, s",scraped_from_ilcd
a3c38064-da47-50bd-86ac-92d2a6848fa5,,materials,processes/a3c38064-da47-50bd-86ac-92d2a6848fa5.xml,1,kg,GLO,materials,,,"Yarn production activity includes Opening, Cleaning, Blending, Carding, Drafting, combing, roving, s",scraped_from_ilcd
458ac34d-1acf-5975-b2ba-6dc062b8c1e8,,materials,processes/458ac34d-1acf-5975-b2ba-6dc062b8c1e8.xml,1,kg,GLO,materials,,,System boundaries: The dataset describes the tanning and finishing of goat leather. The inventory in,scraped_from_ilcd
1144e0fd-654e-5635-8aab-e7b1df03954b,,materials,processes/1144e0fd-654e-5635-8aab-e7b1df03954b.xml,1,kg,GLO,materials,,,Australian Wool/Lamb production is taken as basis for alpaca wool production and then adapted to mak,scraped_from_ilcd
cc234fd6-2bdb-509d-84c8-5d62b28da35b,,materials,processes/cc234fd6-2bdb-509d-84c8-5d62b28da35b.xml,1,kg,GLO,materials,,,"Yarn production activity includes Opening, Cleaning, Blending, Carding, Drafting, combing, roving, s",scraped_from_ilcd
62e8e443-e8ca-5b2d-829c-ef1e11acd941,,materials,processes/62e8e443-e8ca-5b2d-829c-ef1e11acd941.xml,1,kg,GLO,materials,,,Weaving is a method of textile production in which two distinct sets of yarns or threads are interla,scraped_from_ilcd
207b817c-2f04-5b88-b0a2-00932eb98482,,materials,processes/207b817c-2f04-5b88-b0a2-00932eb98482.xml,1,kg,GLO,materials,,,"While Open End yarn production; electricity, heat energy are consumed and raw material wastes occurs",scraped_from_ilcd
b492f7a3-af1d-555a-905c-5fdac71bd483,,materials,processes/b492f7a3-af1d-555a-905c-5fdac71bd483.xml,1,kg,GLO,materials,,,In laser etching a machine is used to intricate designs on fabric denim and leather as well as on fi,scraped_from_ilcd
6bd99ebc-b836-56e6-8bd6-264fd2a2bb3d,,materials,processes/6bd99ebc-b836-56e6-8bd6-264fd2a2bb3d.xml,1,kg,ZA,materials,,,"System boundaries include all the stages needed for the processing of raw wool (Scouring, spinning a",scraped_from_ilcd
013f8f4e-b4e6-5ced-98ca-30d44ec38187,,materials,processes/013f8f4e-b4e6-5ced-98ca-30d44ec38187.xml,1,kg,GLO,materials,,,"Yarn production activity includes Opening, Cleaning, Blending, Carding, Drafting, combing, roving, s",scraped_from_ilcd
841a49a8-f5c4-529f-8b93-5e63c9465c33,,materials,processes/841a49a8-f5c4-529f-8b93-5e63c9465c33.xml,1,kg,GLO,materials,,,"Coating is the application of polymer onto a textile as a paste, foam or viscous liquid. The applica",scraped_from_ilcd
0b3c1423-f3d7-5a50-8c22-1bdcdbf5566e,,materials,processes/0b3c1423-f3d7-5a50-8c22-1bdcdbf5566e.xml,1,kg,GLO,materials,,,"Single-end sizing systems are widely used for sizing a wide variety of multifilament yarns, such as ",scraped_from_ilcd
cf3dd2c3-52bd-5b9b-b81e-b6ef50b8daca,,materials,processes/cf3dd2c3-52bd-5b9b-b81e-b6ef50b8daca.xml,1,kg,GLO,materials,,,The dye used in this model is recipe for pigment as pigment do not form any link with fiber. Pigment,scraped_from_ilcd
906b0519-dc0f-5ec0-9aed-12b8d9c5c83f,,materials,processes/906b0519-dc0f-5ec0-9aed-12b8d9c5c83f.xml,1,kg,GLO,materials,,,"There are various scouring agents used in processing of fabrics, out of which the alkaline scouring ",scraped_from_ilcd
e0877c5f-e82f-5b0c-9002-00e4cb242e7b,,materials,processes/e0877c5f-e82f-5b0c-9002-00e4cb242e7b.xml,1,kg,GLO,materials,,,Weaving is a method of textile production in which two distinct sets of yarns or threads are interla,scraped_from_ilcd
d48a7406-309f-50fc-a63f-46e9f159b873,,materials,processes/d48a7406-309f-50fc-a63f-46e9f159b873.xml,1,kg,GLO,materials,,,"This process covers synthetic filament production, cutting of filaments and spinning by open end (ro",scraped_from_ilcd
49cccf9f-897c-5b3f-a66d-444ca66b3d06,,materials,processes/49cccf9f-897c-5b3f-a66d-444ca66b3d06.xml,1,kg,GLO,materials,,,"Yarn production activity includes Opening, Cleaning, Blending, Carding, Drafting, combing, roving, s",scraped_from_ilcd
d94b7afe-6330-5558-9c12-53ed1e4bcac3,,materials,processes/d94b7afe-6330-5558-9c12-53ed1e4bcac3.xml,1,kg,GLO,materials,,,"Knitting is a method by which yarn is manipulated to create a textile or fabric.

A user employing t",scraped_from_ilcd
c42ab298-585c-5bc8-9675-d9944a28b645,,materials,processes/c42ab298-585c-5bc8-9675-d9944a28b645.xml,1,kg,GLO,materials,,,"While Open End yarn production; electricity, heat energy are consumed and raw material wastes occurs",scraped_from_ilcd
c50e3aca-f71d-52b3-8fe6-8aa6aafe47f2,,materials,processes/c50e3aca-f71d-52b3-8fe6-8aa6aafe47f2.xml,1,kg,GLO,materials,,,"Yarn production activity includes Opening, Cleaning, Blending, Carding, Drafting, combing, roving, s",scraped_from_ilcd
806858b6-e03e-5f84-b1e1-aae8eea7e772,,materials,processes/806858b6-e03e-5f84-b1e1-aae8eea7e772.xml,1,kg,GLO,materials,,,"While Open End yarn production; electricity, heat energy are consumed and raw material wastes occurs",scraped_from_ilcd
8978566e-d18e-5ff7-9657-001985058682,,materials,processes/8978566e-d18e-5ff7-9657-001985058682.xml,1,kg,GLO,materials,,,Flame lamination is used to adhere polyurethane foam to a textile material. A web of foam from a sup,scraped_from_ilcd
e1bec9b2-37e6-5aad-b964-9b2d1f2f2a71,,materials,processes/e1bec9b2-37e6-5aad-b964-9b2d1f2f2a71.xml,1,kg,US,materials,,,Ginning is a mechanical process to separate fibers from seeds. This dataset includes the transport f,scraped_from_ilcd
0ee273fd-a56c-58f3-b557-0c5181f95ae9,,materials,processes/0ee273fd-a56c-58f3-b557-0c5181f95ae9.xml,1,kg,GLO,materials,,,"While Open End yarn production; electricity, heat energy are consumed and raw material wastes occurs",scraped_from_ilcd
465e6e34-78c5-5798-b71f-2777376d2046,,materials,processes/465e6e34-78c5-5798-b71f-2777376d2046.xml,1,kg,GLO,materials,,,"Yarn production activity includes Opening, Cleaning, Blending, Carding, Drafting, combing, roving, s",scraped_from_ilcd
ea8e3ed5-b370-51f3-887c-dcd6181817b9,,materials,processes/ea8e3ed5-b370-51f3-887c-dcd6181817b9.xml,1,kg,EU+EFTA+UK,materials,,,The conventional method of spinning core yarns using a ring spinning frame is reported to produce un,scraped_from_ilcd
a3ec0a1f-6932-5f1b-b63e-50aec0ed3d91,,materials,processes/a3ec0a1f-6932-5f1b-b63e-50aec0ed3d91.xml,1,kg,GLO,materials,,,Flame lamination is used to adhere polyurethane foam to a textile material. A web of foam from a sup,scraped_from_ilcd
4fa4c9af-5843-5c52-9ec3-2099fabdc02c,,materials,processes/4fa4c9af-5843-5c52-9ec3-2099fabdc02c.xml,1,kg,GLO,materials,,,"Colouration of textiles involve a sequential mechanism: migration of dye from bath to fibre surface,",scraped_from_ilcd
d5921007-9a9e-58f6-941b-b165dcfd5cc3,,materials,processes/d5921007-9a9e-58f6-941b-b165dcfd5cc3.xml,1,kg,GLO,materials,,,Weaving is a method of textile production in which two distinct sets of yarns or threads are interla,scraped_from_ilcd
3677c63d-fdcc-5b00-b729-748e3565209a,,materials,processes/3677c63d-fdcc-5b00-b729-748e3565209a.xml,1,kg,GLO,materials,,,System boundaries: The dataset describes the tanning and finishing of pig  leather. The inventory in,scraped_from_ilcd
f2e25e37-3a5a-51f9-b2f9-3fa334018eb8,,materials,processes/f2e25e37-3a5a-51f9-b2f9-3fa334018eb8.xml,1,kg,GLO,materials,,,Australian Wool/Lamb production is taken as basis for alpaca wool production and then adapted to mak,scraped_from_ilcd
9f144eaf-8f0c-5a18-9b4e-7c8b1c5aa920,,materials,processes/9f144eaf-8f0c-5a18-9b4e-7c8b1c5aa920.xml,1,kg,GLO,materials,,,"Knitting is a method by which yarn is manipulated to create a textile or fabric.

A user employing t",scraped_from_ilcd
87c209a4-92f3-5494-a659-7bfb595d6370,,materials,processes/87c209a4-92f3-5494-a659-7bfb595d6370.xml,1,kg,GLO,materials,,,Doubling is a process that two or more yarns combined. After doubling yarns are twisted to get stron,scraped_from_ilcd
a0d3e6e6-e065-5db2-92b2-10fd320a7d18,,materials,processes/a0d3e6e6-e065-5db2-92b2-10fd320a7d18.xml,1,kg,GLO,materials,,,"Yarn production activity includes Opening, Cleaning, Blending, Carding, Drafting, combing, roving, s",scraped_from_ilcd
f7a18d40-17d9-56a6-8d57-d53adbc5faba,,materials,processes/f7a18d40-17d9-56a6-8d57-d53adbc5faba.xml,1,kg,AU,materials,,,"System boundaries include all the stages needed for the processing of raw wool (Scouring, spinning a",scraped_from_ilcd
b803b58a-dcd8-5717-8731-af4abb405d5f,,materials,processes/b803b58a-dcd8-5717-8731-af4abb405d5f.xml,1,kg,GLO,materials,,,"In melt spinning, thermoplastic polymer granules are fed into an extruder and then the polymer melt ",scraped_from_ilcd
ddc30ab1-01e5-5e70-95c5-d2acfd2e80bb,,materials,processes/ddc30ab1-01e5-5e70-95c5-d2acfd2e80bb.xml,1,kg,EU+EFTA+UK,materials,,,"Knitting is a method by which yarn is manipulated to create a textile or fabric.

A user employing t",scraped_from_ilcd
a91bc65f-be68-5da5-96a9-44a515e07ca8,,materials,processes/a91bc65f-be68-5da5-96a9-44a515e07ca8.xml,1,kg,GLO,materials,,,Weaving is a method of textile production in which two distinct sets of yarns or threads are interla,scraped_from_ilcd
27b27fa3-47c6-571b-84f3-2b732f2089aa,,materials,processes/27b27fa3-47c6-571b-84f3-2b732f2089aa.xml,1,kg,GLO,materials,,,"Yarn production activity includes Opening, Cleaning, Blending, Carding, Drafting, combing, roving, s",scraped_from_ilcd
4e28584d-6d0c-5ed1-8c2b-5e94ab301b79,,materials,processes/4e28584d-6d0c-5ed1-8c2b-5e94ab301b79.xml,1,kg,GLO,materials,,,"Yarn production activity includes Opening, Cleaning, Blending, Carding, Drafting, combing, roving, s",scraped_from_ilcd
b37e052c-0db4-562b-a419-79798d96485d,,materials,processes/b37e052c-0db4-562b-a419-79798d96485d.xml,1,kg,GLO,materials,,,System boundaries: The dataset describes the tanning and finishing of organic leather. The inventory,scraped_from_ilcd
686422fe-7a69-5abd-b059-f001a688db84,,materials,processes/686422fe-7a69-5abd-b059-f001a688db84.xml,1,kg,GLO,materials,,,"Yarn production activity includes Opening, Cleaning, Blending, Carding, Drafting, combing, roving, s",scraped_from_ilcd
8a9c648a-bd76-5d70-821e-70a23a017e44,,materials,processes/8a9c648a-bd76-5d70-821e-70a23a017e44.xml,1,kg,GLO,materials,,,"While Open End yarn production; electricity, heat energy are consumed and raw material wastes occurs",scraped_from_ilcd
97448ef1-3dbf-549d-a709-9fa4c0ac6dbe,,materials,processes/97448ef1-3dbf-549d-a709-9fa4c0ac6dbe.xml,1,kg,GLO,materials,,,"Yarn production activity includes Opening, Cleaning, Blending, Carding, Drafting, combing, roving, s",scraped_from_ilcd
61228498-142a-5cf9-879a-eb21b0e35324,,materials,processes/61228498-142a-5cf9-879a-eb21b0e35324.xml,1,kg,GLO,materials,,,"The application process, which is done by passing the textile product through the liquor in a bath w",scraped_from_ilcd
a3e35061-14b5-5016-8f12-5e90ad039b12,,materials,processes/a3e35061-14b5-5016-8f12-5e90ad039b12.xml,1,kg,RSA,materials,,,The process of fiberization can be energy intensive due to the high mechanical pressure required for,scraped_from_ilcd
7ce25ad9-adc2-50c8-9a1c-da6f1b60ad7d,,materials,processes/7ce25ad9-adc2-50c8-9a1c-da6f1b60ad7d.xml,1,kg,GLO,materials,,,"Yarn production activity includes Opening, Cleaning, Blending, Carding, Drafting, combing, roving, s",scraped_from_ilcd
354ca99f-5f64-524a-9c40-f83b991c28fd,,materials,processes/354ca99f-5f64-524a-9c40-f83b991c28fd.xml,1,kg,GLO,materials,,,"Yarn production activity includes Opening, Cleaning, Blending, Carding, Drafting, combing, roving, s",scraped_from_ilcd
460ed2ca-cc5c-586a-a581-979ffd562f84,,materials,processes/460ed2ca-cc5c-586a-a581-979ffd562f84.xml,1,kg,GLO,materials,,,"This dataset represent post-industrial wool recycling. Post-industrial waste consists of fibre, yarn",scraped_from_ilcd
dd7d1ba3-f134-5de6-95c5-ca6ef435245a,,materials,processes/dd7d1ba3-f134-5de6-95c5-ca6ef435245a.xml,1,kg,GLO,materials,,,"Yarn production activity includes Opening, Cleaning, Blending, Carding, Drafting, combing, roving, s",scraped_from_ilcd
94934241-ab71-5638-8cec-ab6590968cd0,,materials,processes/94934241-ab71-5638-8cec-ab6590968cd0.xml,1,kg,GLO,materials,,,"This process covers synthetic filament production, cutting of filaments and spinning by open end (ro",scraped_from_ilcd
e751fd33-5ee1-593e-892d-a8f4c986a27f,,materials,processes/e751fd33-5ee1-593e-892d-a8f4c986a27f.xml,1,kg,GLO,materials,,,"In this model,  the machine used for batch process is high temperature winches dyeing machine. The p",scraped_from_ilcd
8305939c-9062-5d21-9f5d-886725fb61df,,materials,processes/8305939c-9062-5d21-9f5d-886725fb61df.xml,1,kg,GLO,materials,,,"While Open End yarn production; electricity, heat energy are consumed and raw material wastes occurs",scraped_from_ilcd
61ddc63d-9f8a-5faf-9146-d92f350ffd14,,materials,processes/61ddc63d-9f8a-5faf-9146-d92f350ffd14.xml,1,kg,UZ,materials,,,The environmental impact cotton fibre includes cultivation and delintint the Seed cotton. The ginnin,scraped_from_ilcd
15e7a2db-8e8b-5179-97e4-b7c54e5fbb28,,materials,processes/15e7a2db-8e8b-5179-97e4-b7c54e5fbb28.xml,1,kg,GLO,materials,,,"This data is production mix of production (according to yarn count) which is commented below :
While",scraped_from_ilcd
630c2a1b-e81e-5acb-8a1b-f3cfde717d99,,materials,processes/630c2a1b-e81e-5acb-8a1b-f3cfde717d99.xml,1,kg,GLO,materials,,,This process is performed in a beam dyer for open width dyeing at high temperature. This process is ,scraped_from_ilcd
742e84c8-4b05-42d1-9499-a543c31fefbc,,materials,processes/742e84c8-4b05-42d1-9499-a543c31fefbc.xml,1,kg,GLO w/o EU+EFTA+UK,materials,,,"Foreground system:
Methacrylic acid and methyl methacrylate are the essential raw materials for pro",scraped_from_ilcd
ec0f11d6-7e35-5e38-8e18-85b0c35b86a2,,materials,processes/ec0f11d6-7e35-5e38-8e18-85b0c35b86a2.xml,1,kg,GLO,materials,,,"Yarn production activity includes Opening, Cleaning, Blending, Carding, Drafting, combing, roving, s",scraped_from_ilcd
aebdcfef-a59f-53d8-aa36-ae1d32d1d025,,materials,processes/aebdcfef-a59f-53d8-aa36-ae1d32d1d025.xml,1,kg,GLO,materials,,,"While Open End yarn production; electricity, heat energy are consumed and raw material wastes occurs",scraped_from_ilcd
2bab9081-c7db-575e-a44c-554e5e99cc55,,materials,processes/2bab9081-c7db-575e-a44c-554e5e99cc55.xml,1,kg,GLO,materials,,,"While Open End yarn production; electricity, heat energy are consumed and raw material wastes occurs",scraped_from_ilcd
7a145010-f6fb-5e8e-b13d-39d227e2d71a,,materials,processes/7a145010-f6fb-5e8e-b13d-39d227e2d71a.xml,1,kg,GLO,materials,,,"Colouration of textiles involve a sequential mechanism: migration of dye from bath to fibre surface,",scraped_from_ilcd
9eac0d1e-e894-5868-a67a-61174061f0f6,,materials,processes/9eac0d1e-e894-5868-a67a-61174061f0f6.xml,1,kg,GLO,materials,,,Doubling is a process that two or more yarns combined. After doubling yarns are twisted to get stron,scraped_from_ilcd
71eccd7d-1bcc-53ab-afbd-fe4163bba6ce,,materials,processes/71eccd7d-1bcc-53ab-afbd-fe4163bba6ce.xml,1,kg,GLO,materials,,,"Yarn production activity includes Opening, Cleaning, Blending, Carding, Drafting, combing, roving, s",scraped_from_ilcd
23948739-38d4-5398-b664-04985c888b2a,,materials,processes/23948739-38d4-5398-b664-04985c888b2a.xml,1,kg,GLO,materials,,,"Colouration of textiles involve a sequential mechanism: migration of dye from bath to fibre surface,",scraped_from_ilcd
7d9789c3-940a-5ff2-90f9-1f31d53a3ee0,,materials,processes/7d9789c3-940a-5ff2-90f9-1f31d53a3ee0.xml,1,kg,GLO,materials,,,"Yarn production activity includes Opening, Cleaning, Blending, Carding, Drafting, combing, roving, s",scraped_from_ilcd
083caf2d-b287-50eb-a506-eef956219ae1,,materials,processes/083caf2d-b287-50eb-a506-eef956219ae1.xml,1,kg,EU+EFTA+UK,materials,,,System boundaries: The dataset describes the tanning and finishing of cattle leather. The inventory ,scraped_from_ilcd
7a10113e-0153-5fc4-a53e-519fb83af1d5,,materials,processes/7a10113e-0153-5fc4-a53e-519fb83af1d5.xml,1,kg,GLO,materials,,,"While Open End yarn production; electricity, heat energy are consumed and raw material wastes occurs",scraped_from_ilcd
f1994255-3ac3-5838-9918-8436587f54be,,materials,processes/f1994255-3ac3-5838-9918-8436587f54be.xml,1,kg,GLO,materials,,,"While Open End yarn production; electricity, heat energy are consumed and raw material wastes occurs",scraped_from_ilcd
87160f86-8765-562f-95e6-640d0ea93eef,,materials,processes/87160f86-8765-562f-95e6-640d0ea93eef.xml,1,kg,EU+EFTA+UK,materials,,,The process of fiberization can be energy intensive due to the high mechanical pressure required for,scraped_from_ilcd
d1c6a8b8-c061-5b02-8751-7860abb51d82,,materials,processes/d1c6a8b8-c061-5b02-8751-7860abb51d82.xml,1,kg,GLO,materials,,,Knitting is a method by which yarn is manipulated to create a textile or fabric. Warp knitting is de,scraped_from_ilcd
037bd979-ace0-4eef-afd7-3721dfeb4c2b,,materials,processes/037bd979-ace0-4eef-afd7-3721dfeb4c2b.xml,1,kg,AT,materials,,,"The data set represents the incineration of textile waste. 99% are assumed to be cotton, 1% is wool.",scraped_from_ilcd
56b48a1a-cdec-5db4-9d59-52c03c6e4552,,materials,processes/56b48a1a-cdec-5db4-9d59-52c03c6e4552.xml,1,kg,GLO,materials,,,"While Open End yarn production; electricity, heat energy are consumed and raw material wastes occurs",scraped_from_ilcd
6997043c-3d6b-52c7-bdf6-2b0ec36f5181,,materials,processes/6997043c-3d6b-52c7-bdf6-2b0ec36f5181.xml,1,kg,GLO,materials,,,"This process covers synthetic filament production, cutting of filaments and spinning by open end (ro",scraped_from_ilcd
78423ae0-aae3-5ae4-bfe3-5363b25bbccc,,materials,processes/78423ae0-aae3-5ae4-bfe3-5363b25bbccc.xml,1,kg,GLO,materials,,,"While Open End yarn production; electricity, heat energy are consumed and raw material wastes occurs",scraped_from_ilcd
0d6494c2-8003-587f-a03f-cf245a34db76,,materials,processes/0d6494c2-8003-587f-a03f-cf245a34db76.xml,1,kg,GLO,materials,,,"Colouration of textiles involve a sequential mechanism: migration of dye from bath to fibre surface,",scraped_from_ilcd
4bb45c5d-cb9e-53b8-b8a5-abb308a227f6,,materials,processes/4bb45c5d-cb9e-53b8-b8a5-abb308a227f6.xml,1,kg,GLO,materials,,,The dye used in this model is recipe for disperse dye as this kind of dye is attached to the fabric ,scraped_from_ilcd
6207b473-3855-5af0-a2ce-1162a0215853,,materials,processes/6207b473-3855-5af0-a2ce-1162a0215853.xml,1,kg,GLO,materials,,,"In this model, the baseline is formed by 30% knitted polyester fabric. The coating, which makes up 6",scraped_from_ilcd
95200bb4-08e0-5004-a12f-44358690da74,,materials,processes/95200bb4-08e0-5004-a12f-44358690da74.xml,1,kg,GLO,materials,,,"In the textile and apparel industry, there are numerous examples of recycling collection and process",scraped_from_ilcd
aaf87347-3e9d-5f58-a16f-1edc83c9d17a,,materials,processes/aaf87347-3e9d-5f58-a16f-1edc83c9d17a.xml,1,kg,GLO,materials,,,"For the electricity consumption, different type of textile product printing machine electricity cons",scraped_from_ilcd
cb6de4ef-9e82-53f3-a9b0-7c854f745ce8,,materials,processes/cb6de4ef-9e82-53f3-a9b0-7c854f745ce8.xml,1,kg,GLO,materials,,,"Mechanical Finishing processes are used for this model, i.e Buffing/dedusting and embossing/plating ",scraped_from_ilcd
406b6e5d-979e-5d89-9822-c6fb0cfc6137,,materials,processes/406b6e5d-979e-5d89-9822-c6fb0cfc6137.xml,1,kg,GLO,materials,,,"Knitting is a method by which yarn is manipulated to create a textile or fabric.

A user employing t",scraped_from_ilcd
1b5bfa2a-494d-5f0a-a725-6f002298e9aa,,materials,processes/1b5bfa2a-494d-5f0a-a725-6f002298e9aa.xml,1,kg,GLO,materials,,,"Post-consumer viscose fibre textiles are collected and transported to sorting facilities, where non-",scraped_from_ilcd
e8829f51-d747-5b8d-b4ef-9f651d2a549b,,materials,processes/e8829f51-d747-5b8d-b4ef-9f651d2a549b.xml,1,kg,GLO,materials,,,"In the textile and apparel industry, there are numerous examples of recycling collection and process",scraped_from_ilcd
07c761f0-7cf0-5a25-871c-0109a6a02c12,,materials,processes/07c761f0-7cf0-5a25-871c-0109a6a02c12.xml,1,kg,GLO,materials,,,"Yarn production activity includes Opening, Cleaning, Blending, Carding, Drafting, combing, roving, s",scraped_from_ilcd
96b0a787-9b2f-55ce-a0d1-dd71b01c0337,,materials,processes/96b0a787-9b2f-55ce-a0d1-dd71b01c0337.xml,1,kg,GLO,materials,,,"Yarn production activity includes Opening, Cleaning, Blending, Carding, Drafting, combing, roving, s",scraped_from_ilcd
23755e70-677e-573f-a829-3320f5594972,,materials,processes/23755e70-677e-573f-a829-3320f5594972.xml,1,kg,GLO,materials,,,"Instead of liquid polyester, polyester granules data is used in the model due to lack of data. For t",scraped_from_ilcd
2ea78462-c137-5cde-9fba-34ec18788f8a,,materials,processes/2ea78462-c137-5cde-9fba-34ec18788f8a.xml,1,kg,GLO,materials,,,"Yarn production activity includes Opening, Cleaning, Blending, Carding, Drafting, combing, roving, s",scraped_from_ilcd
6c0a5647-0d5e-5787-b6b5-5e7b85ce5fb1,,materials,processes/6c0a5647-0d5e-5787-b6b5-5e7b85ce5fb1.xml,1,kg,GLO,materials,,,Weaving is a method of textile production in which two distinct sets of yarns or threads are interla,scraped_from_ilcd
e6b93820-c454-5d16-9eb8-a0920bfa8caa,,materials,processes/e6b93820-c454-5d16-9eb8-a0920bfa8caa.xml,1,kg,GLO,materials,,,"Yarn production activity includes Opening, Cleaning, Blending, Carding, Drafting, combing, roving, s",scraped_from_ilcd
2cf985b3-750e-57bc-b283-b52eafa27fd6,,materials,processes/2cf985b3-750e-57bc-b283-b52eafa27fd6.xml,1,kg,GLO,materials,,,Australian Wool/Lamb production is taken as basis for alpaca wool production and then adapted to mak,scraped_from_ilcd
9876b633-0b40-567b-9f51-8891f28f0a3e,,materials,processes/9876b633-0b40-567b-9f51-8891f28f0a3e.xml,1,kg,US,materials,,,Ginning is a mechanical process to separate fibers from seeds. This dataset includes the transport f,scraped_from_ilcd
b5d094c3-6691-57b3-96e2-16b2f559a4bb,,materials,processes/b5d094c3-6691-57b3-96e2-16b2f559a4bb.xml,1,kg,GLO,materials,,,"Coating is the application of polymer onto a textile as a paste, foam or viscous liquid. The applica",scraped_from_ilcd
c77a84b0-1c85-5c06-9396-19e434876604,,materials,processes/c77a84b0-1c85-5c06-9396-19e434876604.xml,1,kg,GLO,materials,,,"Yarn production activity includes Opening, Cleaning, Blending, Carding, Drafting, combing, roving, s",scraped_from_ilcd
a14045a3-1a01-5a4b-9a87-e731b06c7a9f,,materials,processes/a14045a3-1a01-5a4b-9a87-e731b06c7a9f.xml,1,kg,GLO,materials,,,"Colouration of textiles involve a sequential mechanism: migration of dye from bath to fibre surface,",scraped_from_ilcd
53be8fea-2dbd-5592-be69-b9faf3f45aa9,,materials,processes/53be8fea-2dbd-5592-be69-b9faf3f45aa9.xml,1,kg,GLO,materials,,,"Yarn production activity includes Opening, Cleaning, Blending, Carding, Drafting, combing, roving, s",scraped_from_ilcd
f1d21d42-110b-5230-883a-490573586e1d,,materials,processes/f1d21d42-110b-5230-883a-490573586e1d.xml,1,kg,RNA,materials,,,The process of fiberization can be energy intensive due to the high mechanical pressure required for,scraped_from_ilcd
bbdef578-257d-5920-b3e7-d954b8a9f714,,materials,processes/bbdef578-257d-5920-b3e7-d954b8a9f714.xml,1,kg,GLO,materials,,,Textile preparation processes are the first class of wet processes for textiles. Pretreatment proces,scraped_from_ilcd
01de545d-3ec6-50e0-9641-8544c4a8dcd5,,materials,processes/01de545d-3ec6-50e0-9641-8544c4a8dcd5.xml,1,kg,GLO,materials,,,"In some cases, textiles should be hydrophobic (water repellent), while other applications require hy",scraped_from_ilcd
d9bf0ffd-e6b4-516b-a130-1e81773ae082,,materials,processes/d9bf0ffd-e6b4-516b-a130-1e81773ae082.xml,1,kg,GLO,materials,,,"This data is production mix of production (according to yarn count) which is commented below :
While",scraped_from_ilcd
e7dc4478-a95b-5fb2-b9ba-7a6a2e353981,,materials,processes/e7dc4478-a95b-5fb2-b9ba-7a6a2e353981.xml,1,kg,GLO,materials,,,"Yarn production activity includes Opening, Cleaning, Blending, Carding, Drafting, combing, roving, s",scraped_from_ilcd
268dba91-12a2-57ee-8f13-60fe01c1d2ad,,materials,processes/268dba91-12a2-57ee-8f13-60fe01c1d2ad.xml,1,kg,GLO,materials,,,"In general, PET and nylon threads are used for apparel production. So, this data represents producti",scraped_from_ilcd
beddc13b-622e-5be5-a6f5-59ea39c64455,,materials,processes/beddc13b-622e-5be5-a6f5-59ea39c64455.xml,1,kg,GLO,materials,,,"Colouration of textiles involve a sequential mechanism: migration of dye from bath to fibre surface,",scraped_from_ilcd
5196869e-8939-5df7-bd3a-f1f920e3f673,,materials,processes/5196869e-8939-5df7-bd3a-f1f920e3f673.xml,1,kg,GLO,materials,,,Shearing is a finishing process in textile manufacturing. The raised nap of a pile fabric are cut to,scraped_from_ilcd
7e25294b-add4-5e3c-9fa1-ec39ae563149,,materials,processes/7e25294b-add4-5e3c-9fa1-ec39ae563149.xml,1,kg,RAF,materials,,,The process of fiberization can be energy intensive due to the high mechanical pressure required for,scraped_from_ilcd
39e4658a-323e-5b9f-a6a4-5c78cfbc4c35,,materials,processes/39e4658a-323e-5b9f-a6a4-5c78cfbc4c35.xml,1,kg,GLO,materials,,,"Yarn production activity includes Opening, Cleaning, Blending, Carding, Drafting, combing, roving, s",scraped_from_ilcd
76296be7-11b8-5390-9fbf-e7498d923e17,,materials,processes/76296be7-11b8-5390-9fbf-e7498d923e17.xml,1,kg,GLO,materials,,,Painting using Painting/Spray Booth machine mainly used in the finishing stage of the shoe industry ,scraped_from_ilcd
ad05e1bb-38fe-52a2-b26f-2ed6716e4dd4,,materials,processes/ad05e1bb-38fe-52a2-b26f-2ed6716e4dd4.xml,1,kg,GLO,materials,,,"Yarn production activity includes Opening, Cleaning, Blending, Carding, Drafting, combing, roving, s",scraped_from_ilcd
ad1e3a7a-cd61-4a3e-9eae-5e542befc554,,materials,processes/ad1e3a7a-cd61-4a3e-9eae-5e542befc554.xml,1,kg,NL,materials,,,"The data set represents the incineration of textile waste. 99% are assumed to be cotton, 1% is wool.",scraped_from_ilcd
60c0d680-c386-5c5a-be40-e0faa3cd664e,,materials,processes/60c0d680-c386-5c5a-be40-e0faa3cd664e.xml,1,kg,KG,materials,,,Ginning is a mechanical process to separate fibers from seeds. This dataset includes the transport f,scraped_from_ilcd
fdc0bffa-87a5-5c8f-9653-a7f267e7d517,,materials,processes/fdc0bffa-87a5-5c8f-9653-a7f267e7d517.xml,1,kg,GLO,materials,,,"In melt spinning, thermoplastic polymer granules are fed into an extruder and then the polymer melt ",scraped_from_ilcd
ce92ff89-1e0c-5877-91cb-75f3dc8522ed,,materials,processes/ce92ff89-1e0c-5877-91cb-75f3dc8522ed.xml,1,kg,GLO,materials,,,"While Open End yarn production; electricity, heat energy are consumed and raw material wastes occurs",scraped_from_ilcd
9626c78f-893e-56b3-a045-a18a92c99957,,materials,processes/9626c78f-893e-56b3-a045-a18a92c99957.xml,1,kg,GLO,materials,,,"Yarn production activity includes Opening, Cleaning, Blending, Carding, Drafting, combing, roving, s",scraped_from_ilcd
7df724ab-f8b4-5b68-a66b-0e6faefededf,,materials,processes/7df724ab-f8b4-5b68-a66b-0e6faefededf.xml,1,kg,GLO,materials,,,"Coating is the application of polymer onto a textile as a paste, foam or viscous liquid. The applica",scraped_from_ilcd
14c31b99-cbe9-5fb5-8d3b-06171bd20f75,,materials,processes/14c31b99-cbe9-5fb5-8d3b-06171bd20f75.xml,1,kg,GLO,materials,,,Weaving is a method of textile production in which two distinct sets of yarns or threads are interla,scraped_from_ilcd
c67d1485-0555-53d9-afb8-fdaf8a71a442,,materials,processes/c67d1485-0555-53d9-afb8-fdaf8a71a442.xml,1,kg,EU+EFTA+UK,materials,,,"Knitting is a method by which yarn is manipulated to create a textile or fabric.

A user employing t",scraped_from_ilcd
e7bc66f5-25e7-5c7d-99c0-a7246b759f48,,materials,processes/e7bc66f5-25e7-5c7d-99c0-a7246b759f48.xml,1,kg,EU+EFTA+UK,materials,,,Tufting is a type of textile weaving in which a thread is inserted on a primary base. A woven fabric,scraped_from_ilcd
795c55da-26b4-524b-a080-adc7ce4bf665,,materials,processes/795c55da-26b4-524b-a080-adc7ce4bf665.xml,1,kg,GLO,materials,,,"While Open End yarn production; electricity, heat energy are consumed and raw material wastes occurs",scraped_from_ilcd
25498bca-ff49-5fa8-9a40-7038cd264bcf,,materials,processes/25498bca-ff49-5fa8-9a40-7038cd264bcf.xml,1,kg,GLO,materials,,,Heat-setting process involves subjecting the fabric to dry hot air or steam heating for a few minute,scraped_from_ilcd
e5a22e6e-dfa3-5302-aa14-eb3453fe7228,,materials,processes/e5a22e6e-dfa3-5302-aa14-eb3453fe7228.xml,1,kg,GLO,materials,,,The environmental impact cotton fibre includes cultivation and delintint the Seed cotton. The ginnin,scraped_from_ilcd
fa7457c8-717c-51c5-8e64-7f8fd9a6606f,,materials,processes/fa7457c8-717c-51c5-8e64-7f8fd9a6606f.xml,1,kg,EU+EFTA+UK,materials,,,The process of twisting is an indispensable means of improving certain yarn properties and satisfyin,scraped_from_ilcd
46298edc-97fe-5799-9f28-0e4fafe24ce8,,materials,processes/46298edc-97fe-5799-9f28-0e4fafe24ce8.xml,1,kg,GLO,materials,,,"Yarn production activity includes Opening, Cleaning, Blending, Carding, Drafting, combing, roving, s",scraped_from_ilcd
da703aac-ce88-5bb5-a31a-59de19440b5f,,materials,processes/da703aac-ce88-5bb5-a31a-59de19440b5f.xml,1,kg,GLO,materials,,,"In dope dyeing method, pigment is extruded along with the melted polymer so that the resulting yarn ",scraped_from_ilcd
87e8c6e8-6fed-54ef-ad0e-93d819bc0d44,,materials,processes/87e8c6e8-6fed-54ef-ad0e-93d819bc0d44.xml,1,kg,TJ,materials,,,Ginning is a mechanical process to separate fibers from seeds. This dataset includes the transport f,scraped_from_ilcd
7049c6be-50be-56c9-913d-bfe4b6d63c6f,,materials,processes/7049c6be-50be-56c9-913d-bfe4b6d63c6f.xml,1,kg,GLO,materials,,,"In this model, the baseline is formed by 30% knitted polyester fabric. The coating, which makes up 6",scraped_from_ilcd
f127eb09-827d-5541-a501-67295a708104,,materials,processes/f127eb09-827d-5541-a501-67295a708104.xml,1,kg,GLO,materials,,,"Yarn production activity includes Opening, Cleaning, Blending, Carding, Drafting, combing, roving, s",scraped_from_ilcd
1f102158-c84c-5ff1-8e05-78c1685fafcf,,materials,processes/1f102158-c84c-5ff1-8e05-78c1685fafcf.xml,1,kg,GLO,materials,,,"Yarn production activity includes Opening, Cleaning, Blending, Carding, Drafting, combing, roving, s",scraped_from_ilcd
aa5a9a6c-dae2-5526-b9c0-06366ee9d227,,materials,processes/aa5a9a6c-dae2-5526-b9c0-06366ee9d227.xml,1,kg,GLO,materials,,,"Yarn production activity includes Opening, Cleaning, Blending, Carding, Drafting, combing, roving, s",scraped_from_ilcd
dd8db5fb-bc71-5ebd-8711-cab0fa16dbe0,,materials,processes/dd8db5fb-bc71-5ebd-8711-cab0fa16dbe0.xml,1,kg,GLO,materials,,,Australian Wool/Lamb production is taken as basis for alpaca wool production and then adapted to mak,scraped_from_ilcd
50592825-e26b-5367-a994-f9381b395af4,,materials,processes/50592825-e26b-5367-a994-f9381b395af4.xml,1,kg,GLO,materials,,,"The recycling yield is 98%, therefore a waste cotton input of 1.02 kg has to be added.",scraped_from_ilcd
397821cf-7ec0-551e-b03c-d07ab9363661,,materials,processes/397821cf-7ec0-551e-b03c-d07ab9363661.xml,1,kg,GLO,materials,,,"Calendering of textiles is a finishing process used to smooth, coat, or thin a material. With textil",scraped_from_ilcd
f694906d-6e96-5d1d-aa70-fcea14b77601,,materials,processes/f694906d-6e96-5d1d-aa70-fcea14b77601.xml,1,kg,GLO,materials,,,"Yarn production activity includes Opening, Cleaning, Blending, Carding, Drafting, combing, roving, s",scraped_from_ilcd
1b41e5e9-2a12-574f-8124-702a5b9af678,,materials,processes/1b41e5e9-2a12-574f-8124-702a5b9af678.xml,1,kg,GLO,materials,,,"Yarn production activity includes Opening, Cleaning, Blending, Carding, Drafting, combing, roving, s",scraped_from_ilcd
e92a1393-6fb2-5953-ae40-e0f73b78724b,,materials,processes/e92a1393-6fb2-5953-ae40-e0f73b78724b.xml,1,kg,GLO,materials,,,"Knitting is a method by which yarn is manipulated to create a textile or fabric.

A user employing t",scraped_from_ilcd
9fad2fb0-b1cb-5c5c-9ff7-eb735139c2c7,,materials,processes/9fad2fb0-b1cb-5c5c-9ff7-eb735139c2c7.xml,1,kg,GLO,materials,,,"While Open End yarn production; electricity, heat energy are consumed and raw material wastes occurs",scraped_from_ilcd
70052074-454e-54e5-ac28-ef5ac83155ff,,materials,processes/70052074-454e-54e5-ac28-ef5ac83155ff.xml,1,kg,GLO,materials,,,"This data is production mix of production (according to yarn count) which is commented below :
While",scraped_from_ilcd
9a85cb61-5461-5fc7-a1d3-24f9bca4670c,,materials,processes/9a85cb61-5461-5fc7-a1d3-24f9bca4670c.xml,1,kg,EU+EFTA+UK,materials,,,Weaving is a method of textile production in which two distinct sets of yarns or threads are interla,scraped_from_ilcd
f14e29e5-53d7-55bf-adc0-a2e30bf94c05,,materials,processes/f14e29e5-53d7-55bf-adc0-a2e30bf94c05.xml,1,kg,GLO,materials,,,"Yarn production activity includes Opening, Cleaning, Blending, Carding, Drafting, combing, roving, s",scraped_from_ilcd
356fbb75-0002-5f8a-bc4b-3bdb7c971878,,materials,processes/356fbb75-0002-5f8a-bc4b-3bdb7c971878.xml,1,kg,GLO,materials,,,"Plastic shoe eyelet production covers nylon raw materials and extrusion process.

Waste processing m",scraped_from_ilcd
cb1d1dd5-5903-528b-839e-aa18e474ae29,,materials,processes/cb1d1dd5-5903-528b-839e-aa18e474ae29.xml,1,kg,GLO,materials,,,The dye used in this model is recipe for pigment as pigment do not form any link with fiber. Pigment,scraped_from_ilcd
285b4e02-0141-5ff8-9a03-922149a9153b,,materials,processes/285b4e02-0141-5ff8-9a03-922149a9153b.xml,1,kg,GLO,materials,,,System boundaries: The dataset describes the tanning and finishing of veal  leather. The inventory i,scraped_from_ilcd
363fc0e2-0fed-5df3-a48a-f977e8a7212a,,materials,processes/363fc0e2-0fed-5df3-a48a-f977e8a7212a.xml,1,kg,GLO,materials,,,"While Open End yarn production; electricity, heat energy are consumed and raw material wastes occurs",scraped_from_ilcd
679ab63d-78b4-596c-a35f-ff00623dbfbc,,materials,processes/679ab63d-78b4-596c-a35f-ff00623dbfbc.xml,1,kg,GLO,materials,,,"This data is production mix of production (according to yarn count) which is commented below :
While",scraped_from_ilcd
a1de0a62-a6d2-567e-971b-ee5359e7517f,,materials,processes/a1de0a62-a6d2-567e-971b-ee5359e7517f.xml,1,kg,GLO,materials,,,"Knitting is a method by which yarn is manipulated to create a textile or fabric.

A user employing t",scraped_from_ilcd
a2434fa6-7993-5a43-a3df-96c195ff298b,,materials,processes/a2434fa6-7993-5a43-a3df-96c195ff298b.xml,1,kg,GLO,materials,,,"Yarn production activity includes Opening, Cleaning, Blending, Carding, Drafting, combing, roving, s",scraped_from_ilcd
7dabff5d-dd07-5fdf-8ce1-ba9afa0e3710,,materials,processes/7dabff5d-dd07-5fdf-8ce1-ba9afa0e3710.xml,1,kg,GLO,materials,,,"The compacting machine is a knitted fabric shrinkage control machine, which can compact the fabric i",scraped_from_ilcd
b4073106-d5e3-5099-8244-b87400d09e9c,,materials,processes/b4073106-d5e3-5099-8244-b87400d09e9c.xml,1,kg,GLO,materials,,,Heat-setting process involves subjecting the fabric to dry hot air or steam heating for a few minute,scraped_from_ilcd
f1fc550a-aa90-536e-88ba-368acc782764,,materials,processes/f1fc550a-aa90-536e-88ba-368acc782764.xml,1,kg,EU+EFTA+UK,materials,,,A digital textile printer with a spray head is used as a proxy. The available head for the machine i,scraped_from_ilcd
d6154298-5ad4-5d0c-91bd-a6a1aefe6012,,materials,processes/d6154298-5ad4-5d0c-91bd-a6a1aefe6012.xml,1,kg,GLO,materials,,,"Yarn production activity includes Opening, Cleaning, Blending, Carding, Drafting, combing, roving, s",scraped_from_ilcd
6fa99744-0314-5f1a-82ab-763d3875c77d,,materials,processes/6fa99744-0314-5f1a-82ab-763d3875c77d.xml,1,kg,GLO,materials,,,"Yarn production activity includes Opening, Cleaning, Blending, Carding, Drafting, combing, roving, s",scraped_from_ilcd
62b02560-dbf5-53a3-b096-2f9ce4124048,,materials,processes/62b02560-dbf5-53a3-b096-2f9ce4124048.xml,1,kg,GLO,materials,,,"Raising process, raises the surface fibers of a fabric by means of passage over rapidly revolving cy",scraped_from_ilcd
81fdad25-f61c-5f49-951c-850c81a0e665,,materials,processes/81fdad25-f61c-5f49-951c-850c81a0e665.xml,1,kg,GLO,materials,,,"Yarn production activity includes Opening, Cleaning, Blending, Carding, Drafting, combing, roving, s",scraped_from_ilcd
4cdca07c-1b4c-5558-81c5-d6b2e74d3e1c,,materials,processes/4cdca07c-1b4c-5558-81c5-d6b2e74d3e1c.xml,1,kg,KG,materials,,,Ginning is a mechanical process to separate fibers from seeds. This dataset includes the transport f,scraped_from_ilcd
805e94d8-9c6a-5bb3-8605-09c7961599c1,,materials,processes/805e94d8-9c6a-5bb3-8605-09c7961599c1.xml,1,kg,GLO,materials,,,"Coating is the application of polymer onto a textile as a paste, foam or viscous liquid. The applica",scraped_from_ilcd
30330988-7800-5b4b-9cda-2ad01922fb78,,materials,processes/30330988-7800-5b4b-9cda-2ad01922fb78.xml,1,kg,GLO,materials,,,"Coating is the application of polymer onto a textile as a paste, foam or viscous liquid. The applica",scraped_from_ilcd
57f1c71a-e863-5f6c-9cf0-a2d4a17d36a9,,materials,processes/57f1c71a-e863-5f6c-9cf0-a2d4a17d36a9.xml,1,kg,KG,materials,,,Ginning is a mechanical process to separate fibers from seeds. This dataset includes the transport f,scraped_from_ilcd
5d2730b4-e84c-5eca-8ed1-0d64dfea9448,,materials,processes/5d2730b4-e84c-5eca-8ed1-0d64dfea9448.xml,1,kg,GLO,materials,,,"Yarn production activity includes Opening, Cleaning, Blending, Carding, Drafting, combing, roving, s",scraped_from_ilcd
6db1507f-274a-53be-870e-bca23a1e8afb,,materials,processes/6db1507f-274a-53be-870e-bca23a1e8afb.xml,1,kg,GLO,materials,,,Weaving is a method of textile production in which two distinct sets of yarns or threads are interla,scraped_from_ilcd
94424cb5-613f-5660-9ae8-a550fcb1db97,,materials,processes/94424cb5-613f-5660-9ae8-a550fcb1db97.xml,1,kg,PK,materials,,,Ginning is a mechanical process to separate fibers from seeds. This dataset includes the transport f,scraped_from_ilcd
98ed493b-43b3-5806-bb6c-fb15d830ac2c,,materials,processes/98ed493b-43b3-5806-bb6c-fb15d830ac2c.xml,1,kg,EG,materials,,,The environmental impact cotton fibre includes cultivation and delintint the Seed cotton. The ginnin,scraped_from_ilcd
525274b4-4f30-5a85-8c5d-a4dfe36c0b50,,materials,processes/525274b4-4f30-5a85-8c5d-a4dfe36c0b50.xml,1,kg,GLO,materials,,,"Yarn production activity includes Opening, Cleaning, Blending, Carding, Drafting, combing, roving, s",scraped_from_ilcd
c0d99c74-0b8a-53af-98d8-196136ed1680,,materials,processes/c0d99c74-0b8a-53af-98d8-196136ed1680.xml,1,kg,GLO,materials,,,"Yarn production activity includes Opening, Cleaning, Blending, Carding, Drafting, combing, roving, s",scraped_from_ilcd
204b02d7-e18b-5673-b436-567236f0f87a,,materials,processes/204b02d7-e18b-5673-b436-567236f0f87a.xml,1,kg,GLO,materials,,,"Knitting is a method by which yarn is manipulated to create a textile or fabric.

A user employing t",scraped_from_ilcd
8afaff63-59b5-5d6d-9016-af22aeee7596,,materials,processes/8afaff63-59b5-5d6d-9016-af22aeee7596.xml,1,kg,GLO,materials,,,Weaving is a method of textile production in which two distinct sets of yarns or threads are interla,scraped_from_ilcd
cb3458d2-5afa-5d2d-b316-2b63369d4a00,,materials,processes/cb3458d2-5afa-5d2d-b316-2b63369d4a00.xml,1,kg,GLO,materials,,,"Yarn production activity includes Opening, Cleaning, Blending, Carding, Drafting, combing, roving, s",scraped_from_ilcd
f387875e-c186-53bf-b9b7-77b589d43aea,,materials,processes/f387875e-c186-53bf-b9b7-77b589d43aea.xml,1,kg,GLO,materials,,,"Knitting is a method by which yarn is manipulated to create a textile or fabric.

A user employing t",scraped_from_ilcd
89fbfa58-5ea3-5062-a2e6-674e80c92da5,,materials,processes/89fbfa58-5ea3-5062-a2e6-674e80c92da5.xml,1,kg,GLO,materials,,,"Yarn production activity includes Opening, Cleaning, Blending, Carding, Drafting, combing, roving, s",scraped_from_ilcd
71302927-7d6b-5db7-8cf4-6b1d18d5fb10,,materials,processes/71302927-7d6b-5db7-8cf4-6b1d18d5fb10.xml,1,kg,GLO,materials,,,The combing process is especially of value with longer cottons where the extreme varia_x0002_tion in,scraped_from_ilcd
9bafc854-ad06-5e21-8aee-76e411d71497,,materials,processes/9bafc854-ad06-5e21-8aee-76e411d71497.xml,1,kg,IN,materials,,,Ginning is a mechanical process to separate fibers from seeds. This dataset includes the transport f,scraped_from_ilcd
199bb8cf-af80-58c2-bcde-00e827fa08b0,,materials,processes/199bb8cf-af80-58c2-bcde-00e827fa08b0.xml,1,kg,GLO,materials,,,Textile preparation processes are the first class of wet processes for textiles.  Pretreatment proce,scraped_from_ilcd
95565ba4-79ea-5afc-b941-b2bccb47e82c,,materials,processes/95565ba4-79ea-5afc-b941-b2bccb47e82c.xml,1,kg,GLO,materials,,,Knitting is a method by which yarn is manipulated to create a textile or fabric. Circular knitting i,scraped_from_ilcd
1488e92c-4ad3-54f6-9447-bd869483c901,,materials,processes/1488e92c-4ad3-54f6-9447-bd869483c901.xml,1,kg,GLO,materials,,,"The stone-to-fabric weight ratio for stone washing varies from 0.5 - 3 : 1, depends on the degree of",scraped_from_ilcd
e7a85326-afd8-588e-98e1-a287cc8c094a,,materials,processes/e7a85326-afd8-588e-98e1-a287cc8c094a.xml,1,kg,GLO,materials,,,"Yarn production activity includes Opening, Cleaning, Blending, Carding, Drafting, combing, roving, s",scraped_from_ilcd
7d5abae9-19c6-5137-a450-442aa24acb41,,materials,processes/7d5abae9-19c6-5137-a450-442aa24acb41.xml,1,kg,GLO,materials,,,"While Open End yarn production; electricity, heat energy are consumed and raw material wastes occurs",scraped_from_ilcd
44a25f9a-e230-527e-9b4a-ab26cb99b5c5,,materials,processes/44a25f9a-e230-527e-9b4a-ab26cb99b5c5.xml,1,kg,GLO,materials,,,Knitting is a method by which yarn is manipulated to create a textile or fabric. Warp knitting is de,scraped_from_ilcd
bae285d5-dff0-5130-93eb-4cf16bd25b2d,,materials,processes/bae285d5-dff0-5130-93eb-4cf16bd25b2d.xml,1,kg,GLO,materials,,,Weaving is a method of textile production in which two distinct sets of yarns or threads are interla,scraped_from_ilcd
7a6a6813-32f0-5d64-8b5e-7261e48abdcd,,materials,processes/7a6a6813-32f0-5d64-8b5e-7261e48abdcd.xml,1,kg,GLO,materials,,,"Yarn production activity includes Opening, Cleaning, Blending, Carding, Drafting, combing, roving, s",scraped_from_ilcd
156f9b8b-5be0-57ab-8466-4ad4acdee3ca,,materials,processes/156f9b8b-5be0-57ab-8466-4ad4acdee3ca.xml,1,kg,GLO,materials,,,"Coating is the application of polymer onto a textile as a paste, foam or viscous liquid. The applica",scraped_from_ilcd
3ca6756d-e7fc-5340-afe2-3dc0d24b39d1,,materials,processes/3ca6756d-e7fc-5340-afe2-3dc0d24b39d1.xml,1,kg,GLO,materials,,,"Colouration of textiles involve a sequential mechanism: migration of dye from bath to fibre surface,",scraped_from_ilcd
49af166c-12b5-517a-90d1-da066764b850,,materials,processes/49af166c-12b5-517a-90d1-da066764b850.xml,1,kg,GLO,materials,,,"Plastic shoe eyelet production covers nylon raw materials and extrusion process.

Waste processing m",scraped_from_ilcd
b2e486dc-b044-5b7c-8756-ccf7856ec2c8,,materials,processes/b2e486dc-b044-5b7c-8756-ccf7856ec2c8.xml,1,kg,GLO,materials,,,Hollow fibers are produced at traditional fiber spinning lines with special spinnerets. This process,scraped_from_ilcd
60190397-b52b-5317-b882-a6b488bb7bc8,,materials,processes/60190397-b52b-5317-b882-a6b488bb7bc8.xml,1,kg,EU+EFTA+UK,materials,,,"The process includes the steps of needle-entangling a nonwoven fabric, preferably a spun-bonded poly",scraped_from_ilcd
b0a59e79-b568-5286-b11d-22c8c33a8b4a,,materials,processes/b0a59e79-b568-5286-b11d-22c8c33a8b4a.xml,1,kg,GLO,materials,,,"While Open End yarn production; electricity, heat energy are consumed and raw material wastes occurs",scraped_from_ilcd
5dcc2eb5-7514-5324-b5ac-fda91bc19c62,,materials,processes/5dcc2eb5-7514-5324-b5ac-fda91bc19c62.xml,1,kg,GLO,materials,,,"While Open End yarn production; electricity, heat energy are consumed and raw material wastes occurs",scraped_from_ilcd
4f85d22c-4269-5917-b9e8-fa25f41e49e4,,materials,processes/4f85d22c-4269-5917-b9e8-fa25f41e49e4.xml,1,kg,GLO,materials,,,"Yarn production activity includes Opening, Cleaning, Blending, Carding, Drafting, combing, roving, s",scraped_from_ilcd
7e332a59-e943-55a0-b71b-3e19a9a440f8,,materials,processes/7e332a59-e943-55a0-b71b-3e19a9a440f8.xml,1,kg,GLO,materials,,,"Knitting is a method by which yarn is manipulated to create a textile or fabric.

A user employing t",scraped_from_ilcd
9051c5e4-2d65-51cb-aa08-ef98a3e0ea00,,materials,processes/9051c5e4-2d65-51cb-aa08-ef98a3e0ea00.xml,1,kg,GLO,materials,,,"Yarn production activity includes Opening, Cleaning, Blending, Carding, Drafting, combing, roving, s",scraped_from_ilcd
24109485-e349-584d-bb68-35bedc250727,,materials,processes/24109485-e349-584d-bb68-35bedc250727.xml,1,kg,GLO,materials,,,"Yarn production activity includes Opening, Cleaning, Blending, Carding, Drafting, combing, roving, s",scraped_from_ilcd
d28327f3-8d89-53f0-b692-a4dccb1483de,,materials,processes/d28327f3-8d89-53f0-b692-a4dccb1483de.xml,1,kg,GLO,materials,,,"Single-end sizing systems are widely used for sizing a wide variety of multifilament yarns, such as ",scraped_from_ilcd
110a508e-95a3-5213-955b-0aec4e4b5c5d,,materials,processes/110a508e-95a3-5213-955b-0aec4e4b5c5d.xml,1,kg,GLO,materials,,,Continuous dyeing is a process in which dyeing the fabric and fixation of the dye are carried out co,scraped_from_ilcd
e3c5440b-ecf8-5751-842b-06ed22d539de,,materials,processes/e3c5440b-ecf8-5751-842b-06ed22d539de.xml,1,kg,EU+EFTA+UK,materials,,,"The process includes the steps of needle-entangling a nonwoven fabric, preferably a spun-bonded poly",scraped_from_ilcd
b36198e6-3d35-5299-8fe5-a939662104a3,,materials,processes/b36198e6-3d35-5299-8fe5-a939662104a3.xml,1,kg,PK,materials,,,The environmental impact cotton fibre includes cultivation and delintint the Seed cotton. The ginnin,scraped_from_ilcd
1fb98662-dd30-54a7-9500-c77af991a23f,,materials,processes/1fb98662-dd30-54a7-9500-c77af991a23f.xml,1,kg,EU+EFTA+UK,materials,,,Weaving is a method of textile production in which two distinct sets of yarns or threads are interla,scraped_from_ilcd
2f849e35-00c8-500e-bc55-1044a7e6d89f,,materials,processes/2f849e35-00c8-500e-bc55-1044a7e6d89f.xml,1,kg,GLO,materials,,,System boundaries: The dataset describes the tanning and finishing of organic leather. The inventory,scraped_from_ilcd
93925476-3d72-522f-8682-d42c4717847a,,materials,processes/93925476-3d72-522f-8682-d42c4717847a.xml,1,kg,GLO,materials,,,System boundaries: The dataset describes the tanning and finishing of cattle  leather. The inventory,scraped_from_ilcd
09dbb06f-ce6e-5d1b-88a6-bfbf6637dfad,,materials,processes/09dbb06f-ce6e-5d1b-88a6-bfbf6637dfad.xml,1,kg,GLO,materials,,,Sueding is a mechanical finishing process in which a fabric is abraded on one or both sides to raise,scraped_from_ilcd
a0ce3e1d-48a9-5d29-9802-c5d3881ffd22,,materials,processes/a0ce3e1d-48a9-5d29-9802-c5d3881ffd22.xml,1,kg,GLO,materials,,,This dataset aims at representing the global average production of one kg of wool from sheep. The ac,scraped_from_ilcd
971bf867-31ad-5731-a30a-44ba40f42f30,,materials,processes/971bf867-31ad-5731-a30a-44ba40f42f30.xml,1,kg,GLO,materials,,,"Yarn production activity includes Opening, Cleaning, Blending, Carding, Drafting, combing, roving, s",scraped_from_ilcd
78a7aeb7-83e1-5f96-ae2a-35938db2c3c7,,materials,processes/78a7aeb7-83e1-5f96-ae2a-35938db2c3c7.xml,1,kg,GLO,materials,,,Polyamide and polyester fibres are generally adequately scoured using an alkyl polyoxyethylene sulph,scraped_from_ilcd
a3e02162-2802-593d-ba8c-7f62952bca8c,,materials,processes/a3e02162-2802-593d-ba8c-7f62952bca8c.xml,1,kg,GLO,materials,,,Fluorochemical coatings dominate the stain repellency textile apparel market. Out of all existing te,scraped_from_ilcd
8443ce89-377b-52c3-afae-e8b29d13fa0e,,materials,processes/8443ce89-377b-52c3-afae-e8b29d13fa0e.xml,1,kg,GLO,materials,,,"Yarn production activity includes Opening, Cleaning, Blending, Carding, Drafting, combing, roving, s",scraped_from_ilcd
36d86006-2584-5376-b49b-88902f0f1c39,,materials,processes/36d86006-2584-5376-b49b-88902f0f1c39.xml,1,kg,GLO,materials,,,"Coating is the application of polymer onto a textile as a paste, foam or viscous liquid. The applica",scraped_from_ilcd
5a8ca86e-f5db-5594-a9fd-dd507f448c64,,materials,processes/5a8ca86e-f5db-5594-a9fd-dd507f448c64.xml,1,kg,GLO,materials,,,The process covers extrusion and melt spinning of synthetic filament yarn production. Synthetic raw ,scraped_from_ilcd
f438e048-1bea-5c67-874c-02f57a7c67dd,,materials,processes/f438e048-1bea-5c67-874c-02f57a7c67dd.xml,1,kg,GLO,materials,,,The combing process is especially of value with longer cottons where the extreme varia_x0002_tion in,scraped_from_ilcd
074870a4-1574-573d-8585-b8fddb8aa8f3,,materials,processes/074870a4-1574-573d-8585-b8fddb8aa8f3.xml,1,kg,GLO,materials,,,"While Open End yarn production; electricity, heat energy are consumed and raw material wastes occurs",scraped_from_ilcd
de80a3ab-946b-525d-b78e-77f7e7510118,,materials,processes/de80a3ab-946b-525d-b78e-77f7e7510118.xml,1,kg,EU+EFTA+UK,materials,,,The conventional method of spinning core yarns using a ring spinning frame is reported to produce un,scraped_from_ilcd
7c61dbf6-d272-52f8-9dc8-05d62dd92cbe,,materials,processes/7c61dbf6-d272-52f8-9dc8-05d62dd92cbe.xml,1,kg,GLO,materials,,,"Yarn production activity includes Opening, Cleaning, Blending, Carding, Drafting, combing, roving, s",scraped_from_ilcd
bb263340-887a-53f2-90d0-bb7b60340716,,materials,processes/bb263340-887a-53f2-90d0-bb7b60340716.xml,1,kg,TR,materials,,,The environmental impact cotton fibre includes cultivation and delintint the Seed cotton. The ginnin,scraped_from_ilcd
b5a2797e-12d3-5fc7-ad08-aa8baa8c23c8,,materials,processes/b5a2797e-12d3-5fc7-ad08-aa8baa8c23c8.xml,1,kg,GLO,materials,,,"While Open End yarn production; electricity, heat energy are consumed and raw material wastes occurs",scraped_from_ilcd
283cc1b9-28ed-5ee3-94d1-ebc62f56cec7,,materials,processes/283cc1b9-28ed-5ee3-94d1-ebc62f56cec7.xml,1,kg,GLO,materials,,,Fibre brushing involve the use of wires or brushes which catch yarns in the textile structure and pu,scraped_from_ilcd
60c4379f-487c-5547-bdb4-209d6401ff79,,materials,processes/60c4379f-487c-5547-bdb4-209d6401ff79.xml,1,kg,GLO,materials,,,"Post-consumer viscose fibre textiles are collected and transported to sorting facilities, where non-",scraped_from_ilcd
a2afcdd5-2a64-5062-a5ce-89fb0402ebdc,,materials,processes/a2afcdd5-2a64-5062-a5ce-89fb0402ebdc.xml,1,kg,GLO,materials,,,"Knitting is a method by which yarn is manipulated to create a textile or fabric.

A user employing t",scraped_from_ilcd
b1d3bb35-aa08-5697-9016-6c7e692945df,,materials,processes/b1d3bb35-aa08-5697-9016-6c7e692945df.xml,1,kg,GLO,materials,,,"Yarn production activity includes Opening, Cleaning, Blending, Carding, Drafting, combing, roving, s",scraped_from_ilcd
2379cb9a-d3ba-5860-a5d5-ea61dae9eca3,,materials,processes/2379cb9a-d3ba-5860-a5d5-ea61dae9eca3.xml,1,kg,GLO,materials,,,"While Open End yarn production; electricity, heat energy are consumed and raw material wastes occurs",scraped_from_ilcd
c7d59cec-3c5e-59d0-9680-00de79d3c775,,materials,processes/c7d59cec-3c5e-59d0-9680-00de79d3c775.xml,1,kg,GLO,materials,,,"While Open End yarn production; electricity, heat energy are consumed and raw material wastes occurs",scraped_from_ilcd
a4c4bc6e-6992-5e8b-b603-ea047992fb60,,materials,processes/a4c4bc6e-6992-5e8b-b603-ea047992fb60.xml,1,kg,GLO,materials,,,System boundaries: The dataset describes the tanning and finishing of pig  leather. The inventory in,scraped_from_ilcd
41effe5d-c613-5e53-b6b0-371cdb6937e0,,materials,processes/41effe5d-c613-5e53-b6b0-371cdb6937e0.xml,1,kg,GLO,materials,,,"Coating is the application of polymer onto a textile as a paste, foam or viscous liquid. The applica",scraped_from_ilcd
71cae2e1-a84f-5b1d-b386-ee1f86ec78db,,materials,processes/71cae2e1-a84f-5b1d-b386-ee1f86ec78db.xml,1,kg,GLO,materials,,,The environmental impact cotton fibre includes cultivation and delintint the Seed cotton. The ginnin,scraped_from_ilcd
7367770c-8544-506a-9ce9-305e48610d1e,,materials,processes/7367770c-8544-506a-9ce9-305e48610d1e.xml,1,kg,GLO,materials,,,"Yarn production activity includes Opening, Cleaning, Blending, Carding, Drafting, combing, roving, s",scraped_from_ilcd
8c2f8921-51d7-5422-9735-b5072da02efb,,materials,processes/8c2f8921-51d7-5422-9735-b5072da02efb.xml,1,kg,GLO,materials,,,"Plastic shoe eyelet production covers nylon raw materials and extrusion process.

Waste processing m",scraped_from_ilcd
7d0f9156-dbbc-5f7c-9265-b1105d6200c9,,materials,processes/7d0f9156-dbbc-5f7c-9265-b1105d6200c9.xml,1,kg,GLO,materials,,,"Mechanical Finishing processes are used for this model, i.e Buffing/dedusting and embossing/plating ",scraped_from_ilcd
84ecf65b-d246-5baf-b97b-e7732ae0c411,,materials,processes/84ecf65b-d246-5baf-b97b-e7732ae0c411.xml,1,kg,EU+EFTA+UK,materials,,,"Knitting is a method by which yarn is manipulated to create a textile or fabric.

A user employing t",scraped_from_ilcd
fb2ed722-c43b-5497-b82b-1f111638deb0,,materials,processes/fb2ed722-c43b-5497-b82b-1f111638deb0.xml,1,kg,GLO,materials,,,Weaving is a method of textile production in which two distinct sets of yarns or threads are interla,scraped_from_ilcd
b69e2cbc-1f6b-52b8-a1b4-9985ca16a9ab,,materials,processes/b69e2cbc-1f6b-52b8-a1b4-9985ca16a9ab.xml,1,kg,GLO,materials,,,"Yarn production activity includes Opening, Cleaning, Blending, Carding, Drafting, combing, roving, s",scraped_from_ilcd
dafb04e7-ebb1-5068-bf42-6a260191cc14,,materials,processes/dafb04e7-ebb1-5068-bf42-6a260191cc14.xml,1,kg,GLO,materials,,,"Knitting is a method by which yarn is manipulated to create a textile or fabric.

A user employing t",scraped_from_ilcd
5f02306a-c7bb-5206-8948-fe1cac11f50a,,materials,processes/5f02306a-c7bb-5206-8948-fe1cac11f50a.xml,1,kg,GLO,materials,,,"Yarn production activity includes Opening, Cleaning, Blending, Carding, Drafting, combing, roving, s",scraped_from_ilcd
1cd1e248-5385-5f99-8226-be504f14a4c1,,materials,processes/1cd1e248-5385-5f99-8226-be504f14a4c1.xml,1,kg,EU+EFTA+UK,materials,,,"Knitting is a method by which yarn is manipulated to create a textile or fabric.

A user employing t",scraped_from_ilcd
da021a96-1b7e-5103-bc10-1c15d9b386a9,,materials,processes/da021a96-1b7e-5103-bc10-1c15d9b386a9.xml,1,kg,RSA,materials,,,The process of fiberization can be energy intensive due to the high mechanical pressure required for,scraped_from_ilcd
558b311a-5590-5066-9f08-5b7334ac254a,,materials,processes/558b311a-5590-5066-9f08-5b7334ac254a.xml,1,kg,GLO,materials,,,"Plastic shoe eyelet production covers nylon raw materials and extrusion process.

Waste processing m",scraped_from_ilcd
9c728021-514c-560b-bcf3-8c4542154a34,,materials,processes/9c728021-514c-560b-bcf3-8c4542154a34.xml,1,kg,GLO,materials,,,"Waterless dyeing is performed using supercritical carbon dioxide (CO2). For CO2, supercritical fluid",scraped_from_ilcd
26ba472a-1725-5f94-89b0-94271903b2f5,,materials,processes/26ba472a-1725-5f94-89b0-94271903b2f5.xml,1,kg,GLO,materials,,,Painting using Painting/Spray Booth machine mainly used in the finishing stage of the shoe industry ,scraped_from_ilcd
65a16117-de3b-5f29-bd0e-a60bd13be930,,materials,processes/65a16117-de3b-5f29-bd0e-a60bd13be930.xml,1,kg,GLO,materials,,,"Yarn production activity includes Opening, Cleaning, Blending, Carding, Drafting, combing, roving, s",scraped_from_ilcd
8331c7ad-1ad2-571b-9806-822ee655e364,,materials,processes/8331c7ad-1ad2-571b-9806-822ee655e364.xml,1,kg,GLO,materials,,,"This data is production mix of production (according to yarn count) which is commented below :
While",scraped_from_ilcd
9b77b45f-1540-566f-93cb-1528b9fac31b,,materials,processes/9b77b45f-1540-566f-93cb-1528b9fac31b.xml,1,kg,GLO,materials,,,"The recycling yield is 98%, therefore a waste cotton input of 1.02 kg has to be added.",scraped_from_ilcd
4de00366-d538-4a7b-bdab-38a50ac1d077,,materials,processes/4de00366-d538-4a7b-bdab-38a50ac1d077.xml,1,kg,EU+EFTA+UK,materials,,,"Foreground system:
The textile waste is collected and transported to the recycling plant. The spent",scraped_from_ilcd
2fa5acb0-059d-56de-9fdc-f337fbc02007,,materials,processes/2fa5acb0-059d-56de-9fdc-f337fbc02007.xml,1,kg,GLO,materials,,,"Several types of compounds and polymers are used as Flame Retardants (FR) for textile materials, inc",scraped_from_ilcd
db163165-3eff-549e-88ff-ad7c8e3e0bc2,,materials,processes/db163165-3eff-549e-88ff-ad7c8e3e0bc2.xml,1,kg,GLO,materials,,,"Yarn production activity includes Opening, Cleaning, Blending, Carding, Drafting, combing, roving, s",scraped_from_ilcd
c36f11bf-70f8-51aa-9dba-b9171b34b6af,,materials,processes/c36f11bf-70f8-51aa-9dba-b9171b34b6af.xml,1,kg,GLO,materials,,,"While Open End yarn production; electricity, heat energy are consumed and raw material wastes occurs",scraped_from_ilcd
f6783de6-b3a7-4656-ad01-146bde350774,,materials,processes/f6783de6-b3a7-4656-ad01-146bde350774.xml,1,kg,SK,materials,,,"The data set represents the incineration of textile waste. 99% are assumed to be cotton, 1% is wool.",scraped_from_ilcd
2a07888a-291a-5321-97f4-116af79f857b,,materials,processes/2a07888a-291a-5321-97f4-116af79f857b.xml,1,kg,GLO,materials,,,Weaving is a method of textile production in which two distinct sets of yarns or threads are interla,scraped_from_ilcd
456020d2-99ab-57ea-86fc-48e73e750852,,materials,processes/456020d2-99ab-57ea-86fc-48e73e750852.xml,1,kg,ZA,materials,,,"System boundaries include all the stages needed for the processing of raw wool (Scouring, spinning a",scraped_from_ilcd
2b53e34a-c3f9-5078-88f9-19782a6682a2,,materials,processes/2b53e34a-c3f9-5078-88f9-19782a6682a2.xml,1,kg,GLO,materials,,,Weaving is a method of textile production in which two distinct sets of yarns or threads are interla,scraped_from_ilcd
ccd50c9d-ea32-56f3-8dbd-555374caa07e,,materials,processes/ccd50c9d-ea32-56f3-8dbd-555374caa07e.xml,1,kg,GLO,materials,,,Weaving is a method of textile production in which two distinct sets of yarns or threads are interla,scraped_from_ilcd
5a0505b9-5d6b-5ae0-b265-710d40e1a176,,materials,processes/5a0505b9-5d6b-5ae0-b265-710d40e1a176.xml,1,kg,GLO,materials,,,Weaving is a method of textile production in which two distinct sets of yarns or threads are interla,scraped_from_ilcd
5d945959-0165-52fb-8ab8-1f17229e0825,,materials,processes/5d945959-0165-52fb-8ab8-1f17229e0825.xml,1,kg,GLO,materials,,,Mechanical finishing is a process in which fabric is passed between two rolls under heavy pressure t,scraped_from_ilcd
ec135097-5c99-44a9-8b07-f172b1da1ff4,,materials,processes/ec135097-5c99-44a9-8b07-f172b1da1ff4.xml,1,kg,LT,materials,,,"The data set represents the incineration of textile waste. 99% are assumed to be cotton, 1% is wool.",scraped_from_ilcd
9fa21015-fe32-570f-84ae-a5dad3c40d5a,,materials,processes/9fa21015-fe32-570f-84ae-a5dad3c40d5a.xml,1,kg,GLO,materials,,,"Yarn production activity includes Opening, Cleaning, Blending, Carding, Drafting, combing, roving, s",scraped_from_ilcd
6c1a938d-e459-5f17-8969-fb600f694f3f,,materials,processes/6c1a938d-e459-5f17-8969-fb600f694f3f.xml,1,kg,GLO,materials,,,Weaving is a method of textile production in which two distinct sets of yarns or threads are interla,scraped_from_ilcd
b032f8a1-268d-5adb-a7ed-f8145a4f15dd,,materials,processes/b032f8a1-268d-5adb-a7ed-f8145a4f15dd.xml,1,kg,GLO,materials,,,"Yarn production activity includes Opening, Cleaning, Blending, Carding, Drafting, combing, roving, s",scraped_from_ilcd
62b0cb0d-bfd2-5897-8df2-439ae43042b7,,materials,processes/62b0cb0d-bfd2-5897-8df2-439ae43042b7.xml,1,kg,GLO,materials,,,"While Ring yarn production; electricity, heat energy are consumed and raw material wastes occurs. El",scraped_from_ilcd
34c42c4b-3e6d-5ae9-b94b-a09a3ffed3bc,,materials,processes/34c42c4b-3e6d-5ae9-b94b-a09a3ffed3bc.xml,1,kg,GLO,materials,,,"Yarn production activity includes Opening, Cleaning, Blending, Carding, Drafting, combing, roving, s",scraped_from_ilcd
7acf4059-a5ca-54bf-b024-227707bb485e,,materials,processes/7acf4059-a5ca-54bf-b024-227707bb485e.xml,1,kg,GLO,materials,,,"In general, PET and nylon threads are used for apparel production. So, this data represents producti",scraped_from_ilcd
708f83bd-6199-5bc7-b34e-94d2779c6208,,materials,processes/708f83bd-6199-5bc7-b34e-94d2779c6208.xml,1,kg,GLO,materials,,,"Yarn production activity includes Opening, Cleaning, Blending, Carding, Drafting, combing, roving, s",scraped_from_ilcd
99e13ef6-818d-56fb-b164-aaac25b9886d,,materials,processes/99e13ef6-818d-56fb-b164-aaac25b9886d.xml,1,kg,GLO,materials,,,"Yarn production activity includes Opening, Cleaning, Blending, Carding, Drafting, combing, roving, s",scraped_from_ilcd
955fed64-d5d8-5427-aab5-739f4ecabdd8,,materials,processes/955fed64-d5d8-5427-aab5-739f4ecabdd8.xml,1,kg,GLO,materials,,,"Yarn production activity includes Opening, Cleaning, Blending, Carding, Drafting, combing, roving, s",scraped_from_ilcd
01fdf272-c0d8-5f5f-b3a4-7f4ee1c6195e,,materials,processes/01fdf272-c0d8-5f5f-b3a4-7f4ee1c6195e.xml,1,kg,GLO,materials,,,"Raising process, raises the surface fibers of a fabric by means of passage over rapidly revolving cy",scraped_from_ilcd
a907f91f-ae37-5215-87e5-0ad7f1cf4edd,,materials,processes/a907f91f-ae37-5215-87e5-0ad7f1cf4edd.xml,1,kg,GLO,materials,,,"The application process, which is done by passing the textile product through the liquor in a bath w",scraped_from_ilcd
27955791-f373-503b-97a1-3d4f600932bc,,materials,processes/27955791-f373-503b-97a1-3d4f600932bc.xml,1,kg,GLO,materials,,,"In some cases, textiles should be hydrophobic (water repellent), while other applications require hy",scraped_from_ilcd
af404ea4-b6ae-5092-83d9-a80f706cf8b7,,materials,processes/af404ea4-b6ae-5092-83d9-a80f706cf8b7.xml,1,kg,GLO,materials,,,"While Open End yarn production; electricity, heat energy are consumed and raw material wastes occurs",scraped_from_ilcd
3c3c7090-1a7d-573e-9abd-b8d6641e4a92,,materials,processes/3c3c7090-1a7d-573e-9abd-b8d6641e4a92.xml,1,kg,GLO,materials,,,The process starts by soaking fabric for 10 min in dispersion of ZnO particles (5% W/W) and stirred.,scraped_from_ilcd
0c3cd14c-75b5-526b-bea3-fe696e029f87,,materials,processes/0c3cd14c-75b5-526b-bea3-fe696e029f87.xml,1,kg,GLO,materials,,,The combing process is especially of value with longer cottons where the extreme varia_x0002_tion in,scraped_from_ilcd
d46165a3-3dd7-5fde-ad04-b32942009b72,,materials,processes/d46165a3-3dd7-5fde-ad04-b32942009b72.xml,1,kg,EU+EFTA+UK,materials,,,The conventional method of spinning core yarns using a ring spinning frame is reported to produce un,scraped_from_ilcd
1bf049e3-632b-50e6-ae40-1381c3b20fe3,,materials,processes/1bf049e3-632b-50e6-ae40-1381c3b20fe3.xml,1,kg,GLO,materials,,,"Yarn production activity includes Opening, Cleaning, Blending, Carding, Drafting, combing, roving, s",scraped_from_ilcd
dd35a0ac-0971-57dd-bf4a-d7e08a9c2013,,materials,processes/dd35a0ac-0971-57dd-bf4a-d7e08a9c2013.xml,1,kg,TZ,materials,,,Ginning is a mechanical process to separate fibers from seeds. This dataset includes the transport f,scraped_from_ilcd
e86d3c83-412d-5c6e-83bf-54963619cea2,,materials,processes/e86d3c83-412d-5c6e-83bf-54963619cea2.xml,1,kg,GLO,materials,,,"Mechanical Finishing processes are used for this model, i.e Buffing/dedusting and embossing/plating ",scraped_from_ilcd
9dcebf45-f24e-5b81-b744-c8eb12e6ad64,,materials,processes/9dcebf45-f24e-5b81-b744-c8eb12e6ad64.xml,1,kg,EU+EFTA+UK,materials,,,Tufting is a type of textile weaving in which a thread is inserted on a primary base. A woven fabric,scraped_from_ilcd
aa5ed536-22cf-5129-8ce1-04d1e4e83bf6,,materials,processes/aa5ed536-22cf-5129-8ce1-04d1e4e83bf6.xml,1,kg,US,materials,,,Ginning is a mechanical process to separate fibers from seeds. This dataset includes the transport f,scraped_from_ilcd
bd340744-7709-5ee2-8840-9ad88832ba18,,materials,processes/bd340744-7709-5ee2-8840-9ad88832ba18.xml,1,kg,GLO,materials,,,Hook-and-loop fasteners are produced from synthetic yarn. and their weaving process are included. Ny,scraped_from_ilcd
086bdc06-533b-571f-a12e-332c20f36e2a,,materials,processes/086bdc06-533b-571f-a12e-332c20f36e2a.xml,1,kg,GLO,materials,,,"Yarn production activity includes Opening, Cleaning, Blending, Carding, Drafting, combing, roving, s",scraped_from_ilcd
e81d039c-db05-5286-bd4e-9dc07fce4ab2,,materials,processes/e81d039c-db05-5286-bd4e-9dc07fce4ab2.xml,1,kg,GLO,materials,,,"While Open End yarn production; electricity, heat energy are consumed and raw material wastes occurs",scraped_from_ilcd
114c5afc-af54-57e4-8767-320200c5959d,,materials,processes/114c5afc-af54-57e4-8767-320200c5959d.xml,1,kg,GLO,materials,,,"A sewing machine is a mechanical (or electrical) device that joins fabric using thread, like manual ",scraped_from_ilcd
36d410ea-ddd8-5b7a-bacf-f511b66ada34,,materials,processes/36d410ea-ddd8-5b7a-bacf-f511b66ada34.xml,1,kg,GLO,materials,,,"While Open End and Ring yarn production; electricity, heat energy are consumed and raw material wast",scraped_from_ilcd
7821df83-a100-55cc-b430-12a365e36fe4,,materials,processes/7821df83-a100-55cc-b430-12a365e36fe4.xml,1,kg,GLO,materials,,,"Yarn production activity includes Opening, Cleaning, Blending, Carding, Drafting, combing, roving, s",scraped_from_ilcd
8a56fb91-96ff-52d6-abf5-8738435ef1d4,,materials,processes/8a56fb91-96ff-52d6-abf5-8738435ef1d4.xml,1,kg,GLO,materials,,,"Yarn production activity includes Opening, Cleaning, Blending, Carding, Drafting, combing, roving, s",scraped_from_ilcd
7c0aa9ed-8a5f-5da4-814e-67f641361d49,,materials,processes/7c0aa9ed-8a5f-5da4-814e-67f641361d49.xml,1,kg,GLO,materials,,,"In some cases, textiles should be hydrophobic (water repellent), while other applications require hy",scraped_from_ilcd
53f0b24d-1e76-5747-a14e-3fdd847b1eed,,materials,processes/53f0b24d-1e76-5747-a14e-3fdd847b1eed.xml,1,kg,AU,materials,,,"System boundaries include all the stages needed for the processing of raw wool (Scouring, spinning a",scraped_from_ilcd
9fb5020f-4df9-5a1f-a23b-5dcf398c6b3b,,materials,processes/9fb5020f-4df9-5a1f-a23b-5dcf398c6b3b.xml,1,kg,GLO,materials,,,"Yarn production activity includes Opening, Cleaning, Blending, Carding, Drafting, combing, roving, s",scraped_from_ilcd
7136547a-91aa-5c1c-83c3-2de93d2a0620,,materials,processes/7136547a-91aa-5c1c-83c3-2de93d2a0620.xml,1,kg,ML,materials,,,The environmental impact cotton fibre includes cultivation and delintint the Seed cotton. The ginnin,scraped_from_ilcd
203ce4f1-bb81-5b69-a99a-af6cbde4d234,,materials,processes/203ce4f1-bb81-5b69-a99a-af6cbde4d234.xml,1,kg,GLO,materials,,,"Yarn production activity includes Opening, Cleaning, Blending, Carding, Drafting, combing, roving, s",scraped_from_ilcd
b97a6f75-5f73-57e0-a182-c58ead717f09,,materials,processes/b97a6f75-5f73-57e0-a182-c58ead717f09.xml,1,kg,GLO,materials,,,"Yarn production activity includes Opening, Cleaning, Blending, Carding, Drafting, combing, roving, s",scraped_from_ilcd
843906e7-6813-54ed-8a12-c3bf840d6df4,,materials,processes/843906e7-6813-54ed-8a12-c3bf840d6df4.xml,1,kg,GLO,materials,,,"While Open End yarn production; electricity, heat energy are consumed and raw material wastes occurs",scraped_from_ilcd
8ffdabe0-984e-58c0-a793-b6791bf923d0,,materials,processes/8ffdabe0-984e-58c0-a793-b6791bf923d0.xml,1,kg,GLO,materials,,,"In general, PET and nylon threads are used for apparel production. So, this data represents producti",scraped_from_ilcd
12733b73-f029-5482-9c1c-58ec47ff85ff,,materials,processes/12733b73-f029-5482-9c1c-58ec47ff85ff.xml,1,kg,GLO,materials,,,"Yarn production activity includes Opening, Cleaning, Blending, Carding, Drafting, combing, roving, s",scraped_from_ilcd
7f1baf26-941f-55f6-b5e9-9fcac04a4200,,materials,processes/7f1baf26-941f-55f6-b5e9-9fcac04a4200.xml,1,kg,GLO,materials,,,System boundaries: The dataset describes the tanning and finishing of pig  leather. The inventory in,scraped_from_ilcd
206b3dde-8ba5-5299-bf49-aaa70f9d0f56,,materials,processes/206b3dde-8ba5-5299-bf49-aaa70f9d0f56.xml,1,kg,GLO,materials,,,Australian Wool/Lamb production is taken as basis for alpaca wool production and then adapted to mak,scraped_from_ilcd
3a89aa5b-e958-58e9-9492-2ae15c29bd53,,materials,processes/3a89aa5b-e958-58e9-9492-2ae15c29bd53.xml,1,kg,GLO,materials,,,System boundaries: The dataset describes the tanning and finishing of cattle  leather. The inventory,scraped_from_ilcd
b5415714-f640-52a6-b610-bd788b6a6cf4,,materials,processes/b5415714-f640-52a6-b610-bd788b6a6cf4.xml,1,kg,GLO,materials,,,The dye used in this model is recipe for pigment as pigment do not form any link with fiber. Pigment,scraped_from_ilcd
46b8a0f0-c256-5d6f-998d-e96f3dcfeabb,,materials,processes/46b8a0f0-c256-5d6f-998d-e96f3dcfeabb.xml,1,kg,GLO,materials,,,Weaving is a method of textile production in which two distinct sets of yarns or threads are interla,scraped_from_ilcd
5abf23f2-01f4-5583-9a8e-532ff206052a,,materials,processes/5abf23f2-01f4-5583-9a8e-532ff206052a.xml,1,kg,GLO,materials,,,Painting using Painting/Spray Booth machine mainly used in the finishing stage of the shoe industry ,scraped_from_ilcd
694e55cb-db70-5f25-aff3-42d11fed0aa1,,materials,processes/694e55cb-db70-5f25-aff3-42d11fed0aa1.xml,1,kg,TZ,materials,,,Ginning is a mechanical process to separate fibers from seeds. This dataset includes the transport f,scraped_from_ilcd
f1acf9cf-016b-59c1-b3b4-d615204800d4,,materials,processes/f1acf9cf-016b-59c1-b3b4-d615204800d4.xml,1,kg,GLO,materials,,,Warp yarns or fabric is wound onto a perforated beam. The dye liquor is forced through the perforati,scraped_from_ilcd
93a55f00-f4d4-56a1-8e84-aa9077e7389c,,materials,processes/93a55f00-f4d4-56a1-8e84-aa9077e7389c.xml,1,kg,GLO,materials,,,"Yarn production activity includes Opening, Cleaning, Blending, Carding, Drafting, combing, roving, s",scraped_from_ilcd
f062769b-ce05-54dc-b8c8-6ed85e50e153,,materials,processes/f062769b-ce05-54dc-b8c8-6ed85e50e153.xml,1,kg,GLO,materials,,,"While Open End and Ring yarn production; electricity, heat energy are consumed and raw material wast",scraped_from_ilcd
18d50157-4d8e-50fd-b109-ec57bcf11b11,,materials,processes/18d50157-4d8e-50fd-b109-ec57bcf11b11.xml,1,kg,GLO,materials,,,"Yarn production activity includes Opening, Cleaning, Blending, Carding, Drafting, combing, roving, s",scraped_from_ilcd
201836cd-20aa-5720-89fe-1307e2a03c0e,,materials,processes/201836cd-20aa-5720-89fe-1307e2a03c0e.xml,1,kg,GLO,materials,,,"This process covers synthetic filament production, cutting of filaments and spinning by open end (ro",scraped_from_ilcd
c97c3417-8ea7-56e2-8598-372d0c6fbb29,,materials,processes/c97c3417-8ea7-56e2-8598-372d0c6fbb29.xml,1,kg,GLO,materials,,,"While Open End yarn production; electricity, heat energy are consumed and raw material wastes occurs",scraped_from_ilcd
76b0874e-7931-5a3f-aac2-f973bddd1228,,materials,processes/76b0874e-7931-5a3f-aac2-f973bddd1228.xml,1,kg,GLO,materials,,,"Single-end sizing systems are widely used for sizing a wide variety of multifilament yarns, such as ",scraped_from_ilcd
bbd3136f-0614-5825-ab80-a121835fdbc9,,materials,processes/bbd3136f-0614-5825-ab80-a121835fdbc9.xml,1,kg,GLO,materials,,,The hot cutting knife would melts the polymer filaments of the synthetic fabric precisely. Hot knife,scraped_from_ilcd
ae69dc5a-981d-5c4c-8fe7-f884ede8256f,,materials,processes/ae69dc5a-981d-5c4c-8fe7-f884ede8256f.xml,1,kg,GLO,materials,,,"Coating is the application of polymer onto a textile as a paste, foam or viscous liquid. The applica",scraped_from_ilcd
7aeb5a00-122e-4bbf-9abd-ccf0e7510fc3,,materials,processes/7aeb5a00-122e-4bbf-9abd-ccf0e7510fc3.xml,1,kg,GLO,materials,,,"Foreground system:
Stone wool is made out of sediment or magmatic rocks, essentially basalts, and d",scraped_from_ilcd
12ef17e9-6492-5ff1-a363-ca596b25ee80,,materials,processes/12ef17e9-6492-5ff1-a363-ca596b25ee80.xml,1,kg,GLO,materials,,,Weaving is a method of textile production in which two distinct sets of yarns or threads are interla,scraped_from_ilcd
7bf3b729-d5f4-590a-bdca-a161981dd01e,,materials,processes/7bf3b729-d5f4-590a-bdca-a161981dd01e.xml,1,kg,GLO,materials,,,"Yarn production activity includes Opening, Cleaning, Blending, Carding, Drafting, combing, roving, s",scraped_from_ilcd
8e848519-bf3c-58f3-befe-c7732e2f6dc9,,materials,processes/8e848519-bf3c-58f3-befe-c7732e2f6dc9.xml,1,kg,GLO,materials,,,"Yarn production activity includes Opening, Cleaning, Blending, Carding, Drafting, combing, roving, s",scraped_from_ilcd
5d4cdb65-2f31-5d0c-9732-1b8e7bc594f5,,materials,processes/5d4cdb65-2f31-5d0c-9732-1b8e7bc594f5.xml,1,kg,GLO,materials,,,"Yarn production activity includes Opening, Cleaning, Blending, Carding, Drafting, combing, roving, s",scraped_from_ilcd
ed73c7c7-6160-5f69-932f-2e9e78680783,,materials,processes/ed73c7c7-6160-5f69-932f-2e9e78680783.xml,1,kg,GLO,materials,,,"Yarn production activity includes Opening, Cleaning, Blending, Carding, Drafting, combing, roving, s",scraped_from_ilcd
bf2a3413-2cac-5f35-aa8f-cfa1620b98f8,,materials,processes/bf2a3413-2cac-5f35-aa8f-cfa1620b98f8.xml,1,kg,GLO,materials,,,Knitting is a method by which yarn is manipulated to create a textile or fabric. Weft knitting is th,scraped_from_ilcd
d61524ee-a1fc-5ed3-a372-e1dd28fdc566,,materials,processes/d61524ee-a1fc-5ed3-a372-e1dd28fdc566.xml,1,kg,GLO,materials,,,"Colouration of textiles involve a sequential mechanism: migration of dye from bath to fibre surface,",scraped_from_ilcd
e6ab9a94-8b56-5b9b-a530-ee7695aa4948,,materials,processes/e6ab9a94-8b56-5b9b-a530-ee7695aa4948.xml,1,kg,GLO,materials,,,System boundaries: The dataset describes the tanning and finishing of cattle  leather. The inventory,scraped_from_ilcd
48c2395d-f3a6-5821-b3bc-97a8c5c56e10,,materials,processes/48c2395d-f3a6-5821-b3bc-97a8c5c56e10.xml,1,kg,GLO,materials,,,"Colouration of textiles involve a sequential mechanism: migration of dye from bath to fibre surface,",scraped_from_ilcd
2f4c9306-55b0-5368-8cba-a250d3a48af4,,materials,processes/2f4c9306-55b0-5368-8cba-a250d3a48af4.xml,1,kg,GLO,materials,,,"Yarn production activity includes Opening, Cleaning, Blending, Carding, Drafting, combing, roving, s",scraped_from_ilcd
a599c317-10d2-5654-a727-1bef6e7ab793,,materials,processes/a599c317-10d2-5654-a727-1bef6e7ab793.xml,1,kg,GLO,materials,,,"While Open End yarn production; electricity, heat energy are consumed and raw material wastes occurs",scraped_from_ilcd
c98dc044-f387-5474-b86c-fd42151d9f19,,materials,processes/c98dc044-f387-5474-b86c-fd42151d9f19.xml,1,kg,KG,materials,,,Ginning is a mechanical process to separate fibers from seeds. This dataset includes the transport f,scraped_from_ilcd
e2751b43-15b7-507c-9b55-a80aa4c7f71b,,materials,processes/e2751b43-15b7-507c-9b55-a80aa4c7f71b.xml,1,kg,GLO,materials,,,"Yarn production activity includes Opening, Cleaning, Blending, Carding, Drafting, combing, roving, s",scraped_from_ilcd
6b426542-a647-5142-b0f9-58b7950c6e37,,materials,processes/6b426542-a647-5142-b0f9-58b7950c6e37.xml,1,kg,GLO,materials,,,"Yarn production activity includes Opening, Cleaning, Blending, Carding, Drafting, combing, roving, s",scraped_from_ilcd
7f06909d-eda6-5e88-a2f0-adeaf2b74715,,materials,processes/7f06909d-eda6-5e88-a2f0-adeaf2b74715.xml,1,kg,GLO,materials,,,"Mechanical Finishing processes are used for this model, i.e Buffing/dedusting and embossing/plating ",scraped_from_ilcd
ed744994-3c3d-58fa-9e17-cd6ba2fa81cd,,materials,processes/ed744994-3c3d-58fa-9e17-cd6ba2fa81cd.xml,1,kg,GLO,materials,,,Weaving is a method of textile production in which two distinct sets of yarns or threads are interla,scraped_from_ilcd
95bb57c1-2cb8-578b-bc08-f7865cf7d33c,,materials,processes/95bb57c1-2cb8-578b-bc08-f7865cf7d33c.xml,1,kg,GLO,materials,,,"This data is production mix of production (according to yarn count) which is commented below :
While",scraped_from_ilcd
040b652e-a04c-52ff-93f9-bcc344506a80,,materials,processes/040b652e-a04c-52ff-93f9-bcc344506a80.xml,1,kg,GLO,materials,,,"Yarn production activity includes Opening, Cleaning, Blending, Carding, Drafting, combing, roving, s",scraped_from_ilcd
87506327-0d50-5fb5-8428-f2d49ab3d23a,,materials,processes/87506327-0d50-5fb5-8428-f2d49ab3d23a.xml,1,kg,GLO,materials,,,"Yarn production activity includes Opening, Cleaning, Blending, Carding, Drafting, combing, roving, s",scraped_from_ilcd
5e601469-7658-536e-a941-47b7e457a0b9,,materials,processes/5e601469-7658-536e-a941-47b7e457a0b9.xml,1,kg,GLO,materials,,,"Coating is the application of polymer onto a textile as a paste, foam or viscous liquid. The applica",scraped_from_ilcd
a49d6dce-4f61-51a6-bcec-bc86e9312056,,materials,processes/a49d6dce-4f61-51a6-bcec-bc86e9312056.xml,1,kg,GLO,materials,,,System boundaries: The dataset describes the tanning and finishing of cattle  leather. The inventory,scraped_from_ilcd
d53be049-060d-5438-88ef-49bfa4ba899a,,materials,processes/d53be049-060d-5438-88ef-49bfa4ba899a.xml,1,kg,GLO,materials,,,"While Open End yarn production; electricity, heat energy are consumed and raw material wastes occurs",scraped_from_ilcd
7dd7ae76-464d-561c-b850-dc39bcb79518,,materials,processes/7dd7ae76-464d-561c-b850-dc39bcb79518.xml,1,kg,GLO,materials,,,"This dataset represent post-industrial wool recycling. Post-industrial waste consists of fibre, yarn",scraped_from_ilcd
d7475f41-cf82-54ac-b7c9-232398baa0ce,,materials,processes/d7475f41-cf82-54ac-b7c9-232398baa0ce.xml,1,kg,EU+EFTA+UK,materials,,,Weaving is a method of textile production in which two distinct sets of yarns or threads are interla,scraped_from_ilcd
d3679187-a400-5ce4-be42-e7898cfaaea0,,materials,processes/d3679187-a400-5ce4-be42-e7898cfaaea0.xml,1,kg,GLO,materials,,,"Yarn production activity includes Opening, Cleaning, Blending, Carding, Drafting, combing, roving, s",scraped_from_ilcd
2d675fab-8cc3-5b79-94e1-194478bb2ea4,,materials,processes/2d675fab-8cc3-5b79-94e1-194478bb2ea4.xml,1,kg,GLO,materials,,,The environmental impact cotton fibre includes cultivation and delintint the Seed cotton. The ginnin,scraped_from_ilcd
82577b8a-d9dc-52fd-9f60-4016602558b5,,materials,processes/82577b8a-d9dc-52fd-9f60-4016602558b5.xml,1,kg,GLO,materials,,,"Coating is the application of polymer onto a textile as a paste, foam or viscous liquid. The applica",scraped_from_ilcd
6a8ae40a-7f8c-54a3-af85-ac90418c68ba,,materials,processes/6a8ae40a-7f8c-54a3-af85-ac90418c68ba.xml,1,kg,RAF,materials,,,The process of fiberization can be energy intensive due to the high mechanical pressure required for,scraped_from_ilcd
38ec3349-8a3d-58f2-9889-4e92ebb5e789,,materials,processes/38ec3349-8a3d-58f2-9889-4e92ebb5e789.xml,1,kg,GLO,materials,,,Weaving is a method of textile production in which two distinct sets of yarns or threads are interla,scraped_from_ilcd
8bb0c5bd-16b1-5843-8725-c3db7a3f382f,,materials,processes/8bb0c5bd-16b1-5843-8725-c3db7a3f382f.xml,1,kg,GLO,materials,,,"While Open End yarn production; electricity, heat energy are consumed and raw material wastes occurs",scraped_from_ilcd
cf28ec57-c3e0-58f7-9686-a9256b82b418,,materials,processes/cf28ec57-c3e0-58f7-9686-a9256b82b418.xml,1,kg,GLO,materials,,,"While Open End yarn production; electricity, heat energy are consumed and raw material wastes occurs",scraped_from_ilcd
17e08f4a-9c35-5619-b5e2-db12692f32e0,,materials,processes/17e08f4a-9c35-5619-b5e2-db12692f32e0.xml,1,kg,GLO,materials,,,This dataset covers mix of digital printing of fabric which includes single pass and multi pass ink-,scraped_from_ilcd
1e2de7fe-8989-5fa4-ba6d-d65b4170db57,,materials,processes/1e2de7fe-8989-5fa4-ba6d-d65b4170db57.xml,1,kg,GLO,materials,,,The process covers extrusion and melt spinning of synthetic filament yarn production. Synthetic raw ,scraped_from_ilcd
0c6cb6cb-53ad-573f-9b33-1996d049ee9f,,materials,processes/0c6cb6cb-53ad-573f-9b33-1996d049ee9f.xml,1,kg,GLO,materials,,,"Coating is the application of polymer onto a textile as a paste, foam or viscous liquid. The applica",scraped_from_ilcd
1d4a9a83-37b7-5fe1-9d86-9042343f34b5,,materials,processes/1d4a9a83-37b7-5fe1-9d86-9042343f34b5.xml,1,kg,GLO,materials,,,System boundaries: The dataset describes the tanning and finishing of goat leather. The inventory in,scraped_from_ilcd
173f8877-24ec-5681-85b6-d63dd76a5feb,,materials,processes/173f8877-24ec-5681-85b6-d63dd76a5feb.xml,1,kg,GLO,materials,,,"The stone-to-fabric weight ratio for stone washing varies from 0.5 - 3 : 1, depends on the degree of",scraped_from_ilcd
cd2e4118-ca94-5b8f-8c67-69dcc7dbe297,,materials,processes/cd2e4118-ca94-5b8f-8c67-69dcc7dbe297.xml,1,kg,GLO,materials,,,"While Open End yarn production; electricity, heat energy are consumed and raw material wastes occurs",scraped_from_ilcd
c668f04e-9ad5-5983-b734-0cf6dab2b2f5,,materials,processes/c668f04e-9ad5-5983-b734-0cf6dab2b2f5.xml,1,kg,GLO,materials,,,"This dataset represent post-industrial wool recycling. Post-industrial waste consists of fibre, yarn",scraped_from_ilcd
32781701-2441-53ce-80a0-262794dd82cc,,materials,processes/32781701-2441-53ce-80a0-262794dd82cc.xml,1,kg,ZA,materials,,,"This dataset represent post-industrial wool recycling. Post-industrial waste consists of fibre, yarn",scraped_from_ilcd
18001dfe-5921-531c-9e47-f28b50c5fd5c,,materials,processes/18001dfe-5921-531c-9e47-f28b50c5fd5c.xml,1,kg,GLO,materials,,,"Yarn production activity includes Opening, Cleaning, Blending, Carding, Drafting, combing, roving, s",scraped_from_ilcd
3ebb535a-007a-5b00-a7e9-34bacd69d87d,,materials,processes/3ebb535a-007a-5b00-a7e9-34bacd69d87d.xml,1,kg,GLO,materials,,,"Yarn production activity includes Opening, Cleaning, Blending, Carding, Drafting, combing, roving, s",scraped_from_ilcd
e6fc97b6-fd2f-5540-8fab-2f3ea32e4ee2,,materials,processes/e6fc97b6-fd2f-5540-8fab-2f3ea32e4ee2.xml,1,kg,GLO,materials,,,This process is performed in a beam dyer for open width dyeing at high temperature. This process is ,scraped_from_ilcd
e9c2d157-243d-5296-86ca-579e35e972d3,,materials,processes/e9c2d157-243d-5296-86ca-579e35e972d3.xml,1,kg,GLO,materials,,,"While Open End yarn production; electricity, heat energy are consumed and raw material wastes occurs",scraped_from_ilcd
897b4646-43c2-5854-9477-88db56c12d7d,,materials,processes/897b4646-43c2-5854-9477-88db56c12d7d.xml,1,kg,GLO,materials,,,"This process covers synthetic filament production, cutting of filaments and spinning by open end (ro",scraped_from_ilcd
0bcd82ee-4da7-55f0-b8a2-b047db39e72d,,materials,processes/0bcd82ee-4da7-55f0-b8a2-b047db39e72d.xml,1,kg,GLO,materials,,,"Knitting is a method by which yarn is manipulated to create a textile or fabric.

A user employing t",scraped_from_ilcd
6853126e-0661-59ed-877f-504842ed7580,,materials,processes/6853126e-0661-59ed-877f-504842ed7580.xml,1,kg,GLO,materials,,,Weaving is a method of textile production in which two distinct sets of yarns or threads are interla,scraped_from_ilcd
2720e818-c993-5adb-9a32-3f7f9deda472,,materials,processes/2720e818-c993-5adb-9a32-3f7f9deda472.xml,1,kg,GLO,materials,,,Weaving is a method of textile production in which two distinct sets of yarns or threads are interla,scraped_from_ilcd
a27288ca-1a28-5c48-801b-bfd986d67071,,materials,processes/a27288ca-1a28-5c48-801b-bfd986d67071.xml,1,kg,GLO,materials,,,"Yarn production activity includes Opening, Cleaning, Blending, Carding, Drafting, combing, roving, s",scraped_from_ilcd
b2dde7fb-d447-599a-a6a1-7bc5822c19f7,,materials,processes/b2dde7fb-d447-599a-a6a1-7bc5822c19f7.xml,1,kg,GLO,materials,,,"While Open End yarn production; electricity, heat energy are consumed and raw material wastes occurs",scraped_from_ilcd
6f33452c-348d-5e8b-ba36-c75761e418a6,,materials,processes/6f33452c-348d-5e8b-ba36-c75761e418a6.xml,1,kg,GLO,materials,,,"While Open End yarn production; electricity, heat energy are consumed and raw material wastes occurs",scraped_from_ilcd
5a0a9be0-30fb-5423-a6e4-c24586404dcc,,materials,processes/5a0a9be0-30fb-5423-a6e4-c24586404dcc.xml,1,kg,GLO,materials,,,Sueding is a mechanical finishing process in which a fabric is abraded on one or both sides to raise,scraped_from_ilcd
8eb2c4a0-ac2b-5012-8323-e8e888fc181f,,materials,processes/8eb2c4a0-ac2b-5012-8323-e8e888fc181f.xml,1,kg,GLO,materials,,,Flame lamination is used to adhere polyurethane foam to a textile material. A web of foam from a sup,scraped_from_ilcd
22033661-7b71-5ac4-ba41-7d681bfbd0a8,,materials,processes/22033661-7b71-5ac4-ba41-7d681bfbd0a8.xml,1,kg,GLO,materials,,,Continuous dyeing is a process in which dyeing the fabric and fixation of the dye are carried out co,scraped_from_ilcd
9f4366dc-2a0a-57e3-9052-f5522ba374c5,,materials,processes/9f4366dc-2a0a-57e3-9052-f5522ba374c5.xml,1,kg,GLO,materials,,,"In melt spinning, thermoplastic polymer granules are fed into an extruder and then the polymer melt ",scraped_from_ilcd
e90bc300-176d-5b2a-858d-18b9a26bb548,,materials,processes/e90bc300-176d-5b2a-858d-18b9a26bb548.xml,1,kg,GLO,materials,,,Transfer printing is the term used to describe textile and related printing processes in which the d,scraped_from_ilcd
9bad6a9f-bb43-59cd-86fb-6dfccb692831,,materials,processes/9bad6a9f-bb43-59cd-86fb-6dfccb692831.xml,1,kg,GLO,materials,,,"In this model, the baseline is formed by 30% knitted polyester fabric. The coating, which makes up 6",scraped_from_ilcd
793a6228-836f-5c10-ab7c-aa8c44042a2e,,materials,processes/793a6228-836f-5c10-ab7c-aa8c44042a2e.xml,1,kg,GLO,materials,,,"The recycling yield is 98%, therefore a waste cotton input of 1.02 kg has to be added.",scraped_from_ilcd
cbff2ec8-14bc-5693-9bac-dda9d63ea96b,,materials,processes/cbff2ec8-14bc-5693-9bac-dda9d63ea96b.xml,1,kg,GLO,materials,,,Weaving is a method of textile production in which two distinct sets of yarns or threads are interla,scraped_from_ilcd
8755598b-880b-5626-8fe3-0d29e871def6,,materials,processes/8755598b-880b-5626-8fe3-0d29e871def6.xml,1,kg,GLO,materials,,,"Yarn production activity includes Opening, Cleaning, Blending, Carding, Drafting, combing, roving, s",scraped_from_ilcd
b30ff83d-b153-5e93-ad07-60fdb6f34ab5,,materials,processes/b30ff83d-b153-5e93-ad07-60fdb6f34ab5.xml,1,kg,AU,materials,,,This dataset aims at representing the production of one kg of wool from sheep produced in Australia.,scraped_from_ilcd
ba3fc6b5-f110-5c91-8060-6bcf31ab82d4,,materials,processes/ba3fc6b5-f110-5c91-8060-6bcf31ab82d4.xml,1,kg,GLO,materials,,,Continuous dyeing is a process in which dyeing the fabric and fixation of the dye are carried out co,scraped_from_ilcd
1527e26d-1f6e-56cd-9d09-12109310a908,,materials,processes/1527e26d-1f6e-56cd-9d09-12109310a908.xml,1,kg,GLO,materials,,,"The application process, which is done by passing the textile product through the liquor in a bath w",scraped_from_ilcd
a81530a4-eef9-5a98-9a0b-128eb936eab9,,materials,processes/a81530a4-eef9-5a98-9a0b-128eb936eab9.xml,1,kg,GLO,materials,,,Mechanical finishing is a process in which fabric is passed between two rolls under heavy pressure t,scraped_from_ilcd
9d668bd9-9f7d-520b-b21d-ec29ad52d155,,materials,processes/9d668bd9-9f7d-520b-b21d-ec29ad52d155.xml,1,kg,GLO,materials,,,"Single-end sizing systems are widely used for sizing a wide variety of multifilament yarns, such as ",scraped_from_ilcd
c484d3e5-0522-5dc5-957a-a0b839a70bb0,,materials,processes/c484d3e5-0522-5dc5-957a-a0b839a70bb0.xml,1,kg,GLO,materials,,,Knitting is a method by which yarn is manipulated to create a textile or fabric. Warp knitting is de,scraped_from_ilcd
728c33a3-0914-5474-9623-30e0b4ec9dc0,,materials,processes/728c33a3-0914-5474-9623-30e0b4ec9dc0.xml,1,kg,US,materials,,,Ginning is a mechanical process to separate fibers from seeds. This dataset includes the transport f,scraped_from_ilcd
7127bdd6-9785-5170-b11d-3947e4451742,,materials,processes/7127bdd6-9785-5170-b11d-3947e4451742.xml,1,kg,GLO,materials,,,"In this model, the baseline is formed by 30% knitted polyester fabric. The coating, which makes up 6",scraped_from_ilcd
75285e9f-f60d-507c-b5d5-640618c9ea59,,materials,processes/75285e9f-f60d-507c-b5d5-640618c9ea59.xml,1,kg,GLO,materials,,,"Yarn production activity includes Opening, Cleaning, Blending, Carding, Drafting, combing, roving, s",scraped_from_ilcd
d37a8d59-764b-516e-87bf-b52a1ef1c347,,materials,processes/d37a8d59-764b-516e-87bf-b52a1ef1c347.xml,1,kg,GLO,materials,,,"Raising process, raises the surface fibers of a fabric by means of passage over rapidly revolving cy",scraped_from_ilcd
ef85ab02-28c7-51b8-91ea-caa04f715fb7,,materials,processes/ef85ab02-28c7-51b8-91ea-caa04f715fb7.xml,1,kg,AU,materials,,,The environmental impact cotton fibre includes cultivation and delintint the Seed cotton. The ginnin,scraped_from_ilcd
4a635764-3179-5c01-b303-69c03fa9fd79,,materials,processes/4a635764-3179-5c01-b303-69c03fa9fd79.xml,1,kg,GLO,materials,,,"Coating is the application of polymer onto a textile as a paste, foam or viscous liquid. The applica",scraped_from_ilcd
79193782-e233-5fd5-ad51-942d78298ed5,,materials,processes/79193782-e233-5fd5-ad51-942d78298ed5.xml,1,kg,GLO,materials,,,"Coating is the application of polymer onto a textile as a paste, foam or viscous liquid. The applica",scraped_from_ilcd
ac6928e7-55d8-5715-8a59-5d793a536638,,materials,processes/ac6928e7-55d8-5715-8a59-5d793a536638.xml,1,kg,GLO,materials,,,Australian Wool/Lamb production is taken as basis for alpaca wool production and then adapted to mak,scraped_from_ilcd
5e92a350-40b8-5599-9e5e-cae84b9bc48c,,materials,processes/5e92a350-40b8-5599-9e5e-cae84b9bc48c.xml,1,kg,GLO,materials,,,"While Open End yarn production; electricity, heat energy are consumed and raw material wastes occurs",scraped_from_ilcd
ce73dbb0-e786-59fb-96f8-6f0d9fd35e35,,materials,processes/ce73dbb0-e786-59fb-96f8-6f0d9fd35e35.xml,1,kg,GLO,materials,,,Knitting is a method by which yarn is manipulated to create a textile or fabric. Circular knitting i,scraped_from_ilcd
2841e5d3-3afe-5344-bd7a-0cd4f3dbafa0,,materials,processes/2841e5d3-3afe-5344-bd7a-0cd4f3dbafa0.xml,1,kg,GLO,materials,,,"While Open End yarn production; electricity, heat energy are consumed and raw material wastes occurs",scraped_from_ilcd
8d640595-0e0d-56da-ab41-34571e90a3be,,materials,processes/8d640595-0e0d-56da-ab41-34571e90a3be.xml,1,kg,GLO,materials,,,"The recycling yield is 97%, therefore a waste cotton input of 1.031 kg has to be added.",scraped_from_ilcd
275e9b97-e51d-5e21-8332-5fb230fe1f05,,materials,processes/275e9b97-e51d-5e21-8332-5fb230fe1f05.xml,1,kg,GLO,materials,,,"Yarn production activity includes Opening, Cleaning, Blending, Carding, Drafting, combing, roving, s",scraped_from_ilcd
f4f9f304-1dd7-5af9-ad1e-a9a5cbc5935a,,materials,processes/f4f9f304-1dd7-5af9-ad1e-a9a5cbc5935a.xml,1,kg,GLO,materials,,,Batch process conducted in High Pressure Jigger Dyeing machine with maximum temperature of 140°C and,scraped_from_ilcd
6a249004-0e04-5f56-ab07-7123f859eed6,,materials,processes/6a249004-0e04-5f56-ab07-7123f859eed6.xml,1,kg,GLO,materials,,,"In melt spinning, thermoplastic polymer granules are fed into an extruder and then the polymer melt ",scraped_from_ilcd
befb9408-1155-518e-bc5f-08db0684c8f6,,materials,processes/befb9408-1155-518e-bc5f-08db0684c8f6.xml,1,kg,GLO,materials,,,This dataset represent post-consumer wool recycling. Post-consumer waste is made up of clothing disc,scraped_from_ilcd
5ecb98d6-9ed0-59a9-be5e-695cb7db600f,,materials,processes/5ecb98d6-9ed0-59a9-be5e-695cb7db600f.xml,1,kg,GLO,materials,,,"Yarn production activity includes Opening, Cleaning, Blending, Carding, Drafting, combing, roving, s",scraped_from_ilcd
78bcc12a-554c-504e-a479-cdae5a1c8eec,,materials,processes/78bcc12a-554c-504e-a479-cdae5a1c8eec.xml,1,kg,EU+EFTA+UK,materials,,,The process of fiberization can be energy intensive due to the high mechanical pressure required for,scraped_from_ilcd
d5df0c3d-3675-5461-96ed-f541484d690c,,materials,processes/d5df0c3d-3675-5461-96ed-f541484d690c.xml,1,kg,GLO,materials,,,Weaving is a method of textile production in which two distinct sets of yarns or threads are interla,scraped_from_ilcd
202da944-7ccf-5f74-93cd-7a0d23ee9a69,,materials,processes/202da944-7ccf-5f74-93cd-7a0d23ee9a69.xml,1,kg,GLO,materials,,,"Yarn production activity includes Opening, Cleaning, Blending, Carding, Drafting, combing, roving, s",scraped_from_ilcd
52f169d8-7016-522b-b39e-66d75eaeaa95,,materials,processes/52f169d8-7016-522b-b39e-66d75eaeaa95.xml,1,kg,GLO,materials,,,"While Open End yarn production; electricity, heat energy are consumed and raw material wastes occurs",scraped_from_ilcd
1aaa3b49-e588-50c9-8e02-2b9bf8784e4d,,materials,processes/1aaa3b49-e588-50c9-8e02-2b9bf8784e4d.xml,1,kg,GLO,materials,,,"Elastics can be produced with materials of Polyester, Lycra, Nylon, PP, Cotton. While production of ",scraped_from_ilcd
09b6a4a7-14bd-5738-a17d-21af281b3fae,,materials,processes/09b6a4a7-14bd-5738-a17d-21af281b3fae.xml,1,kg,GLO,materials,,,"While Open End yarn production; electricity, heat energy are consumed and raw material wastes occurs",scraped_from_ilcd
5889bdcc-c444-5cde-9f0c-70048d2cf7fb,,materials,processes/5889bdcc-c444-5cde-9f0c-70048d2cf7fb.xml,1,kg,GLO,materials,,,"In melt spinning, thermoplastic polymer granules are fed into an extruder and then the polymer melt ",scraped_from_ilcd
85f8d6e6-eb47-5bca-9bc3-60d74cd03e64,,materials,processes/85f8d6e6-eb47-5bca-9bc3-60d74cd03e64.xml,1,kg,GLO,materials,,,"Yarn production activity includes Opening, Cleaning, Blending, Carding, Drafting, combing, roving, s",scraped_from_ilcd
ad3f3dec-d2fd-59d4-8093-64b80d032262,,materials,processes/ad3f3dec-d2fd-59d4-8093-64b80d032262.xml,1,kg,GLO,materials,,,"While Open End yarn production; electricity, heat energy are consumed and raw material wastes occurs",scraped_from_ilcd
45b8237c-06c8-57d6-9b6d-6ceda9880cc6,,materials,processes/45b8237c-06c8-57d6-9b6d-6ceda9880cc6.xml,1,kg,GLO,materials,,,"While Open End yarn production; electricity, heat energy are consumed and raw material wastes occurs",scraped_from_ilcd
0562a0ac-5588-505e-8d37-cd14c9a434ab,,materials,processes/0562a0ac-5588-505e-8d37-cd14c9a434ab.xml,1,kg,GLO,materials,,,"While Open End yarn production; electricity, heat energy are consumed and raw material wastes occurs",scraped_from_ilcd
48ca4875-90f3-47c6-8e18-85eadb12aa7e,,materials,processes/48ca4875-90f3-47c6-8e18-85eadb12aa7e.xml,1,kg,PL,materials,,,"The data set represents the incineration of textile waste. 99% are assumed to be cotton, 1% is wool.",scraped_from_ilcd
625f08fb-5610-577a-9449-de68b99893ce,,materials,processes/625f08fb-5610-577a-9449-de68b99893ce.xml,1,kg,EU+EFTA+UK,materials,,,"Knitting is a method by which yarn is manipulated to create a textile or fabric.

A user employing t",scraped_from_ilcd
77d000e3-e122-555e-b61a-aa67e9d84e87,,materials,processes/77d000e3-e122-555e-b61a-aa67e9d84e87.xml,1,kg,GLO,materials,,,"This activity is modeled as a service, so no input of textile is considered. Electricity consumption",scraped_from_ilcd
31565a5f-93b2-549a-a622-7e80f940bff6,,materials,processes/31565a5f-93b2-549a-a622-7e80f940bff6.xml,1,kg,GLO,materials,,,"While Open End yarn production; electricity, heat energy are consumed and raw material wastes occurs",scraped_from_ilcd
681591fd-8428-5ce3-9ed9-a52dedc78610,,materials,processes/681591fd-8428-5ce3-9ed9-a52dedc78610.xml,1,kg,GLO,materials,,,Weaving is a method of textile production in which two distinct sets of yarns or threads are interla,scraped_from_ilcd
48a1b08f-2ad7-40f6-a416-09511581b8fc,,materials,processes/48a1b08f-2ad7-40f6-a416-09511581b8fc.xml,1,kg,GB,materials,,,"The data set represents the incineration of textile waste. 99% are assumed to be cotton, 1% is wool.",scraped_from_ilcd
30c55ce7-db66-5462-8a0e-e9d54a780fa6,,materials,processes/30c55ce7-db66-5462-8a0e-e9d54a780fa6.xml,1,kg,AU,materials,,,The environmental impact cotton fibre includes cultivation and delintint the Seed cotton. The ginnin,scraped_from_ilcd
0e4d958e-560b-5e0a-9d60-1e9e2632610d,,materials,processes/0e4d958e-560b-5e0a-9d60-1e9e2632610d.xml,1,kg,US,materials,,,Ginning is a mechanical process to separate fibers from seeds. This dataset includes the transport f,scraped_from_ilcd
cfbf998c-3330-536f-a939-6ce549547ee6,,materials,processes/cfbf998c-3330-536f-a939-6ce549547ee6.xml,1,kg,AU,materials,,,"System boundaries include all the stages needed for the processing of raw wool (Scouring, spinning a",scraped_from_ilcd
b51acee6-68f3-5260-b15a-3d3ef1a776a0,,materials,processes/b51acee6-68f3-5260-b15a-3d3ef1a776a0.xml,1,kg,GLO,materials,,,"While Open End yarn production; electricity, heat energy are consumed and raw material wastes occurs",scraped_from_ilcd
a38f3560-2c9c-5595-b0d3-8168337fba37,,materials,processes/a38f3560-2c9c-5595-b0d3-8168337fba37.xml,1,kg,GLO,materials,,,"Yarn production activity includes Opening, Cleaning, Blending, Carding, Drafting, combing, roving, s",scraped_from_ilcd
c4e521b5-6c6b-53df-89ba-4a0b5feabf15,,materials,processes/c4e521b5-6c6b-53df-89ba-4a0b5feabf15.xml,1,kg,GLO,materials,,,This process is performed in a beam dyer for open width dyeing at high temperature. This process is ,scraped_from_ilcd
7697ac2c-c484-5e72-b377-c5ff0ba335b5,,materials,processes/7697ac2c-c484-5e72-b377-c5ff0ba335b5.xml,1,kg,GLO,materials,,,"Yarn production activity includes Opening, Cleaning, Blending, Carding, Drafting, combing, roving, s",scraped_from_ilcd
f612cbb3-b108-5c5b-a876-c48576032ee2,,materials,processes/f612cbb3-b108-5c5b-a876-c48576032ee2.xml,1,kg,GLO,materials,,,"Yarn production activity includes Opening, Cleaning, Blending, Carding, Drafting, combing, roving, s",scraped_from_ilcd
7f462164-00d3-5a02-a50f-0ea7493e4f65,,materials,processes/7f462164-00d3-5a02-a50f-0ea7493e4f65.xml,1,kg,GLO,materials,,,"Yarn production activity includes Opening, Cleaning, Blending, Carding, Drafting, combing, roving, s",scraped_from_ilcd
1e54c68b-0449-50e3-8a22-16364982afd2,,materials,processes/1e54c68b-0449-50e3-8a22-16364982afd2.xml,1,kg,GLO,materials,,,Polyamide and polyester fibres are generally adequately scoured using an alkyl polyoxyethylene sulph,scraped_from_ilcd
6de06695-f084-5b27-be08-c62f4080eddc,,materials,processes/6de06695-f084-5b27-be08-c62f4080eddc.xml,1,kg,GLO,materials,,,Weaving is a method of textile production in which two distinct sets of yarns or threads are interla,scraped_from_ilcd
6c2d4ce9-1caa-5384-926d-bcb7adf1996f,,materials,processes/6c2d4ce9-1caa-5384-926d-bcb7adf1996f.xml,1,kg,GLO,materials,,,"Yarn production activity includes Opening, Cleaning, Blending, Carding, Drafting, combing, roving, s",scraped_from_ilcd
cb8e637b-4c7a-4e88-bf08-3973d08f84e7,,materials,processes/cb8e637b-4c7a-4e88-bf08-3973d08f84e7.xml,1,kg,CH,materials,,,"The data set represents the incineration of textile waste. 99% are assumed to be cotton, 1% is wool.",scraped_from_ilcd
75d701c1-b1c0-589a-92e1-23d8a0b62036,,materials,processes/75d701c1-b1c0-589a-92e1-23d8a0b62036.xml,1,kg,GLO,materials,,,Weaving is a method of textile production in which two distinct sets of yarns or threads are interla,scraped_from_ilcd
819ce929-3cbb-5631-90bc-413b7ecc7841,,materials,processes/819ce929-3cbb-5631-90bc-413b7ecc7841.xml,1,kg,GLO,materials,,,"While Open End yarn production; electricity, heat energy are consumed and raw material wastes occurs",scraped_from_ilcd
d3741a5b-e516-596b-a439-d1f23f4dad68,,materials,processes/d3741a5b-e516-596b-a439-d1f23f4dad68.xml,1,kg,GLO,materials,,,Hollow fibers are produced at traditional fiber spinning lines with special spinnerets. This process,scraped_from_ilcd
911f2e10-8304-57ae-9d87-994258dfdcee,,materials,processes/911f2e10-8304-57ae-9d87-994258dfdcee.xml,1,kg,GLO,materials,,,"While Open End yarn production; electricity, heat energy are consumed and raw material wastes occurs",scraped_from_ilcd
bd8dd190-687f-5e75-baab-ec752ce52de4,,materials,processes/bd8dd190-687f-5e75-baab-ec752ce52de4.xml,1,kg,GLO,materials,,,Weaving is a method of textile production in which two distinct sets of yarns or threads are interla,scraped_from_ilcd
b5f0bbf9-a5d5-55bd-a3b3-642391f9c9b4,,materials,processes/b5f0bbf9-a5d5-55bd-a3b3-642391f9c9b4.xml,1,kg,GLO,materials,,,The process covers extrusion and melt spinning of synthetic filament yarn production. Synthetic raw ,scraped_from_ilcd
e0ad7aa6-ee36-5e3e-8abf-3463fecf9053,,materials,processes/e0ad7aa6-ee36-5e3e-8abf-3463fecf9053.xml,1,kg,GLO,materials,,,"Yarn production activity includes Opening, Cleaning, Blending, Carding, Drafting, combing, roving, s",scraped_from_ilcd
97ab8179-f245-5854-9154-9e77e5e9d3c0,,materials,processes/97ab8179-f245-5854-9154-9e77e5e9d3c0.xml,1,kg,GLO,materials,,,"Yarn production activity includes Opening, Cleaning, Blending, Carding, Drafting, combing, roving, s",scraped_from_ilcd
4ff45905-9726-5f6e-ac9d-62369878eb89,,materials,processes/4ff45905-9726-5f6e-ac9d-62369878eb89.xml,1,kg,GLO,materials,,,The process starts by soaking fabric for 10 min in dispersion of ZnO particles (5% W/W) and stirred.,scraped_from_ilcd
6d9a8f95-8ed3-5c53-9411-7d31098ae48d,,materials,processes/6d9a8f95-8ed3-5c53-9411-7d31098ae48d.xml,1,kg,GLO,materials,,,Hook-and-loop fasteners are produced from synthetic yarn. and their weaving process are included. Ny,scraped_from_ilcd
12f75d45-6c58-5c03-868f-28a52c422df5,,materials,processes/12f75d45-6c58-5c03-868f-28a52c422df5.xml,1,kg,GLO,materials,,,"Yarn production activity includes Opening, Cleaning, Blending, Carding, Drafting, combing, roving, s",scraped_from_ilcd
e95a426e-b100-5fb4-8b3c-7ebc4b6bb9e4,,materials,processes/e95a426e-b100-5fb4-8b3c-7ebc4b6bb9e4.xml,1,kg,GLO,materials,,,"This data is production mix of production (according to yarn count) which is commented below :
While",scraped_from_ilcd
6df91f4a-d632-50b3-84b2-1ef68bcf06be,,materials,processes/6df91f4a-d632-50b3-84b2-1ef68bcf06be.xml,1,kg,GLO,materials,,,"The compacting machine is a knitted fabric shrinkage control machine, which can compact the fabric i",scraped_from_ilcd
a62361e8-f9c6-57ca-9e2e-6ef86e354072,,materials,processes/a62361e8-f9c6-57ca-9e2e-6ef86e354072.xml,1,kg,ES,materials,,,"The recycling yield is 96%, therefore a waste cotton input of 1.042 kg has to be added.",scraped_from_ilcd
aef16922-c30f-5285-858e-b7ab50afa45a,,materials,processes/aef16922-c30f-5285-858e-b7ab50afa45a.xml,1,kg,GLO,materials,,,Weaving is a method of textile production in which two distinct sets of yarns or threads are interla,scraped_from_ilcd
30559e54-019e-5d7e-825b-d3b41064c19d,,materials,processes/30559e54-019e-5d7e-825b-d3b41064c19d.xml,1,kg,GLO,materials,,,"The application process, which is done by passing the textile product through the liquor in a bath w",scraped_from_ilcd
56262986-7833-50b8-8ff9-15c49205adea,,materials,processes/56262986-7833-50b8-8ff9-15c49205adea.xml,1,kg,GLO,materials,,,"Yarn production activity includes Opening, Cleaning, Blending, Carding, Drafting, combing, roving, s",scraped_from_ilcd
82daa594-f848-512b-8e54-172d31d8ff4f,,materials,processes/82daa594-f848-512b-8e54-172d31d8ff4f.xml,1,kg,GLO,materials,,,System boundaries: The dataset describes the tanning and finishing of sheep  leather. The inventory ,scraped_from_ilcd
1071c895-383e-55c9-a257-69d4636dd0f2,,materials,processes/1071c895-383e-55c9-a257-69d4636dd0f2.xml,1,kg,GLO,materials,,,Weaving is a method of textile production in which two distinct sets of yarns or threads are interla,scraped_from_ilcd
2f33d298-3450-5269-a7e0-58c1cbb0ff20,,materials,processes/2f33d298-3450-5269-a7e0-58c1cbb0ff20.xml,1,kg,GLO,materials,,,"The recycling yield is 97%, therefore a waste cotton input of 1.031 kg has to be added.",scraped_from_ilcd
5044f39e-4039-53de-9e74-d6c5e9098c8b,,materials,processes/5044f39e-4039-53de-9e74-d6c5e9098c8b.xml,1,kg,GLO,materials,,,"Yarn production activity includes Opening, Cleaning, Blending, Carding, Drafting, combing, roving, s",scraped_from_ilcd
0f906b9a-29a7-595a-a5a3-607c11997c2e,,materials,processes/0f906b9a-29a7-595a-a5a3-607c11997c2e.xml,1,kg,GLO,materials,,,"Coating is the application of polymer onto a textile as a paste, foam or viscous liquid. The applica",scraped_from_ilcd
5ed3d800-a656-5bde-ba06-0e82f1712a29,,materials,processes/5ed3d800-a656-5bde-ba06-0e82f1712a29.xml,1,kg,GLO,materials,,,"Waterless dyeing is performed using supercritical carbon dioxide (CO2). For CO2, supercritical fluid",scraped_from_ilcd
1b0dd639-c509-58a6-9259-1d156abcf3c1,,materials,processes/1b0dd639-c509-58a6-9259-1d156abcf3c1.xml,1,kg,GLO,materials,,,"While Open End yarn production; electricity, heat energy are consumed and raw material wastes occurs",scraped_from_ilcd
b03c6e03-35a4-5eee-888d-ab7fddab6c8d,,materials,processes/b03c6e03-35a4-5eee-888d-ab7fddab6c8d.xml,1,kg,GLO,materials,,,"Knitting is a method by which yarn is manipulated to create a textile or fabric.

A user employing t",scraped_from_ilcd
101479ec-b93b-5c3c-9a63-d1aa7f251fbb,,materials,processes/101479ec-b93b-5c3c-9a63-d1aa7f251fbb.xml,1,kg,GLO,materials,,,"Yarn production activity includes Opening, Cleaning, Blending, Carding, Drafting, combing, roving, s",scraped_from_ilcd
a34db134-3f5f-5f76-8f84-a4339ec09360,,materials,processes/a34db134-3f5f-5f76-8f84-a4339ec09360.xml,1,kg,GLO,materials,,,"Knitting is a method by which yarn is manipulated to create a textile or fabric.

A user employing t",scraped_from_ilcd
dd3bab78-1c14-5ec9-bf07-2ee40aaa116d,,materials,processes/dd3bab78-1c14-5ec9-bf07-2ee40aaa116d.xml,1,kg,GLO,materials,,,"Yarn production activity includes Opening, Cleaning, Blending, Carding, Drafting, combing, roving, s",scraped_from_ilcd
90692d18-0f61-5cbf-af2f-07f1e84f3ad7,,materials,processes/90692d18-0f61-5cbf-af2f-07f1e84f3ad7.xml,1,kg,GLO,materials,,,"While Open End yarn production; electricity, heat energy are consumed and raw material wastes occurs",scraped_from_ilcd
cff71472-32c6-54d5-97b9-f051ed99d483,,materials,processes/cff71472-32c6-54d5-97b9-f051ed99d483.xml,1,kg,GLO,materials,,,"While Open End yarn production; electricity, heat energy are consumed and raw material wastes occurs",scraped_from_ilcd
3a0c5873-a245-50e5-8579-6d61719b7b41,,materials,processes/3a0c5873-a245-50e5-8579-6d61719b7b41.xml,1,kg,GLO,materials,,,"Yarn production activity includes Opening, Cleaning, Blending, Carding, Drafting, combing, roving, s",scraped_from_ilcd
526a1689-9b34-560e-b041-3280002c0179,,materials,processes/526a1689-9b34-560e-b041-3280002c0179.xml,1,kg,GLO,materials,,,The process starts by soaking fabric for 10 min in dispersion of ZnO particles (5% W/W) and stirred.,scraped_from_ilcd
fc6d0913-3d24-529f-a375-82b990898227,,materials,processes/fc6d0913-3d24-529f-a375-82b990898227.xml,1,kg,GLO,materials,,,"Yarn production activity includes Opening, Cleaning, Blending, Carding, Drafting, combing, roving, s",scraped_from_ilcd
1cfac329-621e-5626-aebf-3e8da9c515d9,,materials,processes/1cfac329-621e-5626-aebf-3e8da9c515d9.xml,1,kg,GLO,materials,,,"This process covers synthetic filament production, cutting of filaments and spinning by open end (ro",scraped_from_ilcd
2a45fc49-9fd3-57e3-8aaf-39308eff48ee,,materials,processes/2a45fc49-9fd3-57e3-8aaf-39308eff48ee.xml,1,kg,GLO,materials,,,"In melt spinning, thermoplastic polymer granules are fed into an extruder and then the polymer melt ",scraped_from_ilcd
e6ea0585-9aa9-5058-b73f-72bbb1d333e7,,materials,processes/e6ea0585-9aa9-5058-b73f-72bbb1d333e7.xml,1,kg,GLO,materials,,,Weaving is a method of textile production in which two distinct sets of yarns or threads are interla,scraped_from_ilcd
adc23075-5387-5189-bc30-c9527c575233,,materials,processes/adc23075-5387-5189-bc30-c9527c575233.xml,1,kg,GLO,materials,,,The dye used in this model is recipe for pigment as pigment do not form any link with fiber. Pigment,scraped_from_ilcd
94cb70cd-011b-5eed-bcdc-dad9f331ed20,,materials,processes/94cb70cd-011b-5eed-bcdc-dad9f331ed20.xml,1,kg,GLO,materials,,,System boundaries: The dataset describes the tanning and finishing of goat leather. The inventory in,scraped_from_ilcd
49b1de8d-ba2c-5cc8-a494-91516b286623,,materials,processes/49b1de8d-ba2c-5cc8-a494-91516b286623.xml,1,kg,GLO,materials,,,"For the electricity consumption, different type of textile product printing machine electricity cons",scraped_from_ilcd
21c72708-d621-5754-ba52-131b4e9feb13,,materials,processes/21c72708-d621-5754-ba52-131b4e9feb13.xml,1,kg,GLO,materials,,,"Yarn production activity includes Opening, Cleaning, Blending, Carding, Drafting, combing, roving, s",scraped_from_ilcd
4755175e-1886-51b6-88e6-bc1a27191bf0,,materials,processes/4755175e-1886-51b6-88e6-bc1a27191bf0.xml,1,kg,GLO,materials,,,"Yarn production activity includes Opening, Cleaning, Blending, Carding, Drafting, combing, roving, s",scraped_from_ilcd
737984db-d325-57bf-a414-428d3dcd8993,,materials,processes/737984db-d325-57bf-a414-428d3dcd8993.xml,1,kg,GLO,materials,,,Knitting is a method by which yarn is manipulated to create a textile or fabric. Weft knitting is th,scraped_from_ilcd
0ff09b98-4438-5786-b9da-34ff8993b717,,materials,processes/0ff09b98-4438-5786-b9da-34ff8993b717.xml,1,kg,GLO,materials,,,"Yarn production activity includes Opening, Cleaning, Blending, Carding, Drafting, combing, roving, s",scraped_from_ilcd
c5bfb4d4-7e73-560b-91c6-fc68178c6048,,materials,processes/c5bfb4d4-7e73-560b-91c6-fc68178c6048.xml,1,kg,GLO,materials,,,"While Open End yarn production; electricity, heat energy are consumed and raw material wastes occurs",scraped_from_ilcd
0099550b-c168-5748-a7a3-874732eabe3d,,materials,processes/0099550b-c168-5748-a7a3-874732eabe3d.xml,1,kg,GLO,materials,,,"While Open End yarn production; electricity, heat energy are consumed and raw material wastes occurs",scraped_from_ilcd
700cb435-56c8-5d02-992b-911264718299,,materials,processes/700cb435-56c8-5d02-992b-911264718299.xml,1,kg,GLO,materials,,,"While Open End yarn production; electricity, heat energy are consumed and raw material wastes occurs",scraped_from_ilcd
c6d3d1d4-61c0-507e-b087-b63ffe98ef48,,materials,processes/c6d3d1d4-61c0-507e-b087-b63ffe98ef48.xml,1,kg,GLO,materials,,,"Knitting is a method by which yarn is manipulated to create a textile or fabric.

A user employing t",scraped_from_ilcd
1f8f5db6-8300-502e-8db3-47eb094b2644,,materials,processes/1f8f5db6-8300-502e-8db3-47eb094b2644.xml,1,kg,GLO,materials,,,"Yarn production activity includes Opening, Cleaning, Blending, Carding, Drafting, combing, roving, s",scraped_from_ilcd
50da26d1-a5b5-527c-afd9-18f24cd604ec,,materials,processes/50da26d1-a5b5-527c-afd9-18f24cd604ec.xml,1,kg,GLO,materials,,,"While Open End yarn production; electricity, heat energy are consumed and raw material wastes occurs",scraped_from_ilcd
979a3fcb-e5da-5f01-b447-524a774bd968,,materials,processes/979a3fcb-e5da-5f01-b447-524a774bd968.xml,1,kg,GLO,materials,,,"Coating is the application of polymer onto a textile as a paste, foam or viscous liquid. The applica",scraped_from_ilcd
fcf8c791-eb39-59e3-8447-16cdf6fe792d,,materials,processes/fcf8c791-eb39-59e3-8447-16cdf6fe792d.xml,1,kg,GLO,materials,,,"This data covers zipper machine consumptions, production of nylon polymer which is used as raw mater",scraped_from_ilcd
ac0e9a90-8120-5ad5-9259-cc58a48111dc,,materials,processes/ac0e9a90-8120-5ad5-9259-cc58a48111dc.xml,1,kg,GLO,materials,,,"Yarn production activity includes Opening, Cleaning, Blending, Carding, Drafting, combing, roving, s",scraped_from_ilcd
498c8263-a46a-5d5d-a6e7-9394bbb4adc3,,materials,processes/498c8263-a46a-5d5d-a6e7-9394bbb4adc3.xml,1,kg,GLO,materials,,,Hollow fibers are produced at traditional fiber spinning lines with special spinnerets. This process,scraped_from_ilcd
91b6891e-5183-4578-9e3e-71001c5c424c,,materials,processes/91b6891e-5183-4578-9e3e-71001c5c424c.xml,1,kg,EU+EFTA+UK,materials,,,"Foreground system:

Fiber production
A fiber is produced by melting and continual extrusion of th",scraped_from_ilcd
ee214472-df66-526b-a6db-1fd9e438f8fd,,materials,processes/ee214472-df66-526b-a6db-1fd9e438f8fd.xml,1,kg,IN,materials,,,The environmental impact cotton fibre includes cultivation and delintint the Seed cotton. The ginnin,scraped_from_ilcd
25d14878-485e-543e-918f-5164200635bb,,materials,processes/25d14878-485e-543e-918f-5164200635bb.xml,1,kg,GLO,materials,,,This dataset represent post-consumer wool recycling. Post-consumer waste is made up of clothing disc,scraped_from_ilcd
ea7a345c-dd12-5af0-b270-ed5a7657aab2,,materials,processes/ea7a345c-dd12-5af0-b270-ed5a7657aab2.xml,1,kg,GLO,materials,,,Textile preparation processes are the first class of wet processes for textiles. Pretreatment proces,scraped_from_ilcd
4cc1c95e-79bc-55ad-a752-5e3133fbd222,,materials,processes/4cc1c95e-79bc-55ad-a752-5e3133fbd222.xml,1,kg,GLO,materials,,,"While Open End yarn production; electricity, heat energy are consumed and raw material wastes occurs",scraped_from_ilcd
3d2bfdbd-0b70-5c92-8c35-b8692198cbeb,,materials,processes/3d2bfdbd-0b70-5c92-8c35-b8692198cbeb.xml,1,kg,GLO,materials,,,This process is performed in a beam dyer for open width dyeing at high temperature. This process is ,scraped_from_ilcd
477ac9ad-9e3f-5670-b371-b4c7f3de4d01,,materials,processes/477ac9ad-9e3f-5670-b371-b4c7f3de4d01.xml,1,kg,GLO,materials,,,"While Open End yarn production; electricity, heat energy are consumed and raw material wastes occurs",scraped_from_ilcd
eb3db3a8-376d-55da-8c1a-9d8a5e5da1ad,,materials,processes/eb3db3a8-376d-55da-8c1a-9d8a5e5da1ad.xml,1,kg,GLO,materials,,,"The recycling yield is 98%, therefore a waste cotton input of 1.02 kg has to be added.",scraped_from_ilcd
c25c9e11-32b2-550b-ad23-1c3db163125b,,materials,processes/c25c9e11-32b2-550b-ad23-1c3db163125b.xml,1,kg,CN,materials,,,Ginning is a mechanical process to separate fibers from seeds. This dataset includes the transport f,scraped_from_ilcd
14b25825-a121-5304-a163-7454e1bb1566,,materials,processes/14b25825-a121-5304-a163-7454e1bb1566.xml,1,kg,GLO,materials,,,Knitting is a method by which yarn is manipulated to create a textile or fabric. Seamless knitting r,scraped_from_ilcd
50a47a99-2b60-59f4-b05d-bbbe3d83efae,,materials,processes/50a47a99-2b60-59f4-b05d-bbbe3d83efae.xml,1,kg,GLO,materials,,,"Instead of liquid polyester, polyester granules data is used in the model due to lack of data. For t",scraped_from_ilcd
b818302c-df94-5a0b-a07e-96db099772d0,,materials,processes/b818302c-df94-5a0b-a07e-96db099772d0.xml,1,kg,GLO,materials,,,"There are 4 steps in making glass fiber: batch preparation, melting and refining, forming, and post-",scraped_from_ilcd
c6f68ee0-65eb-5da3-8cbe-ce4780295924,,materials,processes/c6f68ee0-65eb-5da3-8cbe-ce4780295924.xml,1,kg,GLO,materials,,,This dataset covers mix of digital printing of fabric which includes single pass and multi pass ink-,scraped_from_ilcd
577dabfb-b5ee-523c-b2c5-4ca922217e15,,materials,processes/577dabfb-b5ee-523c-b2c5-4ca922217e15.xml,1,kg,RSA,materials,,,The process of fiberization can be energy intensive due to the high mechanical pressure required for,scraped_from_ilcd
81d31c95-0354-4fac-80a6-fc7334dd7dbe,,materials,processes/81d31c95-0354-4fac-80a6-fc7334dd7dbe.xml,1,kg,DK,materials,,,"The data set represents the incineration of textile waste. 99% are assumed to be cotton, 1% is wool.",scraped_from_ilcd
8fa9053c-1300-516a-959c-998bcaaf79c1,,materials,processes/8fa9053c-1300-516a-959c-998bcaaf79c1.xml,1,kg,GLO,materials,,,System boundaries: The dataset describes the tanning and finishing of veal  leather. The inventory i,scraped_from_ilcd
fe919204-8d83-5529-bbff-3e8291db2990,,materials,processes/fe919204-8d83-5529-bbff-3e8291db2990.xml,1,kg,GLO,materials,,,"While Open End yarn production; electricity, heat energy are consumed and raw material wastes occurs",scraped_from_ilcd
fe6e1e7a-18f6-5a87-bfd9-4ec7a8ab1888,,materials,processes/fe6e1e7a-18f6-5a87-bfd9-4ec7a8ab1888.xml,1,kg,GLO,materials,,,"In melt spinning, thermoplastic polymer granules are fed into an extruder and then the polymer melt ",scraped_from_ilcd
9571b2e3-51c6-5c27-bff8-f9e62068821b,,materials,processes/9571b2e3-51c6-5c27-bff8-f9e62068821b.xml,1,kg,GLO,materials,,,This dataset aims at representing the global average production of one kg of wool from sheep. The ac,scraped_from_ilcd
dfa7853c-ca63-5460-b1b1-b60084c80afe,,materials,processes/dfa7853c-ca63-5460-b1b1-b60084c80afe.xml,1,kg,GLO,materials,,,Flame lamination is used to adhere polyurethane foam to a textile material. A web of foam from a sup,scraped_from_ilcd
a1e38678-59b6-5ca0-89ea-1bcb4b6ad5fe,,materials,processes/a1e38678-59b6-5ca0-89ea-1bcb4b6ad5fe.xml,1,kg,GLO,materials,,,"While Open End and Ring yarn production; electricity, heat energy are consumed and raw material wast",scraped_from_ilcd
a54780f4-d2e9-55c6-a900-039c939ed365,,materials,processes/a54780f4-d2e9-55c6-a900-039c939ed365.xml,1,kg,KG,materials,,,The environmental impact cotton fibre includes cultivation and delintint the Seed cotton. The ginnin,scraped_from_ilcd
992670e0-5c66-5723-ae97-a12a917208cf,,materials,processes/992670e0-5c66-5723-ae97-a12a917208cf.xml,1,kg,GLO,materials,,,"Yarn production activity includes Opening, Cleaning, Blending, Carding, Drafting, combing, roving, s",scraped_from_ilcd
1ddb4b3c-3692-5d93-97b7-2ce5521fd475,,materials,processes/1ddb4b3c-3692-5d93-97b7-2ce5521fd475.xml,1,kg,GLO,materials,,,Weaving is a method of textile production in which two distinct sets of yarns or threads are interla,scraped_from_ilcd
e124cc32-f17e-51e2-8bd2-c2f0b009aa07,,materials,processes/e124cc32-f17e-51e2-8bd2-c2f0b009aa07.xml,1,kg,GLO,materials,,,"This data is production mix of production (according to yarn count) which is commented below :
While",scraped_from_ilcd
5ad0962d-40fc-5866-8e48-ed4d08bd0b1c,,materials,processes/5ad0962d-40fc-5866-8e48-ed4d08bd0b1c.xml,1,kg,GLO,materials,,,"While Open End yarn production; electricity, heat energy are consumed and raw material wastes occurs",scraped_from_ilcd
830517c1-4204-52ad-a865-e4dcf55bd7c8,,materials,processes/830517c1-4204-52ad-a865-e4dcf55bd7c8.xml,1,kg,GLO,materials,,,"Fabric folding is the process of winding fabrics into clean, stretch-free folded form for easy packa",scraped_from_ilcd
97e64ec5-6f25-5a0c-9823-549cf4cb9031,,materials,processes/97e64ec5-6f25-5a0c-9823-549cf4cb9031.xml,1,kg,ZA,materials,,,This dataset aims at representing the production of one kg of wool from sheep in South Africa. The a,scraped_from_ilcd
454c987a-b644-56e9-bfa7-a59c467c404e,,materials,processes/454c987a-b644-56e9-bfa7-a59c467c404e.xml,1,kg,GLO,materials,,,"Yarn production activity includes Opening, Cleaning, Blending, Carding, Drafting, combing, roving, s",scraped_from_ilcd
4d86d13d-9fcd-51fa-a8db-15c746c93a47,,materials,processes/4d86d13d-9fcd-51fa-a8db-15c746c93a47.xml,1,kg,GLO,materials,,,"Yarn production activity includes Opening, Cleaning, Blending, Carding, Drafting, combing, roving, s",scraped_from_ilcd
20b3cc80-c117-545c-90c1-7fc2c57d7996,,materials,processes/20b3cc80-c117-545c-90c1-7fc2c57d7996.xml,1,kg,GLO,materials,,,Weaving is a method of textile production in which two distinct sets of yarns or threads are interla,scraped_from_ilcd
5a0cee08-e869-5815-be9b-f872b3021860,,materials,processes/5a0cee08-e869-5815-be9b-f872b3021860.xml,1,kg,GLO,materials,,,"Yarn production activity includes Opening, Cleaning, Blending, Carding, Drafting, combing, roving, s",scraped_from_ilcd
a9b7888b-633c-5842-92f2-a11af434008a,,materials,processes/a9b7888b-633c-5842-92f2-a11af434008a.xml,1,kg,GLO,materials,,,"While Ring yarn production; electricity, heat energy are consumed and raw material wastes occurs. El",scraped_from_ilcd
3ba8fb45-4947-5b7c-8736-8693a63fd4bd,,materials,processes/3ba8fb45-4947-5b7c-8736-8693a63fd4bd.xml,1,kg,GLO,materials,,,"In the textile and apparel industry, there are numerous examples of recycling collection and process",scraped_from_ilcd
7c058858-1367-4594-b368-6157f5ce2d31,,materials,processes/7c058858-1367-4594-b368-6157f5ce2d31.xml,1,kg,PT,materials,,,"The data set represents the incineration of textile waste. 99% are assumed to be cotton, 1% is wool.",scraped_from_ilcd
1d946849-6d06-5ef9-9a92-da955f52e815,,materials,processes/1d946849-6d06-5ef9-9a92-da955f52e815.xml,1,kg,GLO,materials,,,Weaving is a method of textile production in which two distinct sets of yarns or threads are interla,scraped_from_ilcd
f8e0b279-ec44-5cc6-9c5c-b5a7c1ab1fe5,,materials,processes/f8e0b279-ec44-5cc6-9c5c-b5a7c1ab1fe5.xml,1,kg,ES,materials,,,"The recycling yield is 96%, therefore a waste cotton input of 1.042 kg has to be added.",scraped_from_ilcd
4490fe40-22e9-5d44-b2d9-98d58e80e9f5,,materials,processes/4490fe40-22e9-5d44-b2d9-98d58e80e9f5.xml,1,kg,GLO,materials,,,"In some cases, textiles should be hydrophobic (water repellent), while other applications require hy",scraped_from_ilcd
454457c2-67d1-59b3-8a07-abe44ac7b2ab,,materials,processes/454457c2-67d1-59b3-8a07-abe44ac7b2ab.xml,1,kg,GLO,materials,,,Shearing is a finishing process in textile manufacturing. The raised nap of a pile fabric are cut to,scraped_from_ilcd
6b8d035a-a790-52f8-b774-15054bdd1910,,materials,processes/6b8d035a-a790-52f8-b774-15054bdd1910.xml,1,kg,GLO,materials,,,The dye used in this model is recipe for disperse dye as this kind of dye is attached to the fabric ,scraped_from_ilcd
3ee0f31b-1f56-5f16-bb47-d8b62d07936c,,materials,processes/3ee0f31b-1f56-5f16-bb47-d8b62d07936c.xml,1,kg,GLO,materials,,,Knitting is a method by which yarn is manipulated to create a textile or fabric. 3D knitting takes a,scraped_from_ilcd
595984b4-5d0b-5661-a110-add414aa81d1,,materials,processes/595984b4-5d0b-5661-a110-add414aa81d1.xml,1,kg,GLO,materials,,,"Yarn production activity includes Opening, Cleaning, Blending, Carding, Drafting, combing, roving, s",scraped_from_ilcd
83bb9ae5-2a53-5fa1-bb34-32d4764f9aba,,materials,processes/83bb9ae5-2a53-5fa1-bb34-32d4764f9aba.xml,1,kg,GLO,materials,,,"Post-consumer viscose fibre textiles are collected and transported to sorting facilities, where non-",scraped_from_ilcd
b9092d6b-7644-51ef-a329-5687e6bda700,,materials,processes/b9092d6b-7644-51ef-a329-5687e6bda700.xml,1,kg,GLO,materials,,,Transfer printing is the term used to describe textile and related printing processes in which the d,scraped_from_ilcd
d80166c2-f5c1-5e1e-a85e-5036a16c050c,,materials,processes/d80166c2-f5c1-5e1e-a85e-5036a16c050c.xml,1,kg,GLO,materials,,,"Yarn production activity includes Opening, Cleaning, Blending, Carding, Drafting, combing, roving, s",scraped_from_ilcd
510d83bf-0485-52ab-945f-bbde7710e78b,,materials,processes/510d83bf-0485-52ab-945f-bbde7710e78b.xml,1,kg,GLO,materials,,,"Coating is the application of polymer onto a textile as a paste, foam or viscous liquid. The applica",scraped_from_ilcd
7eb713c8-0c1b-5abb-9826-441d189b05dd,,materials,processes/7eb713c8-0c1b-5abb-9826-441d189b05dd.xml,1,kg,GLO,materials,,,"In this model, the baseline is formed by 30% knitted polyester fabric. The coating, which makes up 6",scraped_from_ilcd
f8d6fdf9-9998-5e5a-bede-16cdf85a92db,,materials,processes/f8d6fdf9-9998-5e5a-bede-16cdf85a92db.xml,1,kg,GLO,materials,,,"Coating is the application of polymer onto a textile as a paste, foam or viscous liquid. The applica",scraped_from_ilcd
99a84acc-86b2-51fe-9d50-4647074c0a3e,,materials,processes/99a84acc-86b2-51fe-9d50-4647074c0a3e.xml,1,kg,GLO,materials,,,"While Open End yarn production; electricity, heat energy are consumed and raw material wastes occurs",scraped_from_ilcd
47e0279c-c7ab-5e32-b1ef-dedf2f04ae59,,materials,processes/47e0279c-c7ab-5e32-b1ef-dedf2f04ae59.xml,1,kg,GLO,materials,,,"Yarn production activity includes Opening, Cleaning, Blending, Carding, Drafting, combing, roving, s",scraped_from_ilcd
f7fe1855-4016-5bf3-994e-a0c0b5578f52,,materials,processes/f7fe1855-4016-5bf3-994e-a0c0b5578f52.xml,1,kg,EU+EFTA+UK,materials,,,The process of twisting is an indispensable means of improving certain yarn properties and satisfyin,scraped_from_ilcd
70000901-0d00-5c88-b5dd-732af0035e97,,materials,processes/70000901-0d00-5c88-b5dd-732af0035e97.xml,1,kg,GLO,materials,,,"Yarn production activity includes Opening, Cleaning, Blending, Carding, Drafting, combing, roving, s",scraped_from_ilcd
d52e4ab5-90be-5238-b126-6c85e7832920,,materials,processes/d52e4ab5-90be-5238-b126-6c85e7832920.xml,1,kg,RO (REGION OCEANIA),materials,,,The process of fiberization can be energy intensive due to the high mechanical pressure required for,scraped_from_ilcd
4004d57c-93db-5e2c-b7cb-a1487b7111dd,,materials,processes/4004d57c-93db-5e2c-b7cb-a1487b7111dd.xml,1,kg,GLO,materials,,,"Elastics can be produced with materials of Polyester, Lycra, Nylon, PP, Cotton. While production of ",scraped_from_ilcd
35bf51f1-c68a-57ef-b7fa-4022e894043d,,materials,processes/35bf51f1-c68a-57ef-b7fa-4022e894043d.xml,1,kg,GLO,materials,,,"Yarn production activity includes Opening, Cleaning, Blending, Carding, Drafting, combing, roving, s",scraped_from_ilcd
49f0f314-66c5-5e06-832b-db1ca577039f,,materials,processes/49f0f314-66c5-5e06-832b-db1ca577039f.xml,1,kg,GLO,materials,,,"While Open End yarn production; electricity, heat energy are consumed and raw material wastes occurs",scraped_from_ilcd
578b7c65-6ac1-520b-aabf-35d314a5afa3,,materials,processes/578b7c65-6ac1-520b-aabf-35d314a5afa3.xml,1,kg,RO (REGION OCEANIA),materials,,,The process of fiberization can be energy intensive due to the high mechanical pressure required for,scraped_from_ilcd
4cded26e-5dfd-5e19-a6c3-eca6c1e9ad65,,materials,processes/4cded26e-5dfd-5e19-a6c3-eca6c1e9ad65.xml,1,kg,GLO,materials,,,"Yarn production activity includes Opening, Cleaning, Blending, Carding, Drafting, combing, roving, s",scraped_from_ilcd
4791fbc5-51ef-59f9-9b54-c53be974fc76,,materials,processes/4791fbc5-51ef-59f9-9b54-c53be974fc76.xml,1,kg,ZA,materials,,,"System boundaries include all the stages needed for the processing of raw wool (Scouring, spinning a",scraped_from_ilcd
6ed7c0f7-773e-5af9-b29e-1e4f6a748da4,,materials,processes/6ed7c0f7-773e-5af9-b29e-1e4f6a748da4.xml,1,kg,GLO,materials,,,"Knitting is a method by which yarn is manipulated to create a textile or fabric.

A user employing t",scraped_from_ilcd
cfecf535-a658-5d3f-bdb3-76b981d7ddab,,materials,processes/cfecf535-a658-5d3f-bdb3-76b981d7ddab.xml,1,kg,KG,materials,,,The environmental impact cotton fibre includes cultivation and delintint the Seed cotton. The ginnin,scraped_from_ilcd
75e2a1d1-794e-5df2-a8e9-420e64dff1cd,,materials,processes/75e2a1d1-794e-5df2-a8e9-420e64dff1cd.xml,1,kg,GLO,materials,,,System boundaries: The dataset describes the tanning and finishing of sheep  leather. The inventory ,scraped_from_ilcd
6f2518ff-da8b-4905-99d4-ff6823fdc096,,materials,processes/6f2518ff-da8b-4905-99d4-ff6823fdc096.xml,1,kg,FI,materials,,,"The data set represents the incineration of textile waste. 99% are assumed to be cotton, 1% is wool.",scraped_from_ilcd
6b520299-ab4c-56c5-aa44-5df33db112d4,,materials,processes/6b520299-ab4c-56c5-aa44-5df33db112d4.xml,1,kg,AU,materials,,,This dataset aims at representing the production of one kg of wool from sheep produced in Australia.,scraped_from_ilcd
42491666-d00a-574f-b4f0-ce669a8120ac,,materials,processes/42491666-d00a-574f-b4f0-ce669a8120ac.xml,1,kg,GLO,materials,,,System boundaries: The dataset describes the tanning and finishing of goat leather. The inventory in,scraped_from_ilcd
2129be8f-4202-50b6-9b52-aa303708b3d6,,materials,processes/2129be8f-4202-50b6-9b52-aa303708b3d6.xml,1,kg,GLO,materials,,,"Coating is the application of polymer onto a textile as a paste, foam or viscous liquid. The applica",scraped_from_ilcd
3c978c0c-b643-53dd-ae06-936625f68fee,,materials,processes/3c978c0c-b643-53dd-ae06-936625f68fee.xml,1,kg,GLO,materials,,,"Knitting is a method by which yarn is manipulated to create a textile or fabric.

A user employing t",scraped_from_ilcd
5b842522-0fe7-5eca-942e-3e8b8cc7e2c2,,materials,processes/5b842522-0fe7-5eca-942e-3e8b8cc7e2c2.xml,1,kg,GLO,materials,,,Weaving is a method of textile production in which two distinct sets of yarns or threads are interla,scraped_from_ilcd
59de7ad5-d1be-557f-ac62-3bbf6eaec540,,materials,processes/59de7ad5-d1be-557f-ac62-3bbf6eaec540.xml,1,kg,GLO,materials,,,"Yarn production activity includes Opening, Cleaning, Blending, Carding, Drafting, combing, roving, s",scraped_from_ilcd
8347b606-9f4c-518a-ac04-a92754d93a47,,materials,processes/8347b606-9f4c-518a-ac04-a92754d93a47.xml,1,kg,RAS,materials,,,The process of fiberization can be energy intensive due to the high mechanical pressure required for,scraped_from_ilcd
f174eb24-95cc-5be9-92d2-cf9bbe7e08d2,,materials,processes/f174eb24-95cc-5be9-92d2-cf9bbe7e08d2.xml,1,kg,GLO,materials,,,Hook-and-loop fasteners are produced from synthetic yarn. and their weaving process are included. Ny,scraped_from_ilcd
03cc042c-1b74-5ce7-a554-04ab7e724428,,materials,processes/03cc042c-1b74-5ce7-a554-04ab7e724428.xml,1,kg,GLO,materials,,,"Yarn production activity includes Opening, Cleaning, Blending, Carding, Drafting, combing, roving, s",scraped_from_ilcd
a12c38d0-ded1-54be-89f4-28028e51d638,,materials,processes/a12c38d0-ded1-54be-89f4-28028e51d638.xml,1,kg,GLO,materials,,,"Coating is the application of polymer onto a textile as a paste, foam or viscous liquid. The applica",scraped_from_ilcd
e7bb4ea4-c2f7-5fd6-afc0-ddae00c3efb2,,materials,processes/e7bb4ea4-c2f7-5fd6-afc0-ddae00c3efb2.xml,1,kg,GLO,materials,,,The hot cutting knife would melts the polymer filaments of the synthetic fabric precisely. Hot knife,scraped_from_ilcd
13ddaa2c-3645-4f12-b9a0-2c92a0c0de8e,,materials,processes/13ddaa2c-3645-4f12-b9a0-2c92a0c0de8e.xml,1,kg,IT,materials,,,"The data set represents the incineration of textile waste. 99% are assumed to be cotton, 1% is wool.",scraped_from_ilcd
74404e8c-2745-5a1d-a3c4-3dc4566b323a,,materials,processes/74404e8c-2745-5a1d-a3c4-3dc4566b323a.xml,1,kg,GLO,materials,,,"Single-end sizing systems are widely used for sizing a wide variety of multifilament yarns, such as ",scraped_from_ilcd
8f55cb68-5c27-5359-affb-31d37e15356e,,materials,processes/8f55cb68-5c27-5359-affb-31d37e15356e.xml,1,kg,EG,materials,,,The environmental impact cotton fibre includes cultivation and delintint the Seed cotton. The ginnin,scraped_from_ilcd
750431dd-7541-58ff-bfe0-1af6d546bedb,,materials,processes/750431dd-7541-58ff-bfe0-1af6d546bedb.xml,1,kg,GLO,materials,,,"Coating is the application of polymer onto a textile as a paste, foam or viscous liquid. The applica",scraped_from_ilcd
3f96ee08-6d40-5236-a6ef-4e30505b8dcc,,materials,processes/3f96ee08-6d40-5236-a6ef-4e30505b8dcc.xml,1,kg,GLO,materials,,,"Coating is the application of polymer onto a textile as a paste, foam or viscous liquid. The applica",scraped_from_ilcd
2c034b64-763e-5529-bce8-bbc1ba9aa288,,materials,processes/2c034b64-763e-5529-bce8-bbc1ba9aa288.xml,1,kg,GLO,materials,,,Flame lamination is used to adhere polyurethane foam to a textile material. A web of foam from a sup,scraped_from_ilcd
98386eec-4101-5538-967f-d9ddea2ad81f,,materials,processes/98386eec-4101-5538-967f-d9ddea2ad81f.xml,1,kg,GLO,materials,,,"Yarn production activity includes Opening, Cleaning, Blending, Carding, Drafting, combing, roving, s",scraped_from_ilcd
7e5f5453-f964-5ce4-a0e5-cde6770bfe59,,materials,processes/7e5f5453-f964-5ce4-a0e5-cde6770bfe59.xml,1,kg,GLO,materials,,,"Knitting is a method by which yarn is manipulated to create a textile or fabric.

A user employing t",scraped_from_ilcd
c1f4a4ad-d7ef-5f02-bbeb-55106d55e121,,materials,processes/c1f4a4ad-d7ef-5f02-bbeb-55106d55e121.xml,1,kg,AU,materials,,,"System boundaries include all the stages needed for the processing of raw wool (Scouring, spinning a",scraped_from_ilcd
726d89d1-d9d6-5cce-a052-2f824aa90526,,materials,processes/726d89d1-d9d6-5cce-a052-2f824aa90526.xml,1,kg,TJ,materials,,,Ginning is a mechanical process to separate fibers from seeds. This dataset includes the transport f,scraped_from_ilcd
9abe7a40-d565-5e17-a97f-a9170b65c2b4,,materials,processes/9abe7a40-d565-5e17-a97f-a9170b65c2b4.xml,1,kg,ZA,materials,,,"System boundaries include all the stages needed for the processing of raw wool (Scouring, spinning a",scraped_from_ilcd
8dd31a61-99af-5a2e-b81a-756edd570377,,materials,processes/8dd31a61-99af-5a2e-b81a-756edd570377.xml,1,kg,GLO,materials,,,"Yarn production activity includes Opening, Cleaning, Blending, Carding, Drafting, combing, roving, s",scraped_from_ilcd
f610aff8-f0d6-5878-807a-92117ddb5f03,,materials,processes/f610aff8-f0d6-5878-807a-92117ddb5f03.xml,1,kg,GLO,materials,,,Hollow fibers are produced at traditional fiber spinning lines with special spinnerets. This process,scraped_from_ilcd
fd8b00ee-a17a-5941-8d64-6151629f3cfc,,materials,processes/fd8b00ee-a17a-5941-8d64-6151629f3cfc.xml,1,kg,GLO,materials,,,"Coating is the application of polymer onto a textile as a paste, foam or viscous liquid. The applica",scraped_from_ilcd
d30f318e-dbb9-5253-95bd-7cda2eaeb9bf,,materials,processes/d30f318e-dbb9-5253-95bd-7cda2eaeb9bf.xml,1,kg,GLO,materials,,,"Fabric folding is the process of winding fabrics into clean, stretch-free folded form for easy packa",scraped_from_ilcd
339407d4-e38a-506b-b9a6-0d38e2b979e3,,materials,processes/339407d4-e38a-506b-b9a6-0d38e2b979e3.xml,1,kg,GLO,materials,,,"The application process, which is done by passing the textile product through the liquor in a bath w",scraped_from_ilcd
74f2fa5f-5a86-5710-8dfa-b5375cc93ab6,,materials,processes/74f2fa5f-5a86-5710-8dfa-b5375cc93ab6.xml,1,kg,ZA,materials,,,"System boundaries include all the stages needed for the processing of raw wool (Scouring, spinning a",scraped_from_ilcd
51ecc374-2364-5603-af1b-2003a37795d4,,materials,processes/51ecc374-2364-5603-af1b-2003a37795d4.xml,1,kg,GLO,materials,,,"In general, PET and nylon threads are used for apparel production. So, this data represents producti",scraped_from_ilcd
2aa6f78f-4d4a-54b3-9e34-e32e4b60e8ad,,materials,processes/2aa6f78f-4d4a-54b3-9e34-e32e4b60e8ad.xml,1,kg,GLO,materials,,,"Yarn production activity includes Opening, Cleaning, Blending, Carding, Drafting, combing, roving, s",scraped_from_ilcd
71836ba7-7047-5d43-9f21-2c34b755d2ab,,materials,processes/71836ba7-7047-5d43-9f21-2c34b755d2ab.xml,1,kg,GLO,materials,,,"While Open End yarn production; electricity, heat energy are consumed and raw material wastes occurs",scraped_from_ilcd
f1cc8946-cced-51b5-8715-8df12c6c0f5c,,materials,processes/f1cc8946-cced-51b5-8715-8df12c6c0f5c.xml,1,kg,GLO,materials,,,"Yarn production activity includes Opening, Cleaning, Blending, Carding, Drafting, combing, roving, s",scraped_from_ilcd
7a053174-b00a-5d12-b51f-4d58cf4b3bb3,,materials,processes/7a053174-b00a-5d12-b51f-4d58cf4b3bb3.xml,1,kg,GLO,materials,,,"While Open End yarn production; electricity, heat energy are consumed and raw material wastes occurs",scraped_from_ilcd
02eb9a39-6d89-59a5-b80f-9a58a0a2f355,,materials,processes/02eb9a39-6d89-59a5-b80f-9a58a0a2f355.xml,1,kg,GLO,materials,,,"Yarn production activity includes Opening, Cleaning, Blending, Carding, Drafting, combing, roving, s",scraped_from_ilcd
d438435d-3136-5580-bc92-05da89b342fa,,materials,processes/d438435d-3136-5580-bc92-05da89b342fa.xml,1,kg,GLO,materials,,,"Yarn production activity includes Opening, Cleaning, Blending, Carding, Drafting, combing, roving, s",scraped_from_ilcd
2071f3f7-5a62-5a9e-8903-7a73c15335e7,,materials,processes/2071f3f7-5a62-5a9e-8903-7a73c15335e7.xml,1,kg,GLO,materials,,,"Yarn production activity includes Opening, Cleaning, Blending, Carding, Drafting, combing, roving, s",scraped_from_ilcd
1c64c9aa-d8b4-5bb2-9365-adad4c790113,,materials,processes/1c64c9aa-d8b4-5bb2-9365-adad4c790113.xml,1,kg,AU,materials,,,The environmental impact cotton fibre includes cultivation and delintint the Seed cotton. The ginnin,scraped_from_ilcd
b868ac54-7369-5971-bbe5-31c6f648af05,,materials,processes/b868ac54-7369-5971-bbe5-31c6f648af05.xml,1,kg,GLO,materials,,,"Colouration of textiles involve a sequential mechanism: migration of dye from bath to fibre surface,",scraped_from_ilcd
42519372-b5a2-5818-a407-ae929ae931b2,,materials,processes/42519372-b5a2-5818-a407-ae929ae931b2.xml,1,kg,GLO,materials,,,"Yarn production activity includes Opening, Cleaning, Blending, Carding, Drafting, combing, roving, s",scraped_from_ilcd
25b58ad7-34fb-5b87-afe7-66f4f6b08aa9,,materials,processes/25b58ad7-34fb-5b87-afe7-66f4f6b08aa9.xml,1,kg,GLO,materials,,,"While Open End yarn production; electricity, heat energy are consumed and raw material wastes occurs",scraped_from_ilcd
a3af20fa-46bb-5cb7-a1c2-eec89f6f728b,,materials,processes/a3af20fa-46bb-5cb7-a1c2-eec89f6f728b.xml,1,kg,GLO,materials,,,"While Open End yarn production; electricity, heat energy are consumed and raw material wastes occurs",scraped_from_ilcd
1aa7a2e5-b06b-509e-92ef-1064bd331c87,,materials,processes/1aa7a2e5-b06b-509e-92ef-1064bd331c87.xml,1,kg,GLO,materials,,,Sueding is a mechanical finishing process in which a fabric is abraded on one or both sides to raise,scraped_from_ilcd
f55b0e44-9cdd-562d-8b25-f46de2ba87d2,,materials,processes/f55b0e44-9cdd-562d-8b25-f46de2ba87d2.xml,1,kg,GLO,materials,,,Napping is a mechanical finishing process in which fibers are raised on the surface of a fabric by m,scraped_from_ilcd
755bf577-ec47-5de8-8324-10d780b69403,,materials,processes/755bf577-ec47-5de8-8324-10d780b69403.xml,1,kg,GLO,materials,,,"Coating is the application of polymer onto a textile as a paste, foam or viscous liquid. The applica",scraped_from_ilcd
2923249f-7421-5940-a3b8-916d045ffdc5,,materials,processes/2923249f-7421-5940-a3b8-916d045ffdc5.xml,1,kg,GLO,materials,,,"Yarn production activity includes Opening, Cleaning, Blending, Carding, Drafting, combing, roving, s",scraped_from_ilcd
b9fdb891-70a1-538b-916e-0515c3114ff9,,materials,processes/b9fdb891-70a1-538b-916e-0515c3114ff9.xml,1,kg,GLO,materials,,,"While Open End yarn production; electricity, heat energy are consumed and raw material wastes occurs",scraped_from_ilcd
a9e6222a-6977-5e7d-83b7-90887e5cd754,,materials,processes/a9e6222a-6977-5e7d-83b7-90887e5cd754.xml,1,kg,GLO,materials,,,"Yarn production activity includes Opening, Cleaning, Blending, Carding, Drafting, combing, roving, s",scraped_from_ilcd
af033226-db7c-5cd0-acca-0bae33f11608,,materials,processes/af033226-db7c-5cd0-acca-0bae33f11608.xml,1,kg,GLO,materials,,,"Yarn production activity includes Opening, Cleaning, Blending, Carding, Drafting, combing, roving, s",scraped_from_ilcd
fd7754b5-4f63-5a22-88f9-0c34b1f4567d,,materials,processes/fd7754b5-4f63-5a22-88f9-0c34b1f4567d.xml,1,kg,GLO,materials,,,"Yarn production activity includes Opening, Cleaning, Blending, Carding, Drafting, combing, roving, s",scraped_from_ilcd
a600cf5c-eff2-527b-8cda-cbc810024c31,,materials,processes/a600cf5c-eff2-527b-8cda-cbc810024c31.xml,1,kg,CN,materials,,,Ginning is a mechanical process to separate fibers from seeds. This dataset includes the transport f,scraped_from_ilcd
00d09aaa-f6b8-5e16-bbc5-4f74d571366f,,materials,processes/00d09aaa-f6b8-5e16-bbc5-4f74d571366f.xml,1,kg,GLO,materials,,,"This data covers zipper machine consumptions, production of nylon polymer which is used as raw mater",scraped_from_ilcd
9e5c2783-4e70-556a-a5c9-aca3c830a2a6,,materials,processes/9e5c2783-4e70-556a-a5c9-aca3c830a2a6.xml,1,kg,GLO,materials,,,The combing process is especially of value with longer cottons where the extreme varia_x0002_tion in,scraped_from_ilcd
a6ef96b3-2e17-5f3d-ab04-cf0c5ca8d194,,materials,processes/a6ef96b3-2e17-5f3d-ab04-cf0c5ca8d194.xml,1,kg,GLO,materials,,,"Several types of compounds and polymers are used as Flame Retardants (FR) for textile materials, inc",scraped_from_ilcd
be8182c9-d8ef-5d45-98e7-8ded6a3fd1c2,,materials,processes/be8182c9-d8ef-5d45-98e7-8ded6a3fd1c2.xml,1,kg,GLO,materials,,,"Coating is the application of polymer onto a textile as a paste, foam or viscous liquid. The applica",scraped_from_ilcd
2158591d-2f2c-5534-9f85-f2d12834e788,,materials,processes/2158591d-2f2c-5534-9f85-f2d12834e788.xml,1,kg,GLO,materials,,,"Knitting is a method by which yarn is manipulated to create a textile or fabric.

A user employing t",scraped_from_ilcd
ba3be928-a4a5-5bc1-9f5e-8f358aefb51e,,materials,processes/ba3be928-a4a5-5bc1-9f5e-8f358aefb51e.xml,1,kg,GLO,materials,,,"While Ring yarn production; electricity, heat energy are consumed and raw material wastes occurs. El",scraped_from_ilcd
c7ea28a2-63f6-501d-b34a-3d817cd9c98c,,materials,processes/c7ea28a2-63f6-501d-b34a-3d817cd9c98c.xml,1,kg,GLO,materials,,,"Yarn production activity includes Opening, Cleaning, Blending, Carding, Drafting, combing, roving, s",scraped_from_ilcd
987ba7eb-bb26-5b10-ab16-2653eef93906,,materials,processes/987ba7eb-bb26-5b10-ab16-2653eef93906.xml,1,kg,GLO,materials,,,"Yarn production activity includes Opening, Cleaning, Blending, Carding, Drafting, combing, roving, s",scraped_from_ilcd
a8588e50-3636-59ff-aba5-65c6abd116d1,,materials,processes/a8588e50-3636-59ff-aba5-65c6abd116d1.xml,1,kg,GLO,materials,,,"Colouration of textiles involve a sequential mechanism: migration of dye from bath to fibre surface,",scraped_from_ilcd
ac08132a-ff7c-5a5f-bd8f-fb444906973d,,materials,processes/ac08132a-ff7c-5a5f-bd8f-fb444906973d.xml,1,kg,ZA,materials,,,This dataset aims at representing the production of one kg of wool from sheep in South Africa. The a,scraped_from_ilcd
52473139-5f2e-58c1-b505-c4fa4841852b,,materials,processes/52473139-5f2e-58c1-b505-c4fa4841852b.xml,1,kg,GLO,materials,,,"Yarn production activity includes Opening, Cleaning, Blending, Carding, Drafting, combing, roving, s",scraped_from_ilcd
080f4627-93c9-5ece-9ac2-b3b18de841d3,,materials,processes/080f4627-93c9-5ece-9ac2-b3b18de841d3.xml,1,kg,GLO,materials,,,Weaving is a method of textile production in which two distinct sets of yarns or threads are interla,scraped_from_ilcd
536f717a-6efc-57a9-8ddf-46ba70a10c1e,,materials,processes/536f717a-6efc-57a9-8ddf-46ba70a10c1e.xml,1,kg,GLO,materials,,,"In melt spinning, thermoplastic polymer granules are fed into an extruder and then the polymer melt ",scraped_from_ilcd
f3da0e16-f93c-5e66-91ab-1e7453310df0,,materials,processes/f3da0e16-f93c-5e66-91ab-1e7453310df0.xml,1,kg,EU+EFTA+UK,materials,,,Tufting is a type of textile weaving in which a thread is inserted on a primary base. A woven fabric,scraped_from_ilcd
2c84b157-ae7e-5d49-97b3-04ddd9fda7d0,,materials,processes/2c84b157-ae7e-5d49-97b3-04ddd9fda7d0.xml,1,kg,GLO,materials,,,"Yarn production activity includes Opening, Cleaning, Blending, Carding, Drafting, combing, roving, s",scraped_from_ilcd
8ae65455-bd3d-5329-9d40-706f2f4e5471,,materials,processes/8ae65455-bd3d-5329-9d40-706f2f4e5471.xml,1,kg,GLO,materials,,,"Knitting is a method by which yarn is manipulated to create a textile or fabric.

A user employing t",scraped_from_ilcd
8d299240-cd61-503c-8b65-4d5b3b704779,,materials,processes/8d299240-cd61-503c-8b65-4d5b3b704779.xml,1,kg,GLO,materials,,,"Yarn production activity includes Opening, Cleaning, Blending, Carding, Drafting, combing, roving, s",scraped_from_ilcd
1df91468-777f-5557-a279-0e201f8b0425,,materials,processes/1df91468-777f-5557-a279-0e201f8b0425.xml,1,kg,GLO,materials,,,"While Ring yarn production; electricity, heat energy are consumed and raw material wastes occurs. El",scraped_from_ilcd
e62cd55f-21f3-5534-87d2-0e88faad9bcb,,materials,processes/e62cd55f-21f3-5534-87d2-0e88faad9bcb.xml,1,kg,GLO,materials,,,"The recycling yield is 97%, therefore a waste cotton input of 1.031 kg has to be added.",scraped_from_ilcd
2baba8c1-ab5f-590b-af68-b1660f11a124,,materials,processes/2baba8c1-ab5f-590b-af68-b1660f11a124.xml,1,kg,GLO,materials,,,"Yarn production activity includes Opening, Cleaning, Blending, Carding, Drafting, combing, roving, s",scraped_from_ilcd
26461f62-f01f-4c49-8512-b51f689bae3c,,materials,processes/26461f62-f01f-4c49-8512-b51f689bae3c.xml,1,kg,GLO w/o EU+EFTA+UK,materials,,,"Foreground system:

Fiber production
A fiber is produced by melting and continual extrusion of th",scraped_from_ilcd
748119f8-ef1e-5d02-98c5-58385932354d,,materials,processes/748119f8-ef1e-5d02-98c5-58385932354d.xml,1,kg,GLO,materials,,,"Yarn production activity includes Opening, Cleaning, Blending, Carding, Drafting, combing, roving, s",scraped_from_ilcd
c286c269-4805-5798-846a-a538697f0aab,,materials,processes/c286c269-4805-5798-846a-a538697f0aab.xml,1,kg,PK,materials,,,The environmental impact cotton fibre includes cultivation and delintint the Seed cotton. The ginnin,scraped_from_ilcd
25f5e802-7a19-5530-9ade-88b1d164343d,,materials,processes/25f5e802-7a19-5530-9ade-88b1d164343d.xml,1,kg,GLO,materials,,,"The application process, which is done by passing the textile product through the liquor in a bath w",scraped_from_ilcd
79775da3-30f5-5e7f-a2c6-bca25fbaf6f8,,materials,processes/79775da3-30f5-5e7f-a2c6-bca25fbaf6f8.xml,1,kg,GLO,materials,,,"While Open End yarn production; electricity, heat energy are consumed and raw material wastes occurs",scraped_from_ilcd
105d486f-1c09-56c3-ac9d-b517cd566fbb,,materials,processes/105d486f-1c09-56c3-ac9d-b517cd566fbb.xml,1,kg,GLO,materials,,,Knitting is a method by which yarn is manipulated to create a textile or fabric. Circular knitting i,scraped_from_ilcd
b2cdf586-7ede-5846-b0fb-d6515f20fda4,,materials,processes/b2cdf586-7ede-5846-b0fb-d6515f20fda4.xml,1,kg,GLO,materials,,,"Yarn production activity includes Opening, Cleaning, Blending, Carding, Drafting, combing, roving, s",scraped_from_ilcd
fcc30c1b-8b53-5ef1-9d46-9d4008d66757,,materials,processes/fcc30c1b-8b53-5ef1-9d46-9d4008d66757.xml,1,kg,GLO,materials,,,"Yarn production activity includes Opening, Cleaning, Blending, Carding, Drafting, combing, roving, s",scraped_from_ilcd
579c203a-e62e-5d81-a1a7-17535df17af7,,materials,processes/579c203a-e62e-5d81-a1a7-17535df17af7.xml,1,kg,GLO,materials,,,"This process covers synthetic filament production, cutting of filaments and spinning by open end (ro",scraped_from_ilcd
05f05730-70be-5cf4-b528-bcd3c0114987,,materials,processes/05f05730-70be-5cf4-b528-bcd3c0114987.xml,1,kg,GLO,materials,,,"While Open End yarn production; electricity, heat energy are consumed and raw material wastes occurs",scraped_from_ilcd
2d06dd6a-c27f-5e0a-9d56-24d4cf52cf89,,materials,processes/2d06dd6a-c27f-5e0a-9d56-24d4cf52cf89.xml,1,kg,GLO,materials,,,"While Open End yarn production; electricity, heat energy are consumed and raw material wastes occurs",scraped_from_ilcd
94a1b444-3baf-5f6c-8afa-7f3723586e97,,materials,processes/94a1b444-3baf-5f6c-8afa-7f3723586e97.xml,1,kg,GLO,materials,,,"While Open End yarn production; electricity, heat energy are consumed and raw material wastes occurs",scraped_from_ilcd
2977f41e-39d2-50d3-a128-4e11f4936e25,,materials,processes/2977f41e-39d2-50d3-a128-4e11f4936e25.xml,1,kg,GLO,materials,,,"Yarn production activity includes Opening, Cleaning, Blending, Carding, Drafting, combing, roving, s",scraped_from_ilcd
489cabec-f088-55eb-a316-a57ffe6e300d,,materials,processes/489cabec-f088-55eb-a316-a57ffe6e300d.xml,1,kg,GLO,materials,,,"Yarn production activity includes Opening, Cleaning, Blending, Carding, Drafting, combing, roving, s",scraped_from_ilcd
9aa672ce-300d-5cba-8ccd-14813a1c2cba,,materials,processes/9aa672ce-300d-5cba-8ccd-14813a1c2cba.xml,1,kg,GLO,materials,,,"In this model, the baseline is formed by 30% knitted polyester fabric. The coating, which makes up 6",scraped_from_ilcd
512089af-9adb-58bf-8a5b-201fad4a731b,,materials,processes/512089af-9adb-58bf-8a5b-201fad4a731b.xml,1,kg,GLO,materials,,,Fibre brushing involve the use of wires or brushes which catch yarns in the textile structure and pu,scraped_from_ilcd
200421fc-0360-5211-82b2-9e01e8a2a71c,,materials,processes/200421fc-0360-5211-82b2-9e01e8a2a71c.xml,1,kg,CN,materials,,,Ginning is a mechanical process to separate fibers from seeds. This dataset includes the transport f,scraped_from_ilcd
010c994e-d6fa-5e0e-bf5b-8002c46bd920,,materials,processes/010c994e-d6fa-5e0e-bf5b-8002c46bd920.xml,1,kg,GLO,materials,,,"Knitting is a method by which yarn is manipulated to create a textile or fabric.

A user employing t",scraped_from_ilcd
d11f0c2d-c819-5e7b-a1cb-4a676c82ca73,,materials,processes/d11f0c2d-c819-5e7b-a1cb-4a676c82ca73.xml,1,kg,GLO,materials,,,"Yarn production activity includes Opening, Cleaning, Blending, Carding, Drafting, combing, roving, s",scraped_from_ilcd
775406ae-9126-5e7b-93f6-57414c408e6c,,materials,processes/775406ae-9126-5e7b-93f6-57414c408e6c.xml,1,kg,BR,materials,,,"This inventory is based on the ecoinvent 3.7.1 dataset  ""fibre production, cotton, ginning GLO"", adj",scraped_from_ilcd
fd67fd83-3a45-5bde-9fb7-b61de97ab3b6,,materials,processes/fd67fd83-3a45-5bde-9fb7-b61de97ab3b6.xml,1,kg,GLO,materials,,,The dye used in this model is recipe for reactive dye as this kind of dye is linked to the fabric by,scraped_from_ilcd
61075261-1b12-5aa4-b41f-7202c5c53da4,,materials,processes/61075261-1b12-5aa4-b41f-7202c5c53da4.xml,1,kg,GLO,materials,,,"Coating is the application of polymer onto a textile as a paste, foam or viscous liquid. The applica",scraped_from_ilcd
c1d003f9-5df4-5e6a-b8ca-764e18026672,,materials,processes/c1d003f9-5df4-5e6a-b8ca-764e18026672.xml,1,kg,GLO,materials,,,"Yarn production activity includes Opening, Cleaning, Blending, Carding, Drafting, combing, roving, s",scraped_from_ilcd
973adbde-f434-5390-b5a5-42c2b2091f9a,,materials,processes/973adbde-f434-5390-b5a5-42c2b2091f9a.xml,1,kg,GLO,materials,,,"While Open End yarn production; electricity, heat energy are consumed and raw material wastes occurs",scraped_from_ilcd
7f05dfb4-fe20-57a3-9a88-01e86b399d8d,,materials,processes/7f05dfb4-fe20-57a3-9a88-01e86b399d8d.xml,1,kg,GLO,materials,,,Weaving is a method of textile production in which two distinct sets of yarns or threads are interla,scraped_from_ilcd
f19e4e4d-535d-5a2c-8c79-0f6d43b9d808,,materials,processes/f19e4e4d-535d-5a2c-8c79-0f6d43b9d808.xml,1,kg,GLO,materials,,,"Yarn production activity includes Opening, Cleaning, Blending, Carding, Drafting, combing, roving, s",scraped_from_ilcd
d1e5b40a-64e6-563e-9255-b9506b8facab,,materials,processes/d1e5b40a-64e6-563e-9255-b9506b8facab.xml,1,kg,GLO,materials,,,"Fabric folding is the process of winding fabrics into clean, stretch-free folded form for easy packa",scraped_from_ilcd
b7b5275a-0e3e-5bb2-9981-ada6b8efc3bf,,materials,processes/b7b5275a-0e3e-5bb2-9981-ada6b8efc3bf.xml,1,kg,GLO,materials,,,"While Open End yarn production; electricity, heat energy are consumed and raw material wastes occurs",scraped_from_ilcd
7d01b421-d954-5a49-994f-c300933d85a7,,materials,processes/7d01b421-d954-5a49-994f-c300933d85a7.xml,1,kg,GLO,materials,,,"While Open End yarn production; electricity, heat energy are consumed and raw material wastes occurs",scraped_from_ilcd
6226c020-ede1-57a2-ab57-6c71b013ca04,,materials,processes/6226c020-ede1-57a2-ab57-6c71b013ca04.xml,1,kg,GLO,materials,,,"Yarn production activity includes Opening, Cleaning, Blending, Carding, Drafting, combing, roving, s",scraped_from_ilcd
a5931c8c-144b-5ed9-a6b7-b7c6b0f112fd,,materials,processes/a5931c8c-144b-5ed9-a6b7-b7c6b0f112fd.xml,1,kg,GLO,materials,,,"There are 4 steps in making glass fiber: batch preparation, melting and refining, forming, and post-",scraped_from_ilcd
57b151f0-6c22-5e32-9247-0489bd4eccfe,,materials,processes/57b151f0-6c22-5e32-9247-0489bd4eccfe.xml,1,kg,ZA,materials,,,"System boundaries include all the stages needed for the processing of raw wool (Scouring, spinning a",scraped_from_ilcd
6c1fb0e1-f258-5d04-8e49-b11b00a1e7c9,,materials,processes/6c1fb0e1-f258-5d04-8e49-b11b00a1e7c9.xml,1,kg,GLO,materials,,,"Yarn production activity includes Opening, Cleaning, Blending, Carding, Drafting, combing, roving, s",scraped_from_ilcd
f08a52d6-fdd0-5d20-9e55-dc903558ba9b,,materials,processes/f08a52d6-fdd0-5d20-9e55-dc903558ba9b.xml,1,kg,GLO,materials,,,Painting using Painting/Spray Booth machine mainly used in the finishing stage of the shoe industry ,scraped_from_ilcd
3394c76e-34c6-53bc-9a04-d8c8d605c04e,,materials,processes/3394c76e-34c6-53bc-9a04-d8c8d605c04e.xml,1,kg,GLO,materials,,,"Yarn production activity includes Opening, Cleaning, Blending, Carding, Drafting, combing, roving, s",scraped_from_ilcd
a8ecb549-23b0-51c9-a37a-ad12dd9accec,,materials,processes/a8ecb549-23b0-51c9-a37a-ad12dd9accec.xml,1,kg,GLO,materials,,,"Yarn production activity includes Opening, Cleaning, Blending, Carding, Drafting, combing, roving, s",scraped_from_ilcd
deec178b-841a-511b-a59c-b6cca43f9070,,materials,processes/deec178b-841a-511b-a59c-b6cca43f9070.xml,1,kg,GLO,materials,,,"Yarn production activity includes Opening, Cleaning, Blending, Carding, Drafting, combing, roving, s",scraped_from_ilcd
99f95a03-b37f-5b59-af4c-17ff4eec0020,,materials,processes/99f95a03-b37f-5b59-af4c-17ff4eec0020.xml,1,kg,GLO,materials,,,Sueding is a mechanical finishing process in which a fabric is abraded on one or both sides to raise,scraped_from_ilcd
7b0f7939-af4b-5901-a671-69dd9afcece6,,materials,processes/7b0f7939-af4b-5901-a671-69dd9afcece6.xml,1,kg,GLO,materials,,,"Knitting is a method by which yarn is manipulated to create a textile or fabric.

A user employing t",scraped_from_ilcd
9ce5b5fe-3056-5c27-b96b-3efeaad9ce29,,materials,processes/9ce5b5fe-3056-5c27-b96b-3efeaad9ce29.xml,1,kg,GLO,materials,,,"Yarn production activity includes Opening, Cleaning, Blending, Carding, Drafting, combing, roving, s",scraped_from_ilcd
70f8779b-c8fd-5d8d-a387-09d87c41adfc,,materials,processes/70f8779b-c8fd-5d8d-a387-09d87c41adfc.xml,1,kg,GLO,materials,,,Weaving is a method of textile production in which two distinct sets of yarns or threads are interla,scraped_from_ilcd
490df579-800a-5708-80a8-4d07f5e61863,,materials,processes/490df579-800a-5708-80a8-4d07f5e61863.xml,1,kg,TZ,materials,,,Ginning is a mechanical process to separate fibers from seeds. This dataset includes the transport f,scraped_from_ilcd
0d0fc1b8-ac3f-567d-8926-413fe4d12e3e,,materials,processes/0d0fc1b8-ac3f-567d-8926-413fe4d12e3e.xml,1,kg,GLO,materials,,,Weaving is a method of textile production in which two distinct sets of yarns or threads are interla,scraped_from_ilcd
d60b0c47-7e87-5f3b-b1a1-33f2ddc29873,,materials,processes/d60b0c47-7e87-5f3b-b1a1-33f2ddc29873.xml,1,kg,GLO,materials,,,"This activity is modeled as a service, so no input of textile is considered. Electricity consumption",scraped_from_ilcd
f067a7c9-ab9a-494d-9db3-eec78a6d582f,,materials,processes/f067a7c9-ab9a-494d-9db3-eec78a6d582f.xml,1,kg,NO,materials,,,"The data set represents the incineration of textile waste. 99% are assumed to be cotton, 1% is wool.",scraped_from_ilcd
d73d3aec-ab86-5ce4-94d1-49b9de2ee456,,materials,processes/d73d3aec-ab86-5ce4-94d1-49b9de2ee456.xml,1,kg,GLO,materials,,,"Yarn production activity includes Opening, Cleaning, Blending, Carding, Drafting, combing, roving, s",scraped_from_ilcd
3ad2c366-0bcf-5cb5-82e4-3d6e6a9f2637,,materials,processes/3ad2c366-0bcf-5cb5-82e4-3d6e6a9f2637.xml,1,kg,GLO,materials,,,"Coating is the application of polymer onto a textile as a paste, foam or viscous liquid. The applica",scraped_from_ilcd
7f01cec4-b21b-5d69-a385-5d955bd468df,,materials,processes/7f01cec4-b21b-5d69-a385-5d955bd468df.xml,1,kg,GLO,materials,,,Transfer printing is the term used to describe textile and related printing processes in which the d,scraped_from_ilcd
9cc47dbd-6a27-5c7b-99e4-ace41dd025e6,,materials,processes/9cc47dbd-6a27-5c7b-99e4-ace41dd025e6.xml,1,kg,GLO,materials,,,"Yarn production activity includes Opening, Cleaning, Blending, Carding, Drafting, combing, roving, s",scraped_from_ilcd
9de897c4-8e65-5759-b470-5db6f2ef22b8,,materials,processes/9de897c4-8e65-5759-b470-5db6f2ef22b8.xml,1,kg,GLO,materials,,,"Yarn production activity includes Opening, Cleaning, Blending, Carding, Drafting, combing, roving, s",scraped_from_ilcd
64acf5b7-3f1d-559c-89b1-1eb704d77082,,materials,processes/64acf5b7-3f1d-559c-89b1-1eb704d77082.xml,1,kg,GLO,materials,,,"While Open End yarn production; electricity, heat energy are consumed and raw material wastes occurs",scraped_from_ilcd
1548f3eb-bda8-46c5-ade1-637d8d2be87c,,materials,processes/1548f3eb-bda8-46c5-ade1-637d8d2be87c.xml,1,kg,GLO,materials,,,"Foreground system:

Fiber production
A fiber is produced by melting and continual extrusion of th",scraped_from_ilcd
dbe254b1-0fc2-5c51-bec6-a9fb79e0b76d,,materials,processes/dbe254b1-0fc2-5c51-bec6-a9fb79e0b76d.xml,1,kg,GLO,materials,,,"Yarn production activity includes Opening, Cleaning, Blending, Carding, Drafting, combing, roving, s",scraped_from_ilcd
ee73b92a-006b-53f9-94dd-0426bfb397d7,,materials,processes/ee73b92a-006b-53f9-94dd-0426bfb397d7.xml,1,kg,GLO,materials,,,"Coating is the application of polymer onto a textile as a paste, foam or viscous liquid. The applica",scraped_from_ilcd
a1ad1df2-0ab4-5797-84a2-a7e22460ca24,,materials,processes/a1ad1df2-0ab4-5797-84a2-a7e22460ca24.xml,1,kg,GLO,materials,,,"Yarn production activity includes Opening, Cleaning, Blending, Carding, Drafting, combing, roving, s",scraped_from_ilcd
ad9c1187-6845-5638-8b1a-31cacc2058b1,,materials,processes/ad9c1187-6845-5638-8b1a-31cacc2058b1.xml,1,kg,GLO,materials,,,Fluorochemical coatings dominate the stain repellency textile apparel market. Out of all existing te,scraped_from_ilcd
529f4625-e031-516c-b718-bfa09039b8ff,,materials,processes/529f4625-e031-516c-b718-bfa09039b8ff.xml,1,kg,GLO,materials,,,"Yarn production activity includes Opening, Cleaning, Blending, Carding, Drafting, combing, roving, s",scraped_from_ilcd
967fa912-35fd-5d9e-a57e-d9b694782f80,,materials,processes/967fa912-35fd-5d9e-a57e-d9b694782f80.xml,1,kg,GLO,materials,,,Knitting is a method by which yarn is manipulated to create a textile or fabric. 3D knitting takes a,scraped_from_ilcd
fb6c9c85-11c4-55c7-a6bc-11da6ee14f8c,,materials,processes/fb6c9c85-11c4-55c7-a6bc-11da6ee14f8c.xml,1,kg,IN,materials,,,The environmental impact cotton fibre includes cultivation and delintint the Seed cotton. The ginnin,scraped_from_ilcd
67de9269-c817-5c99-91f5-8f9aaab6112f,,materials,processes/67de9269-c817-5c99-91f5-8f9aaab6112f.xml,1,kg,GLO,materials,,,"Yarn production activity includes Opening, Cleaning, Blending, Carding, Drafting, combing, roving, s",scraped_from_ilcd
82dc3a07-df86-53dc-a658-f74a2b32e5d1,,materials,processes/82dc3a07-df86-53dc-a658-f74a2b32e5d1.xml,1,kg,GLO,materials,,,"A sewing machine is a mechanical (or electrical) device that joins fabric using thread, in a manner ",scraped_from_ilcd
4011572e-bf7a-509e-8c22-e16e7ec481d5,,materials,processes/4011572e-bf7a-509e-8c22-e16e7ec481d5.xml,1,kg,EU+EFTA+UK,materials,,,The conventional method of spinning core yarns using a ring spinning frame is reported to produce un,scraped_from_ilcd
2dd12cf3-569f-563c-a195-237e267649c4,,materials,processes/2dd12cf3-569f-563c-a195-237e267649c4.xml,1,kg,GLO,materials,,,Continuous dyeing is a process in which dyeing the fabric and fixation of the dye are carried out co,scraped_from_ilcd
1669d945-2367-5aa9-ab3b-fbcdf1f4ed82,,materials,processes/1669d945-2367-5aa9-ab3b-fbcdf1f4ed82.xml,1,kg,GLO,materials,,,"In dope dyeing method, pigment is extruded along with the melted polymer so that the resulting yarn ",scraped_from_ilcd
1bcd1f39-7977-5178-8f2f-2ced4451046f,,materials,processes/1bcd1f39-7977-5178-8f2f-2ced4451046f.xml,1,kg,GLO,materials,,,Weaving is a method of textile production in which two distinct sets of yarns or threads are interla,scraped_from_ilcd
53c94d9a-9fdd-5b89-b0d2-02183abf0cd8,,materials,processes/53c94d9a-9fdd-5b89-b0d2-02183abf0cd8.xml,1,kg,GLO,materials,,,Continuous dyeing is a process in which dyeing the fabric and fixation of the dye are carried out co,scraped_from_ilcd
37052b64-f8a2-5cd2-a206-331bd8a038d0,,materials,processes/37052b64-f8a2-5cd2-a206-331bd8a038d0.xml,1,kg,PK,materials,,,Ginning is a mechanical process to separate fibers from seeds. This dataset includes the transport f,scraped_from_ilcd
b408aac7-fbc9-5c3d-88b7-aca5502e3945,,materials,processes/b408aac7-fbc9-5c3d-88b7-aca5502e3945.xml,1,kg,BR,materials,,,"This inventory is based on the ecoinvent 3.7.1 dataset  ""fibre production, cotton, ginning GLO"", adj",scraped_from_ilcd
220237f8-bb35-525d-acf4-5a95fdc1eaa5,,materials,processes/220237f8-bb35-525d-acf4-5a95fdc1eaa5.xml,1,kg,GLO,materials,,,"While Open End yarn production; electricity, heat energy are consumed and raw material wastes occurs",scraped_from_ilcd
55469fec-04e0-5a2c-8b71-3bf40cf2adb7,,materials,processes/55469fec-04e0-5a2c-8b71-3bf40cf2adb7.xml,1,kg,EU+EFTA+UK,materials,,,System boundaries: The dataset describes the tanning and finishing of cattle leather. The inventory ,scraped_from_ilcd
9f05027d-b4cb-5191-b36d-a4ace00201e8,,materials,processes/9f05027d-b4cb-5191-b36d-a4ace00201e8.xml,1,kg,GLO,materials,,,"Yarn production activity includes Opening, Cleaning, Blending, Carding, Drafting, combing, roving, s",scraped_from_ilcd
1150d78c-fe17-5a10-b4b0-52675a726e9e,,materials,processes/1150d78c-fe17-5a10-b4b0-52675a726e9e.xml,1,kg,GLO,materials,,,"In dope dyeing method, pigment is extruded along with the melted polymer so that the resulting yarn ",scraped_from_ilcd
9c6151c7-a863-5dfc-9527-0d02e023bcda,,materials,processes/9c6151c7-a863-5dfc-9527-0d02e023bcda.xml,1,kg,GLO,materials,,,"Yarn production activity includes Opening, Cleaning, Blending, Carding, Drafting, combing, roving, s",scraped_from_ilcd
0cb8caa3-25a9-5b5a-bbb5-f14d8e3e7f1b,,materials,processes/0cb8caa3-25a9-5b5a-bbb5-f14d8e3e7f1b.xml,1,kg,CN,materials,,,Ginning is a mechanical process to separate fibers from seeds. This dataset includes the transport f,scraped_from_ilcd
f1c6deb0-5f8a-52fe-a670-b507b40b711a,,materials,processes/f1c6deb0-5f8a-52fe-a670-b507b40b711a.xml,1,kg,GLO,materials,,,"Coating is the application of polymer onto a textile as a paste, foam or viscous liquid. The applica",scraped_from_ilcd
56fad5e9-814f-4041-845c-fdf51f320fd6,,materials,processes/56fad5e9-814f-4041-845c-fdf51f320fd6.xml,1,kg,EU+EFTA+UK,materials,,,"Foreground system:
Methacrylic acid and methyl methacrylate are the essential raw materials for pro",scraped_from_ilcd
9cbe3002-7537-57ab-a4bd-1db948db96f3,,materials,processes/9cbe3002-7537-57ab-a4bd-1db948db96f3.xml,1,kg,GLO,materials,,,"Yarn production activity includes Opening, Cleaning, Blending, Carding, Drafting, combing, roving, s",scraped_from_ilcd
abf6c856-25c3-5dde-b3b0-27d11c67d655,,materials,processes/abf6c856-25c3-5dde-b3b0-27d11c67d655.xml,1,kg,GLO,materials,,,"Single-end sizing systems are widely used for sizing a wide variety of multifilament yarns, such as ",scraped_from_ilcd
7752bb2f-97b3-5211-b421-b282c35792bc,,materials,processes/7752bb2f-97b3-5211-b421-b282c35792bc.xml,1,kg,GLO,materials,,,"Instead of liquid polyester, polyester granules data is used in the model due to lack of data. For t",scraped_from_ilcd
2eb9eec4-4dc1-5747-a6f0-412d43a1dbab,,materials,processes/2eb9eec4-4dc1-5747-a6f0-412d43a1dbab.xml,1,kg,GLO,materials,,,"While Open End yarn production; electricity, heat energy are consumed and raw material wastes occurs",scraped_from_ilcd
57e216c4-c05e-539e-98b0-7e1045fb05c4,,materials,processes/57e216c4-c05e-539e-98b0-7e1045fb05c4.xml,1,kg,GLO,materials,,,Textile preparation processes are the first class of wet processes for textiles.  Pretreatment proce,scraped_from_ilcd
7261de0b-fdc9-533e-b891-1e43d6caa4d3,,materials,processes/7261de0b-fdc9-533e-b891-1e43d6caa4d3.xml,1,kg,GLO,materials,,,"Colouration of textiles involve a sequential mechanism: migration of dye from bath to fibre surface,",scraped_from_ilcd
c9ef3c40-80a1-570f-801b-857fcd40683d,,materials,processes/c9ef3c40-80a1-570f-801b-857fcd40683d.xml,1,kg,GLO,materials,,,"Yarn production activity includes Opening, Cleaning, Blending, Carding, Drafting, combing, roving, s",scraped_from_ilcd
974463c1-387a-59c3-9765-4d991efc8058,,materials,processes/974463c1-387a-59c3-9765-4d991efc8058.xml,1,kg,GLO,materials,,,"While Open End yarn production; electricity, heat energy are consumed and raw material wastes occurs",scraped_from_ilcd
c24e96e5-6b97-5b09-80b0-ada056769736,,materials,processes/c24e96e5-6b97-5b09-80b0-ada056769736.xml,1,kg,GLO,materials,,,"Knitting is a method by which yarn is manipulated to create a textile or fabric.

A user employing t",scraped_from_ilcd
dd0089da-b258-5025-b0ff-d455fc922d2f,,materials,processes/dd0089da-b258-5025-b0ff-d455fc922d2f.xml,1,kg,GLO,materials,,,"While Open End yarn production; electricity, heat energy are consumed and raw material wastes occurs",scraped_from_ilcd
ce724e7c-2118-5d7a-9fe3-82ff3d79538c,,materials,processes/ce724e7c-2118-5d7a-9fe3-82ff3d79538c.xml,1,kg,GLO,materials,,,"Yarn production activity includes Opening, Cleaning, Blending, Carding, Drafting, combing, roving, s",scraped_from_ilcd
c00d6b19-dc96-5d86-b4c6-38a4dccf01fa,,materials,processes/c00d6b19-dc96-5d86-b4c6-38a4dccf01fa.xml,1,kg,GLO,materials,,,System boundaries: The dataset describes the tanning and finishing of goat leather. The inventory in,scraped_from_ilcd
5eee6356-fbae-54be-aa58-5a6adc154d84,,materials,processes/5eee6356-fbae-54be-aa58-5a6adc154d84.xml,1,kg,GLO,materials,,,"Yarn production activity includes Opening, Cleaning, Blending, Carding, Drafting, combing, roving, s",scraped_from_ilcd
556218b6-7687-5f93-af3b-8cda1383b910,,materials,processes/556218b6-7687-5f93-af3b-8cda1383b910.xml,1,kg,GLO,materials,,,"Yarn production activity includes Opening, Cleaning, Blending, Carding, Drafting, combing, roving, s",scraped_from_ilcd
4b0bb5de-1060-5dac-a77f-6828c00c78af,,materials,processes/4b0bb5de-1060-5dac-a77f-6828c00c78af.xml,1,kg,GLO,materials,,,"Waterless dyeing is performed using supercritical carbon dioxide (CO2). For CO2, supercritical fluid",scraped_from_ilcd
eb959287-9304-512e-b623-2acf904fc5c0,,materials,processes/eb959287-9304-512e-b623-2acf904fc5c0.xml,1,kg,GLO,materials,,,"Elastics can be produced with materials of Polyester, Lycra, Nylon, PP, Cotton. While production of ",scraped_from_ilcd
c0841cf3-5e7e-5870-981b-f35e87924329,,materials,processes/c0841cf3-5e7e-5870-981b-f35e87924329.xml,1,kg,ZA,materials,,,"System boundaries include all the stages needed for the processing of raw wool (Scouring, spinning a",scraped_from_ilcd
04212164-a02f-587b-81d1-5d22452f5ff4,,materials,processes/04212164-a02f-587b-81d1-5d22452f5ff4.xml,1,kg,GLO,materials,,,"Knitting is a method by which yarn is manipulated to create a textile or fabric.

A user employing t",scraped_from_ilcd
3c93ddc7-81f5-5164-a421-7d81719f1a13,,materials,processes/3c93ddc7-81f5-5164-a421-7d81719f1a13.xml,1,kg,GLO,materials,,,"While Open End yarn production; electricity, heat energy are consumed and raw material wastes occurs",scraped_from_ilcd
12642fa1-654b-5ccf-97f3-8fd67ee7dc71,,materials,processes/12642fa1-654b-5ccf-97f3-8fd67ee7dc71.xml,1,kg,RNA,materials,,,The process of fiberization can be energy intensive due to the high mechanical pressure required for,scraped_from_ilcd
6c492fbb-9c36-585f-a4dd-3cc27b3065b5,,materials,processes/6c492fbb-9c36-585f-a4dd-3cc27b3065b5.xml,1,kg,GLO,materials,,,In laser etching a machine is used to intricate designs on fabric denim and leather as well as on fi,scraped_from_ilcd
5ce30a5a-5178-5a78-9a82-8b6dc16116cc,,materials,processes/5ce30a5a-5178-5a78-9a82-8b6dc16116cc.xml,1,kg,GLO,materials,,,The hot cutting knife would melts the polymer filaments of the synthetic fabric precisely. Hot knife,scraped_from_ilcd
55082c47-21a2-5fec-9b6c-c8894d53832e,,materials,processes/55082c47-21a2-5fec-9b6c-c8894d53832e.xml,1,kg,GLO,materials,,,"Yarn production activity includes Opening, Cleaning, Blending, Carding, Drafting, combing, roving, s",scraped_from_ilcd
021c48d9-e83e-5e50-8b76-b0e64efb82c5,,materials,processes/021c48d9-e83e-5e50-8b76-b0e64efb82c5.xml,1,kg,GLO,materials,,,Flame lamination is used to adhere polyurethane foam to a textile material. A web of foam from a sup,scraped_from_ilcd
6349b97c-2e04-58ee-84f5-0903af4d5d5d,,materials,processes/6349b97c-2e04-58ee-84f5-0903af4d5d5d.xml,1,kg,GLO,materials,,,Napping is a mechanical finishing process in which fibers are raised on the surface of a fabric by m,scraped_from_ilcd
00572999-e31a-4f39-bb7d-9c64edee92d4,,materials,processes/00572999-e31a-4f39-bb7d-9c64edee92d4.xml,1,kg,EE,materials,,,"The data set represents the incineration of textile waste. 99% are assumed to be cotton, 1% is wool.",scraped_from_ilcd
bf5a8e3f-5dad-5e44-a48c-9dbcdc2b7ee4,,materials,processes/bf5a8e3f-5dad-5e44-a48c-9dbcdc2b7ee4.xml,1,kg,GLO,materials,,,"While Open End yarn production; electricity, heat energy are consumed and raw material wastes occurs",scraped_from_ilcd
62dba270-e0a1-59e6-8f8b-92c61ee2cbbb,,materials,processes/62dba270-e0a1-59e6-8f8b-92c61ee2cbbb.xml,1,kg,GLO,materials,,,Ginning is a mechanical process to separate fibers from seeds. This dataset includes the transport f,scraped_from_ilcd
2c94f6ed-61b4-545e-afca-7c440ce99a91,,materials,processes/2c94f6ed-61b4-545e-afca-7c440ce99a91.xml,1,kg,GLO,materials,,,Fluorochemical coatings dominate the stain repellency textile apparel market. Out of all existing te,scraped_from_ilcd
25a00843-ca3b-5aad-9577-b34d0214cfa8,,materials,processes/25a00843-ca3b-5aad-9577-b34d0214cfa8.xml,1,kg,GLO,materials,,,"This data is production mix of production (according to yarn count) which is commented below :
While",scraped_from_ilcd
03369413-5af0-5043-ba93-a3899d7fc8f6,,materials,processes/03369413-5af0-5043-ba93-a3899d7fc8f6.xml,1,kg,GLO,materials,,,The process starts by soaking fabric for 10 min in dispersion of ZnO particles (5% W/W) and stirred.,scraped_from_ilcd
efa78813-6c83-54d6-8936-8e80450ea7eb,,materials,processes/efa78813-6c83-54d6-8936-8e80450ea7eb.xml,1,kg,GLO,materials,,,"Yarn production activity includes Opening, Cleaning, Blending, Carding, Drafting, combing, roving, s",scraped_from_ilcd
afabfdeb-5456-4876-be72-0cb996d558c5,,materials,processes/afabfdeb-5456-4876-be72-0cb996d558c5.xml,1,kg,CZ,materials,,,"The data set represents the incineration of textile waste. 99% are assumed to be cotton, 1% is wool.",scraped_from_ilcd
2ee38a88-2a0c-5ae7-890c-2eeaa4c4d663,,materials,processes/2ee38a88-2a0c-5ae7-890c-2eeaa4c4d663.xml,1,kg,GLO,materials,,,"Coating is the application of polymer onto a textile as a paste, foam or viscous liquid. The applica",scraped_from_ilcd
23d96dd8-0eea-4c5d-b42e-c4c5a61345b7,,materials,processes/23d96dd8-0eea-4c5d-b42e-c4c5a61345b7.xml,1,kg,FR,materials,,,"The data set represents the incineration of textile waste. 99% are assumed to be cotton, 1% is wool.",scraped_from_ilcd
837bd1b5-0b0d-57aa-9e95-235db17e5f34,,materials,processes/837bd1b5-0b0d-57aa-9e95-235db17e5f34.xml,1,kg,GLO,materials,,,"Coating is the application of polymer onto a textile as a paste, foam or viscous liquid. The applica",scraped_from_ilcd
90833895-a585-59b6-a1e9-ee869a65b466,,materials,processes/90833895-a585-59b6-a1e9-ee869a65b466.xml,1,kg,GLO,materials,,,"Yarn production activity includes Opening, Cleaning, Blending, Carding, Drafting, combing, roving, s",scraped_from_ilcd
429d0479-2684-59a9-8bfa-0f449aed26fb,,materials,processes/429d0479-2684-59a9-8bfa-0f449aed26fb.xml,1,kg,GLO,materials,,,Australian Wool/Lamb production is taken as basis for alpaca wool production and then adapted to mak,scraped_from_ilcd
3d0b3ecb-ad76-5135-bdba-4b077c0fdd4a,,materials,processes/3d0b3ecb-ad76-5135-bdba-4b077c0fdd4a.xml,1,kg,GLO,materials,,,"Coating is the application of polymer onto a textile as a paste, foam or viscous liquid. The applica",scraped_from_ilcd
7216a865-87f7-503d-9fe8-1821b83793e6,,materials,processes/7216a865-87f7-503d-9fe8-1821b83793e6.xml,1,kg,GLO,materials,,,"While Open End yarn production; electricity, heat energy are consumed and raw material wastes occurs",scraped_from_ilcd
73c9899b-901b-5f80-8528-b1611a087d1b,,materials,processes/73c9899b-901b-5f80-8528-b1611a087d1b.xml,1,kg,GLO,materials,,,"Yarn production activity includes Opening, Cleaning, Blending, Carding, Drafting, combing, roving, s",scraped_from_ilcd
8f50557a-8a83-5873-8d41-ddc00a836453,,materials,processes/8f50557a-8a83-5873-8d41-ddc00a836453.xml,1,kg,GLO,materials,,,"A sewing machine is a mechanical (or electrical) device that joins fabric using thread, like manual ",scraped_from_ilcd
9a3a7041-68be-5470-a22e-f2912ed7518a,,materials,processes/9a3a7041-68be-5470-a22e-f2912ed7518a.xml,1,kg,GLO,materials,,,"Yarn production activity includes Opening, Cleaning, Blending, Carding, Drafting, combing, roving, s",scraped_from_ilcd
09556590-f80d-53a5-9b32-b6b5608f691c,,materials,processes/09556590-f80d-53a5-9b32-b6b5608f691c.xml,1,kg,GLO,materials,,,"While Open End yarn production; electricity, heat energy are consumed and raw material wastes occurs",scraped_from_ilcd
07100e82-4e99-5ae0-9f35-9f81a33f5128,,materials,processes/07100e82-4e99-5ae0-9f35-9f81a33f5128.xml,1,kg,GLO,materials,,,"Yarn production activity includes Opening, Cleaning, Blending, Carding, Drafting, combing, roving, s",scraped_from_ilcd
dd165bf7-ad08-504f-bdd1-8dbddf181af7,,materials,processes/dd165bf7-ad08-504f-bdd1-8dbddf181af7.xml,1,kg,GLO,materials,,,"Microfibers are produced by melt spinning. In melt spinning, thermoplastic polymer granules are fed ",scraped_from_ilcd
520a70cf-9c47-5413-b372-aff7c8ef6f18,,materials,processes/520a70cf-9c47-5413-b372-aff7c8ef6f18.xml,1,kg,GLO,materials,,,"Yarn production activity includes Opening, Cleaning, Blending, Carding, Drafting, combing, roving, s",scraped_from_ilcd
1a9239af-46c2-522f-9dd8-88055a4004f8,,materials,processes/1a9239af-46c2-522f-9dd8-88055a4004f8.xml,1,kg,GLO,materials,,,Painting using Painting/Spray Booth machine mainly used in the finishing stage of the shoe industry ,scraped_from_ilcd
57f62041-422a-5d82-8e9c-069f2a61f449,,materials,processes/57f62041-422a-5d82-8e9c-069f2a61f449.xml,1,kg,GLO,materials,,,"While Open End yarn production; electricity, heat energy are consumed and raw material wastes occurs",scraped_from_ilcd
aeaa55ea-5a58-57ae-9d44-cd58550456de,,materials,processes/aeaa55ea-5a58-57ae-9d44-cd58550456de.xml,1,kg,GLO,materials,,,"Yarn production activity includes Opening, Cleaning, Blending, Carding, Drafting, combing, roving, s",scraped_from_ilcd
6d3618c1-6331-5187-af0a-cf8502b43f09,,materials,processes/6d3618c1-6331-5187-af0a-cf8502b43f09.xml,1,kg,GLO,materials,,,"While Open End yarn production; electricity, heat energy are consumed and raw material wastes occurs",scraped_from_ilcd
c9f5f7de-4789-57cd-84f8-a874f703e51b,,materials,processes/c9f5f7de-4789-57cd-84f8-a874f703e51b.xml,1,kg,GLO,materials,,,"Elastics can be produced with materials of Polyester, Lycra, Nylon, PP, Cotton. While production of ",scraped_from_ilcd
5a14981b-4314-5a6d-87ff-2e46dbfd38b6,,materials,processes/5a14981b-4314-5a6d-87ff-2e46dbfd38b6.xml,1,kg,GLO,materials,,,"While Open End yarn production; electricity, heat energy are consumed and raw material wastes occurs",scraped_from_ilcd
07fff141-7144-5e09-89f6-8b97a6329f3a,,materials,processes/07fff141-7144-5e09-89f6-8b97a6329f3a.xml,1,kg,GLO,materials,,,"Yarn production activity includes Opening, Cleaning, Blending, Carding, Drafting, combing, roving, s",scraped_from_ilcd
12cc5078-9c3e-568c-855e-ff37c12e27cb,,materials,processes/12cc5078-9c3e-568c-855e-ff37c12e27cb.xml,1,kg,GLO,materials,,,Painting using Painting/Spray Booth machine mainly used in the finishing stage of the shoe industry ,scraped_from_ilcd
a7f8f25b-0a94-5e5f-a20d-f0df6e3893ad,,materials,processes/a7f8f25b-0a94-5e5f-a20d-f0df6e3893ad.xml,1,kg,GLO,materials,,,"Knitting is a method by which yarn is manipulated to create a textile or fabric.

A user employing t",scraped_from_ilcd
7b099950-ec5d-55f6-8a82-ef2f092011eb,,materials,processes/7b099950-ec5d-55f6-8a82-ef2f092011eb.xml,1,kg,GLO,materials,,,"While Open End yarn production; electricity, heat energy are consumed and raw material wastes occurs",scraped_from_ilcd
d4f0cd9c-449e-4306-bc96-9522145579c6,,materials,processes/d4f0cd9c-449e-4306-bc96-9522145579c6.xml,1,kg,HU,materials,,,"The data set represents the incineration of textile waste. 99% are assumed to be cotton, 1% is wool.",scraped_from_ilcd
ad1290e5-629d-531d-9aaf-06fcbfeb06e8,,materials,processes/ad1290e5-629d-531d-9aaf-06fcbfeb06e8.xml,1,kg,GLO,materials,,,Fluorochemical coatings dominate the stain repellency textile apparel market. Out of all existing te,scraped_from_ilcd
1789867c-080f-50df-aa0e-54fa736236f3,,materials,processes/1789867c-080f-50df-aa0e-54fa736236f3.xml,1,kg,GLO,materials,,,Ginning is a mechanical process to separate fibers from seeds. This dataset includes the transport f,scraped_from_ilcd
1ad5109b-e4b4-527d-9b87-8f5caee4376d,,materials,processes/1ad5109b-e4b4-527d-9b87-8f5caee4376d.xml,1,kg,GLO,materials,,,"Yarn production activity includes Opening, Cleaning, Blending, Carding, Drafting, combing, roving, s",scraped_from_ilcd
7d4cef8e-1744-56f8-bae2-e168d4949845,,materials,processes/7d4cef8e-1744-56f8-bae2-e168d4949845.xml,1,kg,GLO,materials,,,"There are 4 steps in making glass fiber: batch preparation, melting and refining, forming, and post-",scraped_from_ilcd
bc69f072-6875-54b7-b063-b91bed476d09,,materials,processes/bc69f072-6875-54b7-b063-b91bed476d09.xml,1,kg,ZA,materials,,,This dataset aims at representing the production of one kg of wool from sheep in South Africa. The a,scraped_from_ilcd
b1e1ce75-880b-55d0-85b3-906175e6916e,,materials,processes/b1e1ce75-880b-55d0-85b3-906175e6916e.xml,1,kg,GLO,materials,,,The fusing process is one sort of alternative method of fabric joining and is vastly used for attach,scraped_from_ilcd
c34ec86b-e6d4-5472-a12a-9d5c9b789929,,materials,processes/c34ec86b-e6d4-5472-a12a-9d5c9b789929.xml,1,kg,GLO,materials,,,Knitting is a method by which yarn is manipulated to create a textile or fabric. Weft knitting is th,scraped_from_ilcd
4bed48ce-9620-5682-b216-bc393b137013,,materials,processes/4bed48ce-9620-5682-b216-bc393b137013.xml,1,kg,GLO,materials,,,Continuous dyeing is a process in which dyeing the fabric and fixation of the dye are carried out co,scraped_from_ilcd
d05d8459-f5e3-51c8-8f1d-65cced383c5b,,materials,processes/d05d8459-f5e3-51c8-8f1d-65cced383c5b.xml,1,kg,GLO,materials,,,"This dataset represent post-industrial wool recycling. Post-industrial waste consists of fibre, yarn",scraped_from_ilcd
e84f8f7e-8d20-58cd-8e5c-0d9cd12ae806,,materials,processes/e84f8f7e-8d20-58cd-8e5c-0d9cd12ae806.xml,1,kg,GLO,materials,,,"This data is production mix of production (according to yarn count) which is commented below :
While",scraped_from_ilcd
2a2da23b-a871-51ec-9cd4-89e6f677b380,,materials,processes/2a2da23b-a871-51ec-9cd4-89e6f677b380.xml,1,kg,BR,materials,,,"This inventory is based on the ecoinvent 3.7.1 dataset  ""fibre production, cotton, ginning GLO"", adj",scraped_from_ilcd
f7df61e9-78e1-57f0-869b-924ed71e18e4,,materials,processes/f7df61e9-78e1-57f0-869b-924ed71e18e4.xml,1,kg,GLO,materials,,,The dye used in this model is recipe for reactive dye as this kind of dye is linked to the fabric by,scraped_from_ilcd
b4503fff-0b61-5f87-9dec-2fff0137bea6,,materials,processes/b4503fff-0b61-5f87-9dec-2fff0137bea6.xml,1,kg,CN,materials,,,Ginning is a mechanical process to separate fibers from seeds. This dataset includes the transport f,scraped_from_ilcd
c4c4ac32-06ef-5631-81db-a073effe049d,,materials,processes/c4c4ac32-06ef-5631-81db-a073effe049d.xml,1,kg,GLO,materials,,,"Waterless dyeing is performed using supercritical carbon dioxide (CO2). For CO2, supercritical fluid",scraped_from_ilcd
894267d6-d7c9-50c9-9666-d115f69e02a7,,materials,processes/894267d6-d7c9-50c9-9666-d115f69e02a7.xml,1,kg,GLO,materials,,,"Yarn production activity includes Opening, Cleaning, Blending, Carding, Drafting, combing, roving, s",scraped_from_ilcd
ece42727-4309-4c7e-a911-b906cdb5a8e1,,materials,processes/ece42727-4309-4c7e-a911-b906cdb5a8e1.xml,1,kg,IE,materials,,,"The data set represents the incineration of textile waste. 99% are assumed to be cotton, 1% is wool.",scraped_from_ilcd
7b07b9fa-407e-54be-9fbe-b94940f6ed5f,,materials,processes/7b07b9fa-407e-54be-9fbe-b94940f6ed5f.xml,1,kg,GLO,materials,,,"Yarn production activity includes Opening, Cleaning, Blending, Carding, Drafting, combing, roving, s",scraped_from_ilcd
43ecadef-68e7-5a67-b086-a49ed471eb88,,materials,processes/43ecadef-68e7-5a67-b086-a49ed471eb88.xml,1,kg,GLO,materials,,,"Yarn production activity includes Opening, Cleaning, Blending, Carding, Drafting, combing, roving, s",scraped_from_ilcd
71f3a07d-d45f-565e-9d70-0459e1e6b5b2,,materials,processes/71f3a07d-d45f-565e-9d70-0459e1e6b5b2.xml,1,kg,GLO,materials,,,Weaving is a method of textile production in which two distinct sets of yarns or threads are interla,scraped_from_ilcd
1612f81e-50b2-5d4d-86b1-c02149d19d8b,,materials,processes/1612f81e-50b2-5d4d-86b1-c02149d19d8b.xml,1,kg,GLO,materials,,,Weaving is a method of textile production in which two distinct sets of yarns or threads are interla,scraped_from_ilcd
f98986db-a104-5007-943e-ae5bd5c70d94,,materials,processes/f98986db-a104-5007-943e-ae5bd5c70d94.xml,1,kg,GLO,materials,,,Weaving is a method of textile production in which two distinct sets of yarns or threads are interla,scraped_from_ilcd
34ef2d85-7260-5953-9a19-d6b1c33c39ae,,materials,processes/34ef2d85-7260-5953-9a19-d6b1c33c39ae.xml,1,kg,GLO,materials,,,"Microfibers are produced by melt spinning. In melt spinning, thermoplastic polymer granules are fed ",scraped_from_ilcd
7775b836-c3de-5510-a2c7-e7028cff7fa2,,materials,processes/7775b836-c3de-5510-a2c7-e7028cff7fa2.xml,1,kg,GLO,materials,,,The process covers extrusion and melt spinning of synthetic filament yarn production. Synthetic raw ,scraped_from_ilcd
9f3a2b89-ea35-52c8-8ecd-caf6d7bbbd13,,materials,processes/9f3a2b89-ea35-52c8-8ecd-caf6d7bbbd13.xml,1,kg,KG,materials,,,The environmental impact cotton fibre includes cultivation and delintint the Seed cotton. The ginnin,scraped_from_ilcd
b4dc95a5-9a36-5063-85a0-1460ea76639d,,materials,processes/b4dc95a5-9a36-5063-85a0-1460ea76639d.xml,1,kg,GLO,materials,,,"This data is production mix of production (according to yarn count) which is commented below :
While",scraped_from_ilcd
cf50c72e-83e6-52f3-b6b3-b10a2704261f,,materials,processes/cf50c72e-83e6-52f3-b6b3-b10a2704261f.xml,1,kg,GLO,materials,,,"Yarn production activity includes Opening, Cleaning, Blending, Carding, Drafting, combing, roving, s",scraped_from_ilcd
561ffb98-e5a6-5440-90d9-6fc65a2b9a22,,materials,processes/561ffb98-e5a6-5440-90d9-6fc65a2b9a22.xml,1,kg,GLO,materials,,,"While Open End yarn production; electricity, heat energy are consumed and raw material wastes occurs",scraped_from_ilcd
d2228cc0-6654-5021-879c-1c21cdd91ed0,,materials,processes/d2228cc0-6654-5021-879c-1c21cdd91ed0.xml,1,kg,GLO,materials,,,"Yarn production activity includes Opening, Cleaning, Blending, Carding, Drafting, combing, roving, s",scraped_from_ilcd
60269082-bcde-5983-9904-8fd3cdb271e9,,materials,processes/60269082-bcde-5983-9904-8fd3cdb271e9.xml,1,kg,GLO,materials,,,Weaving is a method of textile production in which two distinct sets of yarns or threads are interla,scraped_from_ilcd
56cf578f-911b-5cbe-be02-8968a410bfd1,,materials,processes/56cf578f-911b-5cbe-be02-8968a410bfd1.xml,1,kg,GLO,materials,,,"While Open End yarn production; electricity, heat energy are consumed and raw material wastes occurs",scraped_from_ilcd
4720afdd-8357-50d5-af1a-868a9526ebcd,,materials,processes/4720afdd-8357-50d5-af1a-868a9526ebcd.xml,1,kg,GLO,materials,,,"Yarn production activity includes Opening, Cleaning, Blending, Carding, Drafting, combing, roving, s",scraped_from_ilcd
32608c30-f245-5cb9-9b17-551044c14d6c,,materials,processes/32608c30-f245-5cb9-9b17-551044c14d6c.xml,1,kg,GLO,materials,,,"Yarn production activity includes Opening, Cleaning, Blending, Carding, Drafting, combing, roving, s",scraped_from_ilcd
4f385d7c-2b2d-5c9f-a75c-7c68b4d0b8f2,,materials,processes/4f385d7c-2b2d-5c9f-a75c-7c68b4d0b8f2.xml,1,kg,TJ,materials,,,The environmental impact cotton fibre includes cultivation and delintint the Seed cotton. The ginnin,scraped_from_ilcd
ca927ed9-57aa-5705-9a9d-8eac844ee907,,materials,processes/ca927ed9-57aa-5705-9a9d-8eac844ee907.xml,1,kg,GLO,materials,,,"While Open End yarn production; electricity, heat energy are consumed and raw material wastes occurs",scraped_from_ilcd
cd68934d-7023-5535-9391-c10202726917,,materials,processes/cd68934d-7023-5535-9391-c10202726917.xml,1,kg,GLO,materials,,,Weaving is a method of textile production in which two distinct sets of yarns or threads are interla,scraped_from_ilcd
850f1c0b-7c78-5542-826e-4be3db95b06d,,materials,processes/850f1c0b-7c78-5542-826e-4be3db95b06d.xml,1,kg,GLO,materials,,,"This process covers synthetic filament production, cutting of filaments and spinning by open end (ro",scraped_from_ilcd
d28ede66-5c34-5669-a1af-b8100c2e22b4,,materials,processes/d28ede66-5c34-5669-a1af-b8100c2e22b4.xml,1,kg,GLO,materials,,,Hook-and-loop fasteners are produced from synthetic yarn. and their weaving process are included. Ny,scraped_from_ilcd
32c6d624-2d63-523c-8ba9-d6babfda82c1,,materials,processes/32c6d624-2d63-523c-8ba9-d6babfda82c1.xml,1,kg,GLO,materials,,,"Yarn production activity includes Opening, Cleaning, Blending, Carding, Drafting, combing, roving, s",scraped_from_ilcd
c73ca8fd-0f59-5416-a0d4-deb3f2351e44,,materials,processes/c73ca8fd-0f59-5416-a0d4-deb3f2351e44.xml,1,kg,GLO,materials,,,Flame lamination is used to adhere polyurethane foam to a textile material. A web of foam from a sup,scraped_from_ilcd
76cee091-50ca-5c15-a70c-d65152fada93,,materials,processes/76cee091-50ca-5c15-a70c-d65152fada93.xml,1,kg,GLO,materials,,,"In melt spinning, thermoplastic polymer granules are fed into an extruder and then the polymer melt ",scraped_from_ilcd
011fffa2-7da2-5a7a-b16f-6f5bf2b61fe5,,materials,processes/011fffa2-7da2-5a7a-b16f-6f5bf2b61fe5.xml,1,kg,GLO,materials,,,"In melt spinning, thermoplastic polymer granules are fed into an extruder and then the polymer melt ",scraped_from_ilcd
3a16b67d-4f03-59dd-9e11-371b557c4e67,,materials,processes/3a16b67d-4f03-59dd-9e11-371b557c4e67.xml,1,kg,GLO,materials,,,Knitting is a method by which yarn is manipulated to create a textile or fabric. Flat knitting is a ,scraped_from_ilcd
1c6664bd-abbb-5a77-b039-6438c334f0e1,,materials,processes/1c6664bd-abbb-5a77-b039-6438c334f0e1.xml,1,kg,GLO,materials,,,The process covers extrusion and melt spinning of synthetic filament yarn production. Synthetic raw ,scraped_from_ilcd
