uuid,dataset_name,process_type,lci_file,fu_amount,fu_unit,region,classification,kg_per_m2,temp_c,technology,notes
0ee9a2c6-78a3-4605-97f5-d9e71e67e8a7,,metals,processes/0ee9a2c6-78a3-4605-97f5-d9e71e67e8a7.xml,1,kg,SE,metals,,,"Foreground system:
The electricity is either produced in a natural gasl specific power plants and/o",scraped_from_ilcd
4f1ece6c-9fec-4c3d-b991-253ef79f6e46,,metals,processes/4f1ece6c-9fec-4c3d-b991-253ef79f6e46.xml,1,kg,ROW,metals,,,"Foreground system:
The thermal energy is produced in light fuel oil (LFO) specific heat plants. Als",scraped_from_ilcd
d412a126-3cec-4f0c-b01f-62d661255673,,metals,processes/d412a126-3cec-4f0c-b01f-62d661255673.xml,1,kg,SK,metals,,,"Foreground system:
The hydro power plant model consists of three sub-models: These sub-models are: ",scraped_from_ilcd
98e0af06-0b2e-4a28-b6dd-9b629f7094fe,,metals,processes/98e0af06-0b2e-4a28-b6dd-9b629f7094fe.xml,1,kg,RAF,metals,,,"Foreground system:
The Sphera landfill model is adapted to the region of this dataset by using info",scraped_from_ilcd
ce53fdee-3b4f-4bc2-ad18-2a095fa18c0e,,metals,processes/ce53fdee-3b4f-4bc2-ad18-2a095fa18c0e.xml,1,kg,RAF,metals,,,"Foreground system:
The Sphera landfill model is adapted to the region of this dataset by using info",scraped_from_ilcd
b4828e6f-20a7-4489-9b42-ea2b7bf7cd2b,,metals,processes/b4828e6f-20a7-4489-9b42-ea2b7bf7cd2b.xml,1,kg,GLO,metals,,,"Foreground system:
The process accounted here is the mining of copper ore and the concentration of ",scraped_from_ilcd
e2397117-536b-4a88-9e26-c4228fa7bd68,,metals,processes/e2397117-536b-4a88-9e26-c4228fa7bd68.xml,1,kg,EU+EFTA+UK,metals,,,"Foreground system:
Brasses are alloys of copper and zinc and are medium and strength engineering ma",scraped_from_ilcd
fb0786e0-46ce-5c1f-8e1b-fc654e803ee9,,metals,processes/fb0786e0-46ce-5c1f-8e1b-fc654e803ee9.xml,1,kg,SE,metals,,,Sawdust is produced as a by-product of wood sawing. The sawdust is stored and transported within the,scraped_from_ilcd
1b90c100-011c-45c3-be66-97c23d85b54f,,metals,processes/1b90c100-011c-45c3-be66-97c23d85b54f.xml,1,kg,SI,metals,,,"Foreground system:
The model comprises the production of electricity from a mix of pressure water (",scraped_from_ilcd
b0769fb0-bd13-4b14-a400-47819103ad08,,metals,processes/b0769fb0-bd13-4b14-a400-47819103ad08.xml,1,kg,EU+EFTA+UK,metals,,,"Foreground system:
The data set represents a typical municipal waste landfill with surface and basi",scraped_from_ilcd
84edb17a-79de-4cd7-8340-02b289b30312,,metals,processes/84edb17a-79de-4cd7-8340-02b289b30312.xml,1,kg,EU+EFTA+UK,metals,,,"Foreground system:
The common raw material for aluminium production, bauxite is composed primarily ",scraped_from_ilcd
1739a600-8e46-4595-ba49-867b8d6f9a11,,metals,processes/1739a600-8e46-4595-ba49-867b8d6f9a11.xml,1,kg,EU+EFTA+UK,metals,,,"Foreground system:
Aluminium profiles are produced through the extrusion process. These profiles ar",scraped_from_ilcd
dcdee2ca-bfa0-5edd-b150-f1b6437fe054,,metals,processes/dcdee2ca-bfa0-5edd-b150-f1b6437fe054.xml,1,kg,GLO,metals,,,Wet-white metal tanning refers to a variety of processes that avoid the use of chromium. Substitutes,scraped_from_ilcd
ed3651ed-38fa-4468-a22a-62e30bf028e7,,metals,processes/ed3651ed-38fa-4468-a22a-62e30bf028e7.xml,1,kg,HU,metals,,,"Foreground system:
The electricity is either produced in a hard coal specific power plants and/or c",scraped_from_ilcd
c7f28f2a-f262-49ad-ba96-0cab313b186f,,metals,processes/c7f28f2a-f262-49ad-ba96-0cab313b186f.xml,1,kg,EU+EFTA+UK,metals,,,"Foreground system:
The metal waste is collected and transported to the recycling plant. The materia",scraped_from_ilcd
228597ec-9ee1-41ff-bade-f035904601f1,,metals,processes/228597ec-9ee1-41ff-bade-f035904601f1.xml,1,kg,FI,metals,,,"Foreground system:
The national or regional specific electricity consumption mix is provided by the",scraped_from_ilcd
60f9b2d4-be69-4edf-8827-8c3153b01d82,,metals,processes/60f9b2d4-be69-4edf-8827-8c3153b01d82.xml,1,kg,IE,metals,,,"Foreground system:
The electricity is either produced in a biogas specific power plants and/or comb",scraped_from_ilcd
9bf6d691-e630-4bb0-b091-5c935f762f8a,,metals,processes/9bf6d691-e630-4bb0-b091-5c935f762f8a.xml,1,kg,RAS w/o CN,metals,,,"Foreground system:
The model represents the country specific mix of different types of biogas. Thre",scraped_from_ilcd
37c37296-845c-5a1f-99df-f86dcb1f6a39,,metals,processes/37c37296-845c-5a1f-99df-f86dcb1f6a39.xml,1,kg,GLO,metals,,,Wet-white metal-free tanning – a variety of tanning techniques that avoid the use of chromium or hea,scraped_from_ilcd
88000d42-fc84-4d9f-ba76-c693ba437e6b,,metals,processes/88000d42-fc84-4d9f-ba76-c693ba437e6b.xml,1,kg,EU+EFTA+UK,metals,,,The average distance to the locations of the shredders in Europe is 1000 km. Therefore the parameter,scraped_from_ilcd
df396074-f171-5416-9281-8477cfaabb8c,,metals,processes/df396074-f171-5416-9281-8477cfaabb8c.xml,1,kg,WORLD (WITHOUT EU+EFTA+UK),metals,,,Pulp is produced in a thermomechanical process where wood particles are softened by steam before ent,scraped_from_ilcd
6c10d9e1-95b1-4c1f-a101-3ba37a7a0a82,,metals,processes/6c10d9e1-95b1-4c1f-a101-3ba37a7a0a82.xml,1,kg,ROW,metals,,,"Foreground system:
The process steam is produced in hard coal specific heat plants. Also considered",scraped_from_ilcd
4e88a47c-198f-4081-9458-7cbab23ffafb,,metals,processes/4e88a47c-198f-4081-9458-7cbab23ffafb.xml,1,kg,EU+EFTA+UK,metals,,,"Foreground system:
The data set represents a typical municipal waste landfill with surface and basi",scraped_from_ilcd
c4f853f3-18f3-4b01-9c58-5ed54f4f21a2,,metals,processes/c4f853f3-18f3-4b01-9c58-5ed54f4f21a2.xml,1,kg,EU+EFTA+UK,metals,,,"Foreground system:
The Sphera landfill model is adapted to the region of this dataset by using info",scraped_from_ilcd
0860b436-54d7-4101-8077-b8a3b778b0f0,,metals,processes/0860b436-54d7-4101-8077-b8a3b778b0f0.xml,1,kg,IN,metals,,,"Foreground system:
The model comprises the production of electricity from a mix of pressure water (",scraped_from_ilcd
42d9830d-548d-57f4-a2b7-80a22c4fa5e5,,metals,processes/42d9830d-548d-57f4-a2b7-80a22c4fa5e5.xml,1,kg,EG,metals,,,The environmental impact cotton fibre includes cultivation and delintint the Seed cotton. The ginnin,scraped_from_ilcd
6c9fa4f3-742c-41a9-bccf-104a9b1d2329,,metals,processes/6c9fa4f3-742c-41a9-bccf-104a9b1d2329.xml,1,kg,CY,metals,,,"Foreground system:
The data set includes an average onshore and offshore wind model. The following ",scraped_from_ilcd
c52112a6-d78b-4aef-8e1b-16dc3bdbeb6a,,metals,processes/c52112a6-d78b-4aef-8e1b-16dc3bdbeb6a.xml,1,kg,EU+EFTA+UK,metals,,,"Foreground system:
The data set represents a typical municipal waste landfill with surface and basi",scraped_from_ilcd
9fd4059d-fcb8-4681-a6b7-6a8757109620,,metals,processes/9fd4059d-fcb8-4681-a6b7-6a8757109620.xml,1,kg,EU+EFTA+UK,metals,,,The average distance to the locations of the shredders in Europe is 1000 km. Therefore the parameter,scraped_from_ilcd
b420aac8-c747-50fc-9369-6f3dfab3fc5c,,metals,processes/b420aac8-c747-50fc-9369-6f3dfab3fc5c.xml,1,kg,EU+EFTA+UK,metals,,,Pulp is produced in a thermomechanical process where wood particles are softened by steam before ent,scraped_from_ilcd
d2493c08-7aac-54c3-8583-ce043e83fdbd,,metals,processes/d2493c08-7aac-54c3-8583-ce043e83fdbd.xml,1,kg,GLO,metals,,,Wet-white metal-free tanning – a variety of tanning techniques that avoid the use of chromium or hea,scraped_from_ilcd
f498f98d-f763-5b99-9b89-395d8bbeb854,,metals,processes/f498f98d-f763-5b99-9b89-395d8bbeb854.xml,1,kg,EU+EFTA+UK,metals,,,Pulp is produced in a thermomechanical process where wood particles are softened by steam before ent,scraped_from_ilcd
16c69e7a-6d53-50ae-aafb-1a8e59ea4718,,metals,processes/16c69e7a-6d53-50ae-aafb-1a8e59ea4718.xml,1,kg,ES,metals,,,"System boundaries include olive farming, olive oil extraction with pomace as a co-product and pomace",scraped_from_ilcd
de6fd3f7-662e-44fa-82e1-6032aaf75c05,,metals,processes/de6fd3f7-662e-44fa-82e1-6032aaf75c05.xml,1,kg,RO,metals,,,"Foreground system:
The electricity is either produced in a biomass (solid) specific power plants an",scraped_from_ilcd
15f2b285-fd84-49e7-b922-ec63ab9f8ad5,,metals,processes/15f2b285-fd84-49e7-b922-ec63ab9f8ad5.xml,1,kg,EU+EFTA+UK,metals,,,"Foreground system:

Wood cultivation and harvesting
The production chain mainly includes the cult",scraped_from_ilcd
85bf6aa6-9c22-43f9-9626-37690e31fc74,,metals,processes/85bf6aa6-9c22-43f9-9626-37690e31fc74.xml,1,kg,SE,metals,,,"Foreground system:
The electricity is either produced in a biomass (solid) specific power plants an",scraped_from_ilcd
6896afe6-0165-46ab-b2c9-387ac2868711,,metals,processes/6896afe6-0165-46ab-b2c9-387ac2868711.xml,1,kg,LV,metals,,,"Foreground system:
The data set includes an average onshore and offshore wind model. The following ",scraped_from_ilcd
51033c73-560c-5e76-9f5e-48e0703802ac,,metals,processes/51033c73-560c-5e76-9f5e-48e0703802ac.xml,1,kg,GLO,metals,,,Wet-white metal-free tanning – a variety of tanning techniques that avoid the use of chromium or hea,scraped_from_ilcd
cc8ee5f1-84b3-4e04-bae3-6a531aafb606,,metals,processes/cc8ee5f1-84b3-4e04-bae3-6a531aafb606.xml,1,kg,EU+EFTA+UK,metals,,,"Foreground system:

PE production
The basis for the production of polyethylene is crude oil. Ther",scraped_from_ilcd
709bf23c-880b-5b5f-907f-9353f354da88,,metals,processes/709bf23c-880b-5b5f-907f-9353f354da88.xml,1,kg,GLO,metals,,,"System boundaries include olive farming, olive oil extraction with pomace as a co-product and pomace",scraped_from_ilcd
255e0de8-c536-417f-96a6-8249d74381c3,,metals,processes/255e0de8-c536-417f-96a6-8249d74381c3.xml,1,kg,FR,metals,,,"Foreground system:
The electricity is either produced in a natural gasl specific power plants and/o",scraped_from_ilcd
00049d77-50e2-41fe-9cf2-dada347364c7,,metals,processes/00049d77-50e2-41fe-9cf2-dada347364c7.xml,1,kg,CY,metals,,,"Foreground system:
The residual mix is the grid attribute (emission, radioactive waste, etc.) avera",scraped_from_ilcd
140983ff-9916-4338-9995-edc94ea7ac5a,,metals,processes/140983ff-9916-4338-9995-edc94ea7ac5a.xml,1,kg,RNA,metals,,,"Foreground system:
Petroleum refineries are complex plants. The combination and sequence of a large",scraped_from_ilcd
ba60aedf-3331-4837-b6b7-b47cfbf5aa65,,metals,processes/ba60aedf-3331-4837-b6b7-b47cfbf5aa65.xml,1,kg,BR,metals,,,"Foreground system:
The electricity is either produced in a heavy fuel oil (HFO) specific power plan",scraped_from_ilcd
37c003c4-bdc9-401f-8ac0-9d9f8635fc73,,metals,processes/37c003c4-bdc9-401f-8ac0-9d9f8635fc73.xml,1,kg,CN,metals,,,"Foreground system:
The model represents the country specific mix of different types of biogas. Thre",scraped_from_ilcd
9329afe8-27ae-45b5-8b33-5aebde257393,,metals,processes/9329afe8-27ae-45b5-8b33-5aebde257393.xml,1,kg,GLO,metals,,,"Foreground system:
This dataset represents one of the main finishing methods for printed wiring boa",scraped_from_ilcd
a4f3d5cb-fa99-4ea2-8430-d6e53d3cb2e9,,metals,processes/a4f3d5cb-fa99-4ea2-8430-d6e53d3cb2e9.xml,1,kg,EU+EFTA+UK,metals,,,"Foreground system:
The data set represents a typical municipal waste landfill with surface and basi",scraped_from_ilcd
9f8c0031-790e-4d4c-8163-97227bef03fb,,metals,processes/9f8c0031-790e-4d4c-8163-97227bef03fb.xml,1,kg,EU+EFTA+UK,metals,,,"Foreground system:
Refrigerant 407 C is a mixture of 23% difluoromethane, 25% pentafluoroethane and",scraped_from_ilcd
e66d6951-1b16-4a9f-9e1c-e6fe8d86fec0,,metals,processes/e66d6951-1b16-4a9f-9e1c-e6fe8d86fec0.xml,1,kg,HR,metals,,,"Foreground system:
The electricity is either produced in a lignite specific power plants and/or com",scraped_from_ilcd
5f749866-d6bb-4b33-9201-9faf72ead7a7,,metals,processes/5f749866-d6bb-4b33-9201-9faf72ead7a7.xml,1,kg,SI,metals,,,"Foreground system:
The electricity is either produced in a heavy fuel oil (HFO) specific power plan",scraped_from_ilcd
bae5708d-8e1c-4763-8e99-147d56240c63,,metals,processes/bae5708d-8e1c-4763-8e99-147d56240c63.xml,1,kg,HR,metals,,,"Foreground system:
The electricity is either produced in a biogas specific power plants and/or comb",scraped_from_ilcd
935554cd-f7a8-47c4-8aa6-a31275e80e3c,,metals,processes/935554cd-f7a8-47c4-8aa6-a31275e80e3c.xml,1,kg,RO,metals,,,"Foreground system:
The hydro power plant model consists of three sub-models: These sub-models are: ",scraped_from_ilcd
d0ba131d-08f8-515e-9556-6628a7bc9afc,,metals,processes/d0ba131d-08f8-515e-9556-6628a7bc9afc.xml,1,kg,ES,metals,,,"System boundaries include olive farming, olive oil extraction with pomace as a co-product and pomace",scraped_from_ilcd
e8d3b97b-e5c4-48ce-9985-d057df9bec54,,metals,processes/e8d3b97b-e5c4-48ce-9985-d057df9bec54.xml,1,kg,RSA,metals,,,"Foreground system:
The Sphera landfill model is adapted to the region of this dataset by using info",scraped_from_ilcd
0d3757fb-e445-4315-be99-94410c05a7b1,,metals,processes/0d3757fb-e445-4315-be99-94410c05a7b1.xml,1,kg,EU+EFTA+UK,metals,,,"Foreground system:
Petroleum refineries are complex plants. The combination and sequence of a large",scraped_from_ilcd
34960d4d-af62-43a0-aa76-adc5fcf57246,,metals,processes/34960d4d-af62-43a0-aa76-adc5fcf57246.xml,1,kg,EU+EFTA+UK,metals,,,"Foreground system:
The national or regional specific electricity consumption mix is provided by the",scraped_from_ilcd
1eb05388-b42b-493a-9db0-d055fc5744c0,,metals,processes/1eb05388-b42b-493a-9db0-d055fc5744c0.xml,1,kg,CZ,metals,,,"Foreground system:
The electricity is either produced in a hard coal specific power plants and/or c",scraped_from_ilcd
536bfa39-401d-4f5d-9329-b30f804ef0c7,,metals,processes/536bfa39-401d-4f5d-9329-b30f804ef0c7.xml,1,kg,LU,metals,,,"Foreground system:
The residual mix is the grid attribute (emission, radioactive waste, etc.) avera",scraped_from_ilcd
35902dee-f2df-5331-b943-a387f810cb30,,metals,processes/35902dee-f2df-5331-b943-a387f810cb30.xml,1,kg,GLO,metals,,,Wet-white metal-free tanning – a variety of tanning techniques that avoid the use of chromium or hea,scraped_from_ilcd
1c9bc5da-74e2-4321-9090-630bb0c9fbae,,metals,processes/1c9bc5da-74e2-4321-9090-630bb0c9fbae.xml,1,kg,RO,metals,,,"Foreground system:
The electricity is either produced in a heavy fuel oil (HFO) specific power plan",scraped_from_ilcd
741b03c7-2650-40ba-8a02-ca54eb5e53cd,,metals,processes/741b03c7-2650-40ba-8a02-ca54eb5e53cd.xml,1,kg,AU,metals,,,"Foreground system:
Petroleum refineries are complex plants. The combination and sequence of a large",scraped_from_ilcd
4c30be4d-46d9-4785-b48f-71defee4e73d,,metals,processes/4c30be4d-46d9-4785-b48f-71defee4e73d.xml,1,kg,GLO,metals,,,"Foreground system:
This dataset describes the installation of a PV system on the roof. It comprises",scraped_from_ilcd
ab5609aa-f298-4550-8664-f1b2c47c4433,,metals,processes/ab5609aa-f298-4550-8664-f1b2c47c4433.xml,1,kg,EU+EFTA,metals,,,End-of-Life of Copper from used photovoltaic panels,scraped_from_ilcd
04b22095-6108-42f8-ac19-22c870000685,,metals,processes/04b22095-6108-42f8-ac19-22c870000685.xml,1,kg,CH,metals,,,"Foreground system:
The electricity is either produced in a biogas specific power plants and/or comb",scraped_from_ilcd
8d78bf3b-674b-4216-8ef1-fb77f56e8d5d,,metals,processes/8d78bf3b-674b-4216-8ef1-fb77f56e8d5d.xml,1,kg,NZ,metals,,,"Foreground system:
The electricity is either produced in a biogas specific power plants and/or comb",scraped_from_ilcd
9ef94416-13f6-460a-8951-141060e3719b,,metals,processes/9ef94416-13f6-460a-8951-141060e3719b.xml,1,kg,CA,metals,,,"Foreground system:
The data set includes an average onshore and offshore wind model. The following ",scraped_from_ilcd
bb88bc30-41c3-4f47-bc5d-f3bc2e3d2c02,,metals,processes/bb88bc30-41c3-4f47-bc5d-f3bc2e3d2c02.xml,1,kg,RU,metals,,,"Foreground system:
The electricity is either produced in a heavy fuel oil (HFO) specific power plan",scraped_from_ilcd
685ea147-f932-42c6-98d2-a2f020b5fd0c,,metals,processes/685ea147-f932-42c6-98d2-a2f020b5fd0c.xml,1,kg,BR,metals,,,"Foreground system:
The model comprises the production of electricity from a mix of pressure water (",scraped_from_ilcd
ce16730b-4ab6-443b-a195-2e17c4517d1a,,metals,processes/ce16730b-4ab6-443b-a195-2e17c4517d1a.xml,1,kg,AU,metals,,,"Foreground system:
The electricity is either produced in a hard coal specific power plants and/or c",scraped_from_ilcd
bc372179-1ae6-410b-bb1f-19697e2da080,,metals,processes/bc372179-1ae6-410b-bb1f-19697e2da080.xml,1,kg,GLO w/o EU+EFTA+UK,metals,,,"Foreground system:
Polybutylene terephthalate (PBT) is produced by transesterification of a mix of ",scraped_from_ilcd
1504e736-d004-435a-9aed-74dfe99dc781,,metals,processes/1504e736-d004-435a-9aed-74dfe99dc781.xml,1,kg,FI,metals,,,"Foreground system:
The electricity is either produced in a hard coal specific power plants and/or c",scraped_from_ilcd
23509c82-22c7-4592-9570-1cd0e04d7c0f,,metals,processes/23509c82-22c7-4592-9570-1cd0e04d7c0f.xml,1,kg,GLO,metals,,,"Foreground system:

This dataset describes open-pit mining.

Open- pit mining
Coal is extracted",scraped_from_ilcd
08efd288-bd5c-4a76-8149-736c8109d588,,metals,processes/08efd288-bd5c-4a76-8149-736c8109d588.xml,1,kg,RNA,metals,,,"Foreground system:
The Sphera landfill model is adapted to the region of this dataset by using info",scraped_from_ilcd
05d66d59-c55f-4533-ba1a-31d4e271a566,,metals,processes/05d66d59-c55f-4533-ba1a-31d4e271a566.xml,1,kg,EU+EFTA+UK,metals,,,"Foreground system:
The model represents the country specific mix of different types of biogas. Thre",scraped_from_ilcd
eb8d37f6-4aec-41b0-8e83-4023113d4052,,metals,processes/eb8d37f6-4aec-41b0-8e83-4023113d4052.xml,1,kg,RAS,metals,,,"Foreground system:
The Sphera landfill model is adapted to the region of this dataset by using info",scraped_from_ilcd
2b1af012-9d33-4297-988b-b4c4bf31d01f,,metals,processes/2b1af012-9d33-4297-988b-b4c4bf31d01f.xml,1,kg,EU+EFTA+UK,metals,,,"Foreground system:
Essential raw materials for Styrene-butadiene-rubber (SBR) production are styren",scraped_from_ilcd
a8929de8-121e-46d6-84e1-c33d6436b0ec,,metals,processes/a8929de8-121e-46d6-84e1-c33d6436b0ec.xml,1,kg,RAS,metals,,,"Foreground system:
The Sphera landfill model is adapted to the region of this dataset by using info",scraped_from_ilcd
bf220c9a-7078-4245-aa84-c7e6f5503cc6,,metals,processes/bf220c9a-7078-4245-aa84-c7e6f5503cc6.xml,1,kg,AU,metals,,,"Foreground system:
Petroleum refineries are complex plants. The combination and sequence of a large",scraped_from_ilcd
b0ce123a-e1d8-471f-9522-1ee270fe714a,,metals,processes/b0ce123a-e1d8-471f-9522-1ee270fe714a.xml,1,kg,GLO,metals,,,"Foreground system:
The component name contains following information: Number of layers, e.g. 1-laye",scraped_from_ilcd
97d796d5-525b-4021-9de9-a01d854ab4f8,,metals,processes/97d796d5-525b-4021-9de9-a01d854ab4f8.xml,1,kg,GLO,metals,,,"Foreground system:
This dataset describes the installation of a PV system on the roof. It comprises",scraped_from_ilcd
8958a539-4dca-4ae5-88e3-4ada4d9bc161,,metals,processes/8958a539-4dca-4ae5-88e3-4ada4d9bc161.xml,1,kg,DE,metals,,,"Foreground system:
The residual mix is the grid attribute (emission, radioactive waste, etc.) avera",scraped_from_ilcd
21d36d55-be79-4824-a203-7dbf2b36bcd3,,metals,processes/21d36d55-be79-4824-a203-7dbf2b36bcd3.xml,1,kg,DE,metals,,,"Foreground system:
The hydro power plant model consists of three sub-models: These sub-models are: ",scraped_from_ilcd
c08b60ac-d056-4b99-94e5-996f5bbb6d9e,,metals,processes/c08b60ac-d056-4b99-94e5-996f5bbb6d9e.xml,1,kg,EU+EFTA+UK,metals,,,"Foreground system:
The Sphera landfill model is adapted to the region of this dataset by using info",scraped_from_ilcd
d8fbd847-a5b0-4d1f-acdf-64d471288282,,metals,processes/d8fbd847-a5b0-4d1f-acdf-64d471288282.xml,1,kg,GLO,metals,,,"Foreground system:
The production process follows the production steps mining, beneficiation, smelt",scraped_from_ilcd
026fe674-f90d-5928-b407-e21dc569b128,,metals,processes/026fe674-f90d-5928-b407-e21dc569b128.xml,1,kg,EU+EFTA+UK,metals,,,"Simliar to iron, garment steamer can be adjusted to the suitable temperature of the garment. In garm",scraped_from_ilcd
da480642-794a-4a6b-a8cc-80fab0a9fbb6,,metals,processes/da480642-794a-4a6b-a8cc-80fab0a9fbb6.xml,1,kg,EU+EFTA+UK,metals,,,"Metal scrap (pre-consumer, mono-grade but partly coated) is generated in the process. The amount is ",scraped_from_ilcd
db52e1a3-f21d-4cf3-8c13-4c993d1e73c3,,metals,processes/db52e1a3-f21d-4cf3-8c13-4c993d1e73c3.xml,1,kg,EU+EFTA+UK,metals,,,"Foreground system:
For the production of plywood, a minimum of 3 veneers are stuck together crosswi",scraped_from_ilcd
eaa12a06-47af-4364-8b1e-987f4b33e854,,metals,processes/eaa12a06-47af-4364-8b1e-987f4b33e854.xml,1,kg,AU,metals,,,"Foreground system:
Petroleum refineries are complex plants. The combination and sequence of a large",scraped_from_ilcd
12c3936f-6d42-47dd-a6d0-52b6fc053b59,,metals,processes/12c3936f-6d42-47dd-a6d0-52b6fc053b59.xml,1,kg,EU+EFTA+UK,metals,,,"Foreground system:
Aluminium flakes are produced by machining aluminium. The aluinium is broken dow",scraped_from_ilcd
07f127ca-d6d2-41db-bcf1-57cb5796a8b6,,metals,processes/07f127ca-d6d2-41db-bcf1-57cb5796a8b6.xml,1,kg,GLO,metals,,,"Foreground system:
In general, a connector is made up of conductive pins surrounded by a protective",scraped_from_ilcd
fab0f69b-cd29-4498-a557-2325b24b5b00,,metals,processes/fab0f69b-cd29-4498-a557-2325b24b5b00.xml,1,kg,ROW,metals,,,"Foreground system:
Hot dip galvanizing is a process to coat steel with a corrosion- resistant zinc ",scraped_from_ilcd
9a32d658-3ce8-41c9-9557-77f940e8f60d,,metals,processes/9a32d658-3ce8-41c9-9557-77f940e8f60d.xml,1,kg,EU+EFTA+UK,metals,,,"Foreground system:
The residual mix is the grid attribute (emission, radioactive waste, etc.) avera",scraped_from_ilcd
a9335eaf-2cc9-4700-bc13-785dfd91d8cc,,metals,processes/a9335eaf-2cc9-4700-bc13-785dfd91d8cc.xml,1,kg,RU,metals,,,"Foreground system:
The electricity is either produced in a coal gas specific power plants and/or co",scraped_from_ilcd
68c0ac18-2d46-4f41-b307-4eb2b12d9597,,metals,processes/68c0ac18-2d46-4f41-b307-4eb2b12d9597.xml,1,kg,GLO,metals,,,"Foreground system:
Within the assembly process, SMD components sometimes need first to be glued ont",scraped_from_ilcd
6242422d-477b-4e9d-9a51-816ece1b86f3,,metals,processes/6242422d-477b-4e9d-9a51-816ece1b86f3.xml,1,kg,PL,metals,,,"Foreground system:
The electricity is either produced in a heavy fuel oil (HFO) specific power plan",scraped_from_ilcd
78ec7b2d-d90a-4bda-b9b6-1448cda302cf,,metals,processes/78ec7b2d-d90a-4bda-b9b6-1448cda302cf.xml,1,kg,EU+EFTA+UK,metals,,,"Foreground system:

Aluminium production
The common raw material for aluminium production, bauxit",scraped_from_ilcd
72572cfd-aa1c-4a64-80f7-814a2c3599cc,,metals,processes/72572cfd-aa1c-4a64-80f7-814a2c3599cc.xml,1,kg,IN,metals,,,"Foreground system:
Petroleum refineries are complex plants. The combination and sequence of a large",scraped_from_ilcd
170d5a2f-91b7-4cb6-9d9b-6ebf4edf9d3d,,metals,processes/170d5a2f-91b7-4cb6-9d9b-6ebf4edf9d3d.xml,1,kg,EU+EFTA+UK,metals,,,"Foreground system:

Primary production
Copper Cathode production uses copper concentrate via roas",scraped_from_ilcd
04676448-9e3e-41bc-b227-f082a8ccc602,,metals,processes/04676448-9e3e-41bc-b227-f082a8ccc602.xml,1,kg,ES,metals,,,"Foreground system:
The hydro power plant model consists of three sub-models: These sub-models are: ",scraped_from_ilcd
ce273f8b-3d06-4cfe-bad5-9a20645f5253,,metals,processes/ce273f8b-3d06-4cfe-bad5-9a20645f5253.xml,1,kg,RAS w/o CN,metals,,,"Foreground system:
Petroleum refineries are complex plants. The combination and sequence of a large",scraped_from_ilcd
89588d18-5f06-51da-aeaf-d3a67b6537e8,,metals,processes/89588d18-5f06-51da-aeaf-d3a67b6537e8.xml,1,kg,ES,metals,,,"The recycling yield is 96%, therefore a waste cotton input of 1.042 kg has to be added.",scraped_from_ilcd
5ff1aefe-822d-418e-ac2e-47d736bd490b,,metals,processes/5ff1aefe-822d-418e-ac2e-47d736bd490b.xml,1,kg,BR,metals,,,"Foreground system:
Petroleum refineries are complex plants. The combination and sequence of a large",scraped_from_ilcd
e7b92428-2be6-400b-bc52-fe4469ad078c,,metals,processes/e7b92428-2be6-400b-bc52-fe4469ad078c.xml,1,kg,EU+EFTA+UK,metals,,,The average distance to the locations of the shredders in Europe is 1000 km. Therefore the parameter,scraped_from_ilcd
07797e17-0a96-4f57-837a-6734d4de8c3e,,metals,processes/07797e17-0a96-4f57-837a-6734d4de8c3e.xml,1,kg,EU+EFTA+UK,metals,,,The average distance to the locations of the shredders in Europe is 1000 km. Therefore the parameter,scraped_from_ilcd
922c87a7-4996-53c1-9f66-63520fe373f5,,metals,processes/922c87a7-4996-53c1-9f66-63520fe373f5.xml,1,kg,EU+EFTA+UK,metals,,,Most commonly used iron are dry irons and steam irons. Steam irons can also be used for dry ironing.,scraped_from_ilcd
d2131de9-f838-4322-80fa-b3e8ce3d8261,,metals,processes/d2131de9-f838-4322-80fa-b3e8ce3d8261.xml,1,kg,BG,metals,,,"Foreground system:
The electricity is either produced in a biomass (solid) specific power plants an",scraped_from_ilcd
ab4e945f-9955-4414-b3fb-d42507cc4e2d,,metals,processes/ab4e945f-9955-4414-b3fb-d42507cc4e2d.xml,1,kg,EU+EFTA+UK,metals,,,"All common types of furnace technology and colours of container glass (amber, green, flint and other",scraped_from_ilcd
908f5f0c-de78-4ced-8a71-0fbd6c37c182,,metals,processes/908f5f0c-de78-4ced-8a71-0fbd6c37c182.xml,1,kg,RNA,metals,,,"Foreground system:
The electricity is either produced in a lignite specific power plants and/or com",scraped_from_ilcd
606a41a9-4ea8-4d37-9c9a-002fdbf43e60,,metals,processes/606a41a9-4ea8-4d37-9c9a-002fdbf43e60.xml,1,kg,EU+EFTA+UK,metals,,,"Foreground system:
The data set represents a typical municipal waste landfill with surface and basi",scraped_from_ilcd
646d61ac-1d33-4c2c-bc11-89dd1c829d1e,,metals,processes/646d61ac-1d33-4c2c-bc11-89dd1c829d1e.xml,1,kg,PL,metals,,,"Foreground system:
The national or regional specific electricity consumption mix is provided by the",scraped_from_ilcd
9772eabd-97b9-4a51-98f3-23002c8b4674,,metals,processes/9772eabd-97b9-4a51-98f3-23002c8b4674.xml,1,kg,SI,metals,,,"Foreground system:
The electricity is either produced in a hard coal specific power plants and/or c",scraped_from_ilcd
f8839ffa-372d-4ad3-8578-a6b632c18fce,,metals,processes/f8839ffa-372d-4ad3-8578-a6b632c18fce.xml,1,kg,ROC,metals,,,"Foreground system:
The Sphera landfill model is adapted to the region of this dataset by using info",scraped_from_ilcd
92b76b95-f461-4c13-bfb4-20b41899aa71,,metals,processes/92b76b95-f461-4c13-bfb4-20b41899aa71.xml,1,kg,RU,metals,,,"Foreground system:
The electricity is either produced in a biomass (solid) specific power plants an",scraped_from_ilcd
dd30919d-2b63-4aeb-a9f6-d6965ae97a13,,metals,processes/dd30919d-2b63-4aeb-a9f6-d6965ae97a13.xml,1,kg,RAS w/o CN,metals,,,"Foreground system:
Petroleum refineries are complex plants. The combination and sequence of a large",scraped_from_ilcd
a6c537ae-c15c-4802-b614-3ec30c2a7168,,metals,processes/a6c537ae-c15c-4802-b614-3ec30c2a7168.xml,1,kg,EU+EFTA+UK,metals,,,"Foreground system:

PP production
The basis for the production of polypropylene is crude oil. Pol",scraped_from_ilcd
2662f39a-3bfb-57e6-ab24-da6b2ae9ad46,,metals,processes/2662f39a-3bfb-57e6-ab24-da6b2ae9ad46.xml,1,kg,GLO,metals,,,Even-aged forests of oaks are used for cork plantations and shadow for cattle and goats. Cork harves,scraped_from_ilcd
fa433faf-53fe-4fd1-a6c7-40ded5eee307,,metals,processes/fa433faf-53fe-4fd1-a6c7-40ded5eee307.xml,1,kg,EU+EFTA+UK,metals,,,"Foreground system:

HDPE production
The basis for the production of polyethylene is crude oil. Th",scraped_from_ilcd
52a86303-7d24-49ba-8161-a1b04dabc4b7,,metals,processes/52a86303-7d24-49ba-8161-a1b04dabc4b7.xml,1,kg,EU+EFTA+UK,metals,,,"Foreground system:
The data set represents a typical municipal waste landfill with surface and basi",scraped_from_ilcd
e4e014ff-f1c2-4038-8b94-23093eacdad7,,metals,processes/e4e014ff-f1c2-4038-8b94-23093eacdad7.xml,1,kg,RAS,metals,,,"Foreground system:
The metal waste is collected and transported to the recycling plant. The materia",scraped_from_ilcd
d8638cab-f500-4b6f-a997-adc37ffa13d4,,metals,processes/d8638cab-f500-4b6f-a997-adc37ffa13d4.xml,1,kg,RNA,metals,,,"Foreground system:

1. Rape seed oil methyl ester (RME)
The intensive cultivation of winter rape-",scraped_from_ilcd
094bca19-f824-4db0-99ee-93107017ab37,,metals,processes/094bca19-f824-4db0-99ee-93107017ab37.xml,1,kg,GLO,metals,,,"Foreground system:
In the metallization paste manufacturing process, metal powder such as aluminium",scraped_from_ilcd
f46f41e5-b7b0-4b0e-a0b0-1bfed24062dd,,metals,processes/f46f41e5-b7b0-4b0e-a0b0-1bfed24062dd.xml,1,kg,EU+EFTA+UK,metals,,,"Foreground system:
Besides the natural rubber synthetic polybutadiene (PB) is produced. The essenti",scraped_from_ilcd
a4649aab-5c1f-49be-a216-a4e8c71949f2,,metals,processes/a4649aab-5c1f-49be-a216-a4e8c71949f2.xml,1,kg,IN,metals,,,"Foreground system:
Petroleum refineries are complex plants. The combination and sequence of a large",scraped_from_ilcd
35716593-222f-4c37-9f5b-e3a65123defd,,metals,processes/35716593-222f-4c37-9f5b-e3a65123defd.xml,1,kg,GLO,metals,,,"Foreground system:
Casting is carried out by using secondary aluminium (from remelting aluminium sc",scraped_from_ilcd
33bb29f8-86e3-4ec0-bc2f-ead3fd1be16b,,metals,processes/33bb29f8-86e3-4ec0-bc2f-ead3fd1be16b.xml,1,kg,BG,metals,,,"Foreground system:
The electricity is either produced in a hard coal specific power plants and/or c",scraped_from_ilcd
a35aa766-8730-4e57-a9e7-09990bae99ed,,metals,processes/a35aa766-8730-4e57-a9e7-09990bae99ed.xml,1,kg,RO,metals,,,"Foreground system:
The data set includes an average onshore and offshore wind model. The following ",scraped_from_ilcd
1fd7e5fd-0464-46be-b289-52e4d074f4bb,,metals,processes/1fd7e5fd-0464-46be-b289-52e4d074f4bb.xml,1,kg,ROW,metals,,,"Foreground system:
The thermal energy is produced in hard coal specific heat plants. Also considere",scraped_from_ilcd
5bff72cd-fe32-4a72-b824-d292b22b8055,,metals,processes/5bff72cd-fe32-4a72-b824-d292b22b8055.xml,1,kg,EU+EFTA+UK,metals,,,"Foreground system:
Copper strips are produced by melting of cathods and copper clean scrap and a me",scraped_from_ilcd
ddcb158b-1c25-419e-8fbe-4bf66c00f306,,metals,processes/ddcb158b-1c25-419e-8fbe-4bf66c00f306.xml,1,kg,EU+EFTA+UK,metals,,,"Foreground system:
The Sphera landfill model is adapted to the region of this dataset by using info",scraped_from_ilcd
b9f5eb07-d186-4403-a31c-44a5def409fa,,metals,processes/b9f5eb07-d186-4403-a31c-44a5def409fa.xml,1,kg,GLO,metals,,,"Foreground system:
This dataset describes the installation of a PV system on the roof. It comprises",scraped_from_ilcd
a11ad049-ae9b-4b31-969b-75bb6168c16e,,metals,processes/a11ad049-ae9b-4b31-969b-75bb6168c16e.xml,1,kg,PL,metals,,,"Foreground system:
The data set includes an average onshore and offshore wind model. The following ",scraped_from_ilcd
5b1851f1-02f1-4679-b48a-b926d1da7998,,metals,processes/5b1851f1-02f1-4679-b48a-b926d1da7998.xml,1,kg,EU+EFTA+UK,metals,,,"Foreground system:
Petroleum refineries are complex plants. The combination and sequence of a large",scraped_from_ilcd
5686373e-d99c-41b9-abb6-c8d2033bfed2,,metals,processes/5686373e-d99c-41b9-abb6-c8d2033bfed2.xml,1,kg,DK,metals,,,"Foreground system:
The electricity is either produced in a biogas specific power plants and/or comb",scraped_from_ilcd
ad77d385-c453-596b-9558-927141668c57,,metals,processes/ad77d385-c453-596b-9558-927141668c57.xml,1,kg,EU+EFTA+UK,metals,,,"Simliar to iron, garment steamer can be adjusted to the suitable temperature of the garment. In garm",scraped_from_ilcd
7b4a09b3-cc0e-5845-85a4-866f0717f0c1,,metals,processes/7b4a09b3-cc0e-5845-85a4-866f0717f0c1.xml,1,kg,GLO,metals,,,Wet-white metal-free tanning – a variety of tanning techniques that avoid the use of chromium or hea,scraped_from_ilcd
b50b8aac-6d27-592b-b01c-e2b41273f447,,metals,processes/b50b8aac-6d27-592b-b01c-e2b41273f447.xml,1,kg,EU+EFTA+UK,metals,,,"Simliar to iron, garment steamer can be adjusted to the suitable temperature of the garment. In garm",scraped_from_ilcd
0f907f53-6f7d-5f3b-a16b-3b40c5da5393,,metals,processes/0f907f53-6f7d-5f3b-a16b-3b40c5da5393.xml,1,kg,EU+EFTA+UK,metals,,,"Simliar to iron, garment steamer can be adjusted to the suitable temperature of the garment. In garm",scraped_from_ilcd
446b8c18-677a-453e-a905-360796366951,,metals,processes/446b8c18-677a-453e-a905-360796366951.xml,1,kg,EU+EFTA+UK,metals,,,"Foreground system:

PP production
The basis for the production of polypropylene is crude oil. Pol",scraped_from_ilcd
2b8ae70e-a71b-47ab-9e78-251d8d3667cb,,metals,processes/2b8ae70e-a71b-47ab-9e78-251d8d3667cb.xml,1,kg,EU+EFTA+UK,metals,,,"Foreground system:
These aromatic polyester polyols are made by polycondensation from phthalic anhy",scraped_from_ilcd
0ddd72ff-7396-434f-8217-19968cc19f66,,metals,processes/0ddd72ff-7396-434f-8217-19968cc19f66.xml,1,kg,EU+EFTA+UK,metals,,,"Foreground system:
The metal waste is collected and transported to the recycling plant. The materia",scraped_from_ilcd
8c35bd16-4bdd-4a69-9191-ba51b74bb2ef,,metals,processes/8c35bd16-4bdd-4a69-9191-ba51b74bb2ef.xml,1,kg,RAS,metals,,,"Foreground system:
The Sphera landfill model is adapted to the region of this dataset by using info",scraped_from_ilcd
1b7129c4-fc6f-47f2-afbe-578baf809443,,metals,processes/1b7129c4-fc6f-47f2-afbe-578baf809443.xml,1,kg,GB,metals,,,"Foreground system:
The electricity is either produced in a biomass (solid) specific power plants an",scraped_from_ilcd
5786e1ac-d17e-4ac3-8e0e-9849420b836a,,metals,processes/5786e1ac-d17e-4ac3-8e0e-9849420b836a.xml,1,kg,SK,metals,,,"Foreground system:
The electricity is either produced in a heavy fuel oil (HFO) specific power plan",scraped_from_ilcd
7e851603-761f-4f7c-b5c9-145d0a703a44,,metals,processes/7e851603-761f-4f7c-b5c9-145d0a703a44.xml,1,kg,EU+EFTA+UK,metals,,,"Foreground system:
The data set represents a typical municipal waste landfill with surface and basi",scraped_from_ilcd
49339f3a-e1c7-4357-97cc-232b49674e5f,,metals,processes/49339f3a-e1c7-4357-97cc-232b49674e5f.xml,1,kg,RAF,metals,,,"Foreground system:
Petroleum refineries are complex plants. The combination and sequence of a large",scraped_from_ilcd
a7eb7e45-1804-5935-b1d4-f09ecf84d5c2,,metals,processes/a7eb7e45-1804-5935-b1d4-f09ecf84d5c2.xml,1,kg,GLO,metals,,,Wet-white metal tanning refers to a variety of processes that avoid the use of chromium. Substitutes,scraped_from_ilcd
dc011f59-5587-4a55-a089-fb29da5b098f,,metals,processes/dc011f59-5587-4a55-a089-fb29da5b098f.xml,1,kg,EU+EFTA+UK,metals,,,"Foreground system:
 Clay is extracted by open cut mining. The wet material is extracted by excavato",scraped_from_ilcd
a6935344-8a4d-44a6-b17e-3e73bd73674e,,metals,processes/a6935344-8a4d-44a6-b17e-3e73bd73674e.xml,1,kg,CZ,metals,,,"Foreground system:
The electricity is either produced in a natural gasl specific power plants and/o",scraped_from_ilcd
17fd047f-74bb-56ac-a244-486c4632473f,,metals,processes/17fd047f-74bb-56ac-a244-486c4632473f.xml,1,kg,ML,metals,,,The environmental impact cotton fibre includes cultivation and delintint the Seed cotton. The ginnin,scraped_from_ilcd
bac02d28-e1da-423b-bf43-b18716c3175a,,metals,processes/bac02d28-e1da-423b-bf43-b18716c3175a.xml,1,kg,EU+EFTA,metals,,,End-of-Life of Steel from used photovoltaic panels,scraped_from_ilcd
79a15c86-5b0d-42ba-b9ff-f350fa729976,,metals,processes/79a15c86-5b0d-42ba-b9ff-f350fa729976.xml,1,kg,HR,metals,,,"Foreground system:
The residual mix is the grid attribute (emission, radioactive waste, etc.) avera",scraped_from_ilcd
36a32001-8816-401b-98da-3db8082d9d50,,metals,processes/36a32001-8816-401b-98da-3db8082d9d50.xml,1,kg,CN,metals,,,"Foreground system:
The country / region specific hard coal consumption mix, mix indigenous produced",scraped_from_ilcd
0ef25147-4212-45ba-9a65-55663095ef5a,,metals,processes/0ef25147-4212-45ba-9a65-55663095ef5a.xml,1,kg,EU+EFTA+UK,metals,,,"Foreground system:
Lead- zinc concentrates are produced from lead- zinc ore. The ore is extracted b",scraped_from_ilcd
63c04200-1859-48f0-9c42-32699a01be73,,metals,processes/63c04200-1859-48f0-9c42-32699a01be73.xml,1,kg,RNA,metals,,,"Foreground system:
Petroleum refineries are complex plants. The combination and sequence of a large",scraped_from_ilcd
34211c77-659a-4f9e-aef0-dd5bccdf3596,,metals,processes/34211c77-659a-4f9e-aef0-dd5bccdf3596.xml,1,kg,NZ,metals,,,"Foreground system:
The national or regional specific electricity consumption mix is provided by the",scraped_from_ilcd
49f7a589-3d02-45c5-92c8-564ece3def30,,metals,processes/49f7a589-3d02-45c5-92c8-564ece3def30.xml,1,kg,CN,metals,,,"Foreground system:
Petroleum refineries are complex plants. The combination and sequence of a large",scraped_from_ilcd
c89eb1f4-68ec-44c1-bc1b-569ba3e67c6a,,metals,processes/c89eb1f4-68ec-44c1-bc1b-569ba3e67c6a.xml,1,kg,RU,metals,,,"Foreground system:
The model comprises the production of electricity from a mix of pressure water (",scraped_from_ilcd
bd264844-3cfb-45ca-942f-6467c6b1e6c0,,metals,processes/bd264844-3cfb-45ca-942f-6467c6b1e6c0.xml,1,kg,NZ,metals,,,"Foreground system:
The electricity is either produced in a hard coal specific power plants and/or c",scraped_from_ilcd
f0b21f3f-9a80-42bc-95be-1576ef956fb7,,metals,processes/f0b21f3f-9a80-42bc-95be-1576ef956fb7.xml,1,kg,GLO,metals,,,"Foreground system:
Wire drawing is a metalworking process reducing the diameter of a wire (of the r",scraped_from_ilcd
d860a8a2-53ab-4d1e-857e-b6e4bf3c7df5,,metals,processes/d860a8a2-53ab-4d1e-857e-b6e4bf3c7df5.xml,1,kg,GLO,metals,,,"Foreground system:
The production process follows the production steps mining, beneficiation, smelt",scraped_from_ilcd
cb3cac15-9a0f-4604-a38a-d40ba3a97311,,metals,processes/cb3cac15-9a0f-4604-a38a-d40ba3a97311.xml,1,kg,RSA,metals,,,"Foreground system:
Petroleum refineries are complex plants. The combination and sequence of a large",scraped_from_ilcd
98015231-8b10-4b4c-93c7-a29a6376ef66,,metals,processes/98015231-8b10-4b4c-93c7-a29a6376ef66.xml,1,kg,ROW,metals,,,"Foreground system:
First the continuous casting takes place whereby the liquid steel is cast in con",scraped_from_ilcd
b7bbe793-2acd-449f-8361-e60cf2514565,,metals,processes/b7bbe793-2acd-449f-8361-e60cf2514565.xml,1,kg,PT,metals,,,"Foreground system:
The hydro power plant model consists of three sub-models: These sub-models are: ",scraped_from_ilcd
cd945134-4e64-462d-86e1-f543f973993d,,metals,processes/cd945134-4e64-462d-86e1-f543f973993d.xml,1,kg,GLO,metals,,,"Foreground system:
This dataset describes the installation of a PV system on the roof. It comprises",scraped_from_ilcd
d86dd4fe-a9f7-5268-8c36-49f956e4d5ea,,metals,processes/d86dd4fe-a9f7-5268-8c36-49f956e4d5ea.xml,1,kg,TJ,metals,,,The environmental impact cotton fibre includes cultivation and delintint the Seed cotton. The ginnin,scraped_from_ilcd
6ca14ddb-7185-4b62-86d9-ad756746d75a,,metals,processes/6ca14ddb-7185-4b62-86d9-ad756746d75a.xml,1,kg,CA,metals,,,"Foreground system:
The electricity is either produced in a heavy fuel oil (HFO) specific power plan",scraped_from_ilcd
821f9912-be6d-43a2-8dcb-79ef07fa4dd0,,metals,processes/821f9912-be6d-43a2-8dcb-79ef07fa4dd0.xml,1,kg,HR,metals,,,"Foreground system:
The electricity is either produced in a heavy fuel oil (HFO) specific power plan",scraped_from_ilcd
fee644b2-5713-43af-b417-09997ba2f3c3,,metals,processes/fee644b2-5713-43af-b417-09997ba2f3c3.xml,1,kg,CN,metals,,,"Foreground system:
The electricity is either produced in a heavy fuel oil (HFO) specific power plan",scraped_from_ilcd
f1de74ac-ea24-4493-a981-5e771dcf1476,,metals,processes/f1de74ac-ea24-4493-a981-5e771dcf1476.xml,1,kg,EU+EFTA+UK,metals,,,The average distance to the locations of the shredders in Europe is 1000 km. Therefore the parameter,scraped_from_ilcd
97fa7d81-15d0-4e28-b080-b8796c733da5,,metals,processes/97fa7d81-15d0-4e28-b080-b8796c733da5.xml,1,kg,RSA,metals,,,"Foreground system:
Petroleum refineries are complex plants. The combination and sequence of a large",scraped_from_ilcd
ed9ff563-ad7d-48d9-bcaa-00e91bfa573a,,metals,processes/ed9ff563-ad7d-48d9-bcaa-00e91bfa573a.xml,1,kg,HU,metals,,,"Foreground system:
The electricity is either produced in a biogas specific power plants and/or comb",scraped_from_ilcd
e6be61cb-4413-4bc8-a883-9c58d1155e2e,,metals,processes/e6be61cb-4413-4bc8-a883-9c58d1155e2e.xml,1,kg,RSA,metals,,,"Foreground system:
The data set includes an average onshore and offshore wind model. The following ",scraped_from_ilcd
e473fae3-e605-4951-8d2a-a43ab65cb9e2,,metals,processes/e473fae3-e605-4951-8d2a-a43ab65cb9e2.xml,1,kg,LT,metals,,,"Foreground system:
The residual mix is the grid attribute (emission, radioactive waste, etc.) avera",scraped_from_ilcd
220b285e-1174-4569-8f5e-844d7d8f2548,,metals,processes/220b285e-1174-4569-8f5e-844d7d8f2548.xml,1,kg,GB,metals,,,"Foreground system:
The data set includes an average onshore and offshore wind model. The following ",scraped_from_ilcd
84e9ba0e-3bcc-58d2-b8d6-dae30a266454,,metals,processes/84e9ba0e-3bcc-58d2-b8d6-dae30a266454.xml,1,kg,GLO,metals,,,Wet-white metal-free tanning – a variety of tanning techniques that avoid the use of chromium or hea,scraped_from_ilcd
4ae8619c-4eb7-42ea-9105-eb5ee9e4ed6e,,metals,processes/4ae8619c-4eb7-42ea-9105-eb5ee9e4ed6e.xml,1,kg,EU+EFTA+UK,metals,,,"Foreground system:

Aluminium production
The common raw material for aluminium production, bauxit",scraped_from_ilcd
ff22c97e-ac21-4ae0-a1c8-cf7d5d19c977,,metals,processes/ff22c97e-ac21-4ae0-a1c8-cf7d5d19c977.xml,1,kg,GLO,metals,,,"Foreground system:
As specified in the name, the assembly line combines through hole technology (TH",scraped_from_ilcd
d1ca8b8c-99a5-41ef-b7ed-b314aed266dc,,metals,processes/d1ca8b8c-99a5-41ef-b7ed-b314aed266dc.xml,1,kg,GLO,metals,,,"Foreground system:
The mineral is transported from the mine to the crushing plant and grinded under",scraped_from_ilcd
5d338d53-86c4-47c2-9ca9-45fc9852b02a,,metals,processes/5d338d53-86c4-47c2-9ca9-45fc9852b02a.xml,1,kg,EU+EFTA+UK,metals,,,"Foreground system:
The life cycle assessment of sand and gravel covers the quarring of stone and it",scraped_from_ilcd
dbb4abce-c89b-4ace-9422-b1f6c533b3b4,,metals,processes/dbb4abce-c89b-4ace-9422-b1f6c533b3b4.xml,1,kg,PL,metals,,,"Foreground system:									
The electricity is either produced in a biomass (solid) specific power ",scraped_from_ilcd
56ac849c-ba6d-4758-aaf1-aad10cf44dda,,metals,processes/56ac849c-ba6d-4758-aaf1-aad10cf44dda.xml,1,kg,EU+EFTA+UK,metals,,,The average distance to the locations of the shredders in Europe is 1000 km. Therefore the parameter,scraped_from_ilcd
54ab7af1-9559-4777-a135-795647293535,,metals,processes/54ab7af1-9559-4777-a135-795647293535.xml,1,kg,AU,metals,,,"Foreground system:
The electricity is either produced in a heavy fuel oil (HFO) specific power plan",scraped_from_ilcd
c66414de-8cd6-4c3d-9a6e-c2ad6d81073b,,metals,processes/c66414de-8cd6-4c3d-9a6e-c2ad6d81073b.xml,1,kg,EU+EFTA+UK,metals,,,"Foreground system:
The metal waste is collected and transported to the recycling plant. The materia",scraped_from_ilcd
36c4a273-6e29-487d-9cd8-74c52578846b,,metals,processes/36c4a273-6e29-487d-9cd8-74c52578846b.xml,1,kg,GLO,metals,,,This process represents renvironmental burdens associated with the production of secondary textiles ,scraped_from_ilcd
0c88018a-7da3-4865-a9e3-30bc8155871c,,metals,processes/0c88018a-7da3-4865-a9e3-30bc8155871c.xml,1,kg,RNA,metals,,,"Foreground system:
Petroleum refineries are complex plants. The combination and sequence of a large",scraped_from_ilcd
716c5ced-fe3c-4ec2-be31-812712205e56,,metals,processes/716c5ced-fe3c-4ec2-be31-812712205e56.xml,1,kg,LT,metals,,,"Foreground system:
The residual mix is the grid attribute (emission, radioactive waste, etc.) avera",scraped_from_ilcd
8d30606a-271d-41b3-b0a3-0a4139531065,,metals,processes/8d30606a-271d-41b3-b0a3-0a4139531065.xml,1,kg,RAF,metals,,,"Foreground system:
The metal waste is collected and transported to the recycling plant. The materia",scraped_from_ilcd
7ae889c7-c937-4876-a2e7-4b65da387348,,metals,processes/7ae889c7-c937-4876-a2e7-4b65da387348.xml,1,kg,RU,metals,,,"Foreground system:
The electricity is either produced in a hard coal specific power plants and/or c",scraped_from_ilcd
9f921a7f-36a6-4d3b-914f-0e52082d43a1,,metals,processes/9f921a7f-36a6-4d3b-914f-0e52082d43a1.xml,1,kg,GLO,metals,,,"Foreground system:
Titanium metal is produced from TiO2 sands (ilmenite and rutile). First, the san",scraped_from_ilcd
53e2a41b-3c5e-4b76-a8f4-79b9352c04a1,,metals,processes/53e2a41b-3c5e-4b76-a8f4-79b9352c04a1.xml,1,kg,EE,metals,,,"Foreground system:
The electricity is either produced in a heavy fuel oil (HFO) specific power plan",scraped_from_ilcd
97603829-5ffa-5cd0-ba0e-61a99f858b3c,,metals,processes/97603829-5ffa-5cd0-ba0e-61a99f858b3c.xml,1,kg,IN,metals,,,The environmental impact cotton fibre includes cultivation and delintint the Seed cotton. The ginnin,scraped_from_ilcd
78403360-c44a-40dd-88e7-2952693d1dc7,,metals,processes/78403360-c44a-40dd-88e7-2952693d1dc7.xml,1,kg,EU+EFTA+UK,metals,,,The average distance to the locations of the shredders in Europe is 1000 km. Therefore the parameter,scraped_from_ilcd
50faed8d-a10b-4640-a950-506cca667aae,,metals,processes/50faed8d-a10b-4640-a950-506cca667aae.xml,1,kg,EU+EFTA+UK,metals,,,"Foreground system:
The data set represents a typical municipal waste landfill with surface and basi",scraped_from_ilcd
2b9c1634-f315-49a7-8ee5-60c1615a8589,,metals,processes/2b9c1634-f315-49a7-8ee5-60c1615a8589.xml,1,kg,NO,metals,,,"Foreground system:
The electricity is either produced in a heavy fuel oil (HFO) specific power plan",scraped_from_ilcd
000167fb-025b-45f7-a0fc-8aa74e64be99,,metals,processes/000167fb-025b-45f7-a0fc-8aa74e64be99.xml,1,kg,EU+EFTA+UK,metals,,,"Foreground system:
Polyphenylene sulphide PPS is produced by the polycondensation of 1.4 butanediol",scraped_from_ilcd
d67279fa-71b3-4f8e-9b6d-4060dae8bdd5,,metals,processes/d67279fa-71b3-4f8e-9b6d-4060dae8bdd5.xml,1,kg,RNA,metals,,,"Foreground system:
The national or regional specific electricity consumption mix is provided by the",scraped_from_ilcd
0a827fef-9bf0-5f21-86f4-e49b727574e6,,metals,processes/0a827fef-9bf0-5f21-86f4-e49b727574e6.xml,1,kg,US,metals,,,Sawdust is produced as a by-product of wood sawing. The sawdust is stored and transported within the,scraped_from_ilcd
16f2d73c-0adb-55c0-a343-b539271ccebd,,metals,processes/16f2d73c-0adb-55c0-a343-b539271ccebd.xml,1,kg,IT,metals,,,"System boundaries include olive farming, olive oil extraction with pomace as a co-product and pomace",scraped_from_ilcd
d1ac385a-b2ee-4f14-a8af-1d67d24d435d,,metals,processes/d1ac385a-b2ee-4f14-a8af-1d67d24d435d.xml,1,kg,RAF,metals,,,"Foreground system:
Petroleum refineries are complex plants. The combination and sequence of a large",scraped_from_ilcd
fbf94657-0728-44ca-9f04-410ac6427463,,metals,processes/fbf94657-0728-44ca-9f04-410ac6427463.xml,1,kg,BR,metals,,,"Foreground system:
The electricity is either produced in a biomass (solid) specific power plants an",scraped_from_ilcd
7fd72403-e0ef-4ebe-b0cf-c6b03365a564,,metals,processes/7fd72403-e0ef-4ebe-b0cf-c6b03365a564.xml,1,kg,EU+EFTA+UK,metals,,,"Foreground system:
Liquid aluminium, possibly after addition of alloying elements, is cast into ing",scraped_from_ilcd
b2e8b5a9-ac00-4d3a-a180-e52fe73e29fd,,metals,processes/b2e8b5a9-ac00-4d3a-a180-e52fe73e29fd.xml,1,kg,EU+EFTA+UK,metals,,,"Foreground system:
The thermal energy is produced in lignite specific heat plants. Also considered ",scraped_from_ilcd
4b297436-64b3-41e8-b795-ceb2777fe67b,,metals,processes/4b297436-64b3-41e8-b795-ceb2777fe67b.xml,1,kg,RAS w/o CN,metals,,,"Foreground system:
Petroleum refineries are complex plants. The combination and sequence of a large",scraped_from_ilcd
1fd84bc6-ebed-53c9-bc49-4fd6fb825472,,metals,processes/1fd84bc6-ebed-53c9-bc49-4fd6fb825472.xml,1,kg,GLO,metals,,,Doubling is a process that two or more yarns combined. After doubling yarns are twisted to get stron,scraped_from_ilcd
1c6167fd-164b-4e57-aa44-0963262b336d,,metals,processes/1c6167fd-164b-4e57-aa44-0963262b336d.xml,1,kg,RU,metals,,,"Foreground system:
The country / region specific hard coal consumption mix, mix indigenous produced",scraped_from_ilcd
069fdb9e-ce90-50af-a32d-5af2f9476dea,,metals,processes/069fdb9e-ce90-50af-a32d-5af2f9476dea.xml,1,kg,EG,metals,,,The environmental impact cotton fibre includes cultivation and delintint the Seed cotton. The ginnin,scraped_from_ilcd
807841e8-2e43-44da-b66b-8ac9931614df,,metals,processes/807841e8-2e43-44da-b66b-8ac9931614df.xml,1,kg,IN,metals,,,"Foreground system:
The electricity is either produced in a heavy fuel oil (HFO) specific power plan",scraped_from_ilcd
682353bc-555f-5ea8-a0fa-8217c4c46c85,,metals,processes/682353bc-555f-5ea8-a0fa-8217c4c46c85.xml,1,kg,GLO,metals,,,Doubling is a process that two or more yarns combined. After doubling yarns are twisted to get stron,scraped_from_ilcd
2ef0767f-e058-4c02-a5a4-b90e37f56602,,metals,processes/2ef0767f-e058-4c02-a5a4-b90e37f56602.xml,1,kg,RAS w/o CN,metals,,,"Foreground system:
Petroleum refineries are complex plants. The combination and sequence of a large",scraped_from_ilcd
880abd4a-5838-45e3-90d7-2c7c92f391dc,,metals,processes/880abd4a-5838-45e3-90d7-2c7c92f391dc.xml,1,kg,AU,metals,,,"Foreground system:
Petroleum refineries are complex plants. The combination and sequence of a large",scraped_from_ilcd
76f9db0f-f96b-5897-9b42-16647f391434,,metals,processes/76f9db0f-f96b-5897-9b42-16647f391434.xml,1,kg,WORLD (WITHOUT EU+EFTA+UK),metals,,,Pulp is produced in a thermomechanical process where wood particles are softened by steam before ent,scraped_from_ilcd
60bd0a1d-38ce-4970-8c63-9309a7c7fde8,,metals,processes/60bd0a1d-38ce-4970-8c63-9309a7c7fde8.xml,1,kg,EU+EFTA+UK,metals,,,"Foreground system:
In the assembling of a bag- in- box, a plastic film is introduced into a pouch w",scraped_from_ilcd
45657551-8e70-4954-bd7e-63069ba92540,,metals,processes/45657551-8e70-4954-bd7e-63069ba92540.xml,1,kg,RNA,metals,,,"Foreground system:
The electricity is either produced in a natural gasl specific power plants and/o",scraped_from_ilcd
2364c672-ab68-44f6-9a5f-9c868cf1d560,,metals,processes/2364c672-ab68-44f6-9a5f-9c868cf1d560.xml,1,kg,EE,metals,,,"Foreground system:
The data set includes an average onshore and offshore wind model. The following ",scraped_from_ilcd
bf627a1b-c815-4d1c-b27b-12f65744cded,,metals,processes/bf627a1b-c815-4d1c-b27b-12f65744cded.xml,1,kg,RO,metals,,,"Foreground system:
The residual mix is the grid attribute (emission, radioactive waste, etc.) avera",scraped_from_ilcd
ebf8f358-4331-4c35-9344-68ef4fc1e197,,metals,processes/ebf8f358-4331-4c35-9344-68ef4fc1e197.xml,1,kg,EU+EFTA+UK,metals,,,"Foreground system:
The data set represents a typical municipal waste landfill with surface and basi",scraped_from_ilcd
166a3dcc-68f1-5b59-b9f5-0be4ad86785c,,metals,processes/166a3dcc-68f1-5b59-b9f5-0be4ad86785c.xml,1,kg,UZ,metals,,,The environmental impact cotton fibre includes cultivation and delintint the Seed cotton. The ginnin,scraped_from_ilcd
edcbca49-4c87-4cea-a245-b4d138df36d6,,metals,processes/edcbca49-4c87-4cea-a245-b4d138df36d6.xml,1,kg,IN,metals,,,"Foreground system:
The model represents the country specific mix of different types of biogas. Thre",scraped_from_ilcd
322f3bc1-d172-5cde-a40c-577213f0d5c2,,metals,processes/322f3bc1-d172-5cde-a40c-577213f0d5c2.xml,1,kg,GLO,metals,,,"System boundaries include olive farming, olive oil extraction with pomace as a co-product and pomace",scraped_from_ilcd
8fd7e8d4-8d3c-4aea-a454-80266e048d18,,metals,processes/8fd7e8d4-8d3c-4aea-a454-80266e048d18.xml,1,kg,BG,metals,,,"Foreground system:
The model comprises the production of electricity from a mix of pressure water (",scraped_from_ilcd
1554bdfc-2dde-4921-8130-d88c45c43067,,metals,processes/1554bdfc-2dde-4921-8130-d88c45c43067.xml,1,kg,MT,metals,,,"Foreground system:
The electricity is either produced in a heavy fuel oil (HFO) specific power plan",scraped_from_ilcd
8cb63b2a-217f-4863-9848-42f4de048403,,metals,processes/8cb63b2a-217f-4863-9848-42f4de048403.xml,1,kg,CH,metals,,,"Foreground system:
The electricity is either produced in a natural gasl specific power plants and/o",scraped_from_ilcd
786ac531-40d4-5221-9830-24d9d51b532f,,metals,processes/786ac531-40d4-5221-9830-24d9d51b532f.xml,1,kg,GLO,metals,,,"The recycling yield is 97%, therefore a waste cotton input of 1.031 kg has to be added.",scraped_from_ilcd
2462904c-2eeb-44fb-bddc-fc8019cf64dc,,metals,processes/2462904c-2eeb-44fb-bddc-fc8019cf64dc.xml,1,kg,RAS w/o CN,metals,,,"Foreground system:
The electricity is either produced in a lignite specific power plants and/or com",scraped_from_ilcd
3560ecec-24da-45b6-a0fb-9e98bfa44a30,,metals,processes/3560ecec-24da-45b6-a0fb-9e98bfa44a30.xml,1,kg,NL,metals,,,"Foreground system:
The electricity is either produced in a biomass (solid) specific power plants an",scraped_from_ilcd
2ecbd77e-30ec-4b66-aa9a-4a6757c9899f,,metals,processes/2ecbd77e-30ec-4b66-aa9a-4a6757c9899f.xml,1,kg,CN,metals,,,"Foreground system:
The extraction of rare earth elements is done in a cost-effective manner from mo",scraped_from_ilcd
8abf8860-67b4-4420-a033-1e247b833730,,metals,processes/8abf8860-67b4-4420-a033-1e247b833730.xml,1,kg,RNA,metals,,,"Foreground system:
The data set includes an average onshore and offshore wind model. The following ",scraped_from_ilcd
4b019cfd-c2ab-4707-ad8d-0630c88c48e5,,metals,processes/4b019cfd-c2ab-4707-ad8d-0630c88c48e5.xml,1,kg,EU+EFTA+UK,metals,,,The dataset describes the production of a fishing vessel made of steel with a defined size and a def,scraped_from_ilcd
3b4260e6-cbd5-4b4d-a2d2-1151436d8dc6,,metals,processes/3b4260e6-cbd5-4b4d-a2d2-1151436d8dc6.xml,1,kg,EU+EFTA+UK,metals,,,"Foreground system:
Polybutylene terephthalate (PBT) is produced by transesterification of a mix of ",scraped_from_ilcd
f4c8aa80-3be0-467c-8959-798e3cd1eeb0,,metals,processes/f4c8aa80-3be0-467c-8959-798e3cd1eeb0.xml,1,kg,EU+EFTA+UK,metals,,,"Foreground system:

Aluminium production
The common raw material for aluminium production, bauxit",scraped_from_ilcd
b20160b6-de3a-466c-8243-6074e7e2d43b,,metals,processes/b20160b6-de3a-466c-8243-6074e7e2d43b.xml,1,kg,IN,metals,,,"Foreground system:
The electricity is either produced in a lignite specific power plants and/or com",scraped_from_ilcd
40577c6d-6566-471f-8f9c-a54a6c91a5eb,,metals,processes/40577c6d-6566-471f-8f9c-a54a6c91a5eb.xml,1,kg,JP,metals,,,"Foreground system:
The model comprises the production of electricity from a mix of pressure water (",scraped_from_ilcd
f2bea0f5-e4b7-4a2c-9f34-4eb32495cbc6,,metals,processes/f2bea0f5-e4b7-4a2c-9f34-4eb32495cbc6.xml,1,kg,EU+EFTA+UK,metals,,,"Foreground system:
The data set represents a typical municipal waste landfill with surface and basi",scraped_from_ilcd
7a88339d-7636-4164-b04f-5dbc573f49a0,,metals,processes/7a88339d-7636-4164-b04f-5dbc573f49a0.xml,1,kg,RSA,metals,,,"Foreground system:
The steel waste is collected and transported to the recycling plant. The materia",scraped_from_ilcd
2c47b887-e5b2-4bb9-9a7e-0df522bf441e,,metals,processes/2c47b887-e5b2-4bb9-9a7e-0df522bf441e.xml,1,kg,HR,metals,,,"Foreground system:
The hydro power plant model consists of three sub-models: These sub-models are: ",scraped_from_ilcd
283334e4-d1e2-4899-bb96-f40c437cdf53,,metals,processes/283334e4-d1e2-4899-bb96-f40c437cdf53.xml,1,kg,GLO,metals,,,"Foreground system:
The mineral is transported from the mine to the crushing plant and grinded under",scraped_from_ilcd
f7da7ec0-24e0-5852-af5f-d24755e8905f,,metals,processes/f7da7ec0-24e0-5852-af5f-d24755e8905f.xml,1,kg,AU,metals,,,The environmental impact cotton fibre includes cultivation and delintint the Seed cotton. The ginnin,scraped_from_ilcd
b007ed20-1ac2-4b90-bdb0-3e9ffc217106,,metals,processes/b007ed20-1ac2-4b90-bdb0-3e9ffc217106.xml,1,kg,BR,metals,,,"Foreground system:
The electricity is either produced in a biogas specific power plants and/or comb",scraped_from_ilcd
cef665a3-99ec-4719-b860-1efcbe14f661,,metals,processes/cef665a3-99ec-4719-b860-1efcbe14f661.xml,1,kg,GLO,metals,,,"Foreground system:
The mineral is found in quarrels and has to be mined. It is extracted from the q",scraped_from_ilcd
1f0db9c1-9d8b-4c98-af7e-2e28ecb0ee6f,,metals,processes/1f0db9c1-9d8b-4c98-af7e-2e28ecb0ee6f.xml,1,kg,GLO w/o EU+EFTA+UK,metals,,,"Foreground system:
Besides the natural rubber synthetic polybutadiene (PB) is produced. The essenti",scraped_from_ilcd
0928c23d-aecc-47eb-abc2-e561543a9d46,,metals,processes/0928c23d-aecc-47eb-abc2-e561543a9d46.xml,1,kg,FI,metals,,,"Foreground system:
The electricity is either produced in a lignite specific power plants and/or com",scraped_from_ilcd
30e9a2c0-4686-477b-8880-52a10bfd1ee2,,metals,processes/30e9a2c0-4686-477b-8880-52a10bfd1ee2.xml,1,kg,BE,metals,,,"Foreground system:
The electricity is either produced in a coal gas specific power plants and/or co",scraped_from_ilcd
b580d794-9cb9-422b-867c-a260b2621d0e,,metals,processes/b580d794-9cb9-422b-867c-a260b2621d0e.xml,1,kg,IS,metals,,,"Foreground system:
The residual mix is the grid attribute (emission, radioactive waste, etc.) avera",scraped_from_ilcd
fa35c36d-8c1e-4654-b0f4-a984d71ba4d1,,metals,processes/fa35c36d-8c1e-4654-b0f4-a984d71ba4d1.xml,1,kg,GB,metals,,,"Foreground system:
The electricity is either produced in a biogas specific power plants and/or comb",scraped_from_ilcd
20f76498-3970-419f-8195-02fd83621c8f,,metals,processes/20f76498-3970-419f-8195-02fd83621c8f.xml,1,kg,CA,metals,,,"Foreground system:
The electricity is either produced in a biogas specific power plants and/or comb",scraped_from_ilcd
3e98359b-43bd-457b-8f1d-b54542fb5137,,metals,processes/3e98359b-43bd-457b-8f1d-b54542fb5137.xml,1,kg,BR,metals,,,"Foreground system:
Petroleum refineries are complex plants. The combination and sequence of a large",scraped_from_ilcd
f02a1d9a-f685-45f9-a1d2-d372e6e72a9d,,metals,processes/f02a1d9a-f685-45f9-a1d2-d372e6e72a9d.xml,1,kg,EU+EFTA+UK,metals,,,"Foreground system:
The metal waste is collected and transported to the recycling plant. The materia",scraped_from_ilcd
def003cb-d0b3-4172-b1f7-7b18789a272f,,metals,processes/def003cb-d0b3-4172-b1f7-7b18789a272f.xml,1,kg,RAF,metals,,,"Foreground system:
The Sphera landfill model is adapted to the region of this dataset by using info",scraped_from_ilcd
d5fdd678-0bba-5483-851f-d07a7f50589d,,metals,processes/d5fdd678-0bba-5483-851f-d07a7f50589d.xml,1,kg,FI,metals,,,Sawdust is produced as a by-product of wood sawing. The sawdust is stored and transported within the,scraped_from_ilcd
0ae647ff-6ab0-4b4f-9533-e7b5d092b196,,metals,processes/0ae647ff-6ab0-4b4f-9533-e7b5d092b196.xml,1,kg,RSA,metals,,,"Foreground system:
The Sphera landfill model is adapted to the region of this dataset by using info",scraped_from_ilcd
ac781150-2f08-4a46-903c-37ba33ebb6a0,,metals,processes/ac781150-2f08-4a46-903c-37ba33ebb6a0.xml,1,kg,EU+EFTA+UK,metals,,,"Foreground system:

Fiber production
A fiber is produced by melting and continual extrusion of th",scraped_from_ilcd
0c868c55-0736-4f79-a6a6-0f5e75a4d753,,metals,processes/0c868c55-0736-4f79-a6a6-0f5e75a4d753.xml,1,kg,IT,metals,,,"Foreground system:
The residual mix is the grid attribute (emission, radioactive waste, etc.) avera",scraped_from_ilcd
bd0ef767-ad74-5d73-8d2a-da867417649b,,metals,processes/bd0ef767-ad74-5d73-8d2a-da867417649b.xml,1,kg,GLO,metals,,,"Metal shoe eyelet production covers brass material production and its metal works.

Global waste col",scraped_from_ilcd
6ba45ade-b765-4975-81bd-d0a68a75d75c,,metals,processes/6ba45ade-b765-4975-81bd-d0a68a75d75c.xml,1,kg,JP,metals,,,"Foreground system:
Petroleum refineries are complex plants. The combination and sequence of a large",scraped_from_ilcd
56a89723-155d-429c-b925-c74efefaf349,,metals,processes/56a89723-155d-429c-b925-c74efefaf349.xml,1,kg,RAF,metals,,,"Foreground system:
The data set includes an average onshore and offshore wind model. The following ",scraped_from_ilcd
37efb899-7937-52d0-b3ac-0f6b28dc938b,,metals,processes/37efb899-7937-52d0-b3ac-0f6b28dc938b.xml,1,kg,TR,metals,,,The environmental impact cotton fibre includes cultivation and delintint the Seed cotton. The ginnin,scraped_from_ilcd
845902fc-4721-4283-8970-ce2a221c0448,,metals,processes/845902fc-4721-4283-8970-ce2a221c0448.xml,1,kg,BE,metals,,,"Foreground system:
The electricity is either produced in a hard coal specific power plants and/or c",scraped_from_ilcd
6f5cd53e-30ca-416b-bf6f-df8d4ec8f5e7,,metals,processes/6f5cd53e-30ca-416b-bf6f-df8d4ec8f5e7.xml,1,kg,NO,metals,,,"Foreground system:
The hydro power plant model consists of three sub-models: These sub-models are: ",scraped_from_ilcd
4f1bcde3-eee2-466b-a2e6-f7f8f3414f2b,,metals,processes/4f1bcde3-eee2-466b-a2e6-f7f8f3414f2b.xml,1,kg,JP,metals,,,"Foreground system:
Petroleum refineries are complex plants. The combination and sequence of a large",scraped_from_ilcd
7054738b-cd26-52e4-8384-92845f23fc24,,metals,processes/7054738b-cd26-52e4-8384-92845f23fc24.xml,1,kg,SE,metals,,,Sawdust is produced as a by-product of wood sawing. The sawdust is stored and transported within the,scraped_from_ilcd
efa44568-cc60-4304-8863-c2968333b487,,metals,processes/efa44568-cc60-4304-8863-c2968333b487.xml,1,kg,EU+EFTA+UK,metals,,,"Foreground system:

PEHD production
The basis for the production of polyethylene is crude oil. Th",scraped_from_ilcd
34e7fdad-4f28-48b1-a539-a97c9e2270c7,,metals,processes/34e7fdad-4f28-48b1-a539-a97c9e2270c7.xml,1,kg,GLO,metals,,,"Foreground system:
The dataset represents the production of different connectors, male and female.",scraped_from_ilcd
5f4faa5a-e752-451a-83ec-6dca8b53c09d,,metals,processes/5f4faa5a-e752-451a-83ec-6dca8b53c09d.xml,1,kg,CH,metals,,,"Foreground system:
The residual mix is the grid attribute (emission, radioactive waste, etc.) avera",scraped_from_ilcd
8fd8211a-135d-4921-aaeb-e2e5100bac2e,,metals,processes/8fd8211a-135d-4921-aaeb-e2e5100bac2e.xml,1,kg,EU+EFTA+UK,metals,,,"Foreground system:
The data set represents a typical municipal waste landfill with surface and basi",scraped_from_ilcd
6358c595-ae36-4664-97cd-d9af0a35e295,,metals,processes/6358c595-ae36-4664-97cd-d9af0a35e295.xml,1,kg,IN,metals,,,"Foreground system:
The electricity is either produced in a biogas specific power plants and/or comb",scraped_from_ilcd
871eedcd-acb2-4809-8240-046c4c346848,,metals,processes/871eedcd-acb2-4809-8240-046c4c346848.xml,1,kg,EU+EFTA+UK,metals,,,The average distance to the locations of the shredders in Europe is 1000 km. Therefore the parameter,scraped_from_ilcd
0f6e6295-a103-43e4-b5a1-e76ca9f41b3d,,metals,processes/0f6e6295-a103-43e4-b5a1-e76ca9f41b3d.xml,1,kg,RAF,metals,,,"Foreground system:
The Sphera landfill model is adapted to the region of this dataset by using info",scraped_from_ilcd
5b2f1a06-8da1-53b5-9fee-1e2bda33fcf9,,metals,processes/5b2f1a06-8da1-53b5-9fee-1e2bda33fcf9.xml,1,kg,GLO,metals,,,"It is a method of stretching, shrinking and fixing the woven cloth in both length and width before c",scraped_from_ilcd
f7cf5bab-d26e-49cc-bfce-1b5192782763,,metals,processes/f7cf5bab-d26e-49cc-bfce-1b5192782763.xml,1,kg,EU+EFTA+UK,metals,,,"Foreground system:
The data set represents a typical municipal waste landfill with surface and basi",scraped_from_ilcd
fd68a231-0ad1-4b37-9a7d-625b0c4168b6,,metals,processes/fd68a231-0ad1-4b37-9a7d-625b0c4168b6.xml,1,kg,EU+EFTA+UK,metals,,,"Foreground system:

OPP production
Biaxial oriented polypropylene films are a strechted form of p",scraped_from_ilcd
2e7f9cb1-2d86-4ff8-9600-d022f39171aa,,metals,processes/2e7f9cb1-2d86-4ff8-9600-d022f39171aa.xml,1,kg,ROW,metals,,,"Foreground system:
The thermal energy is produced in heavy fuel oil (HFO) specific heat plants. Als",scraped_from_ilcd
2e8bee44-f13b-4622-9af3-74954af8acea,,metals,processes/2e8bee44-f13b-4622-9af3-74954af8acea.xml,1,kg,EU+EFTA+UK,metals,,,"Foreground system:
The process steam is produced in natural gas specific heat plants. Also consider",scraped_from_ilcd
c2c35692-ffb2-4316-88e2-f5612cf3bc79,,metals,processes/c2c35692-ffb2-4316-88e2-f5612cf3bc79.xml,1,kg,AU,metals,,,"Foreground system:
The model represents the country specific mix of different types of biogas. Thre",scraped_from_ilcd
490b2290-fdea-502a-ab8a-40472bb7a156,,metals,processes/490b2290-fdea-502a-ab8a-40472bb7a156.xml,1,kg,GLO,metals,,,"It is a method of stretching, shrinking and fixing the woven cloth in both length and width before c",scraped_from_ilcd
fdb52ac3-2d52-4a78-982a-a4c828b81e56,,metals,processes/fdb52ac3-2d52-4a78-982a-a4c828b81e56.xml,1,kg,EE,metals,,,"Foreground system:
The electricity is either produced in a lignite specific power plants and/or com",scraped_from_ilcd
feb5685d-6b96-4011-b07f-2bae8f366ee9,,metals,processes/feb5685d-6b96-4011-b07f-2bae8f366ee9.xml,1,kg,SK,metals,,,"Foreground system:
The model comprises the production of electricity from a mix of pressure water (",scraped_from_ilcd
afe3a421-0051-48a0-977f-42f4685aa6a8,,metals,processes/afe3a421-0051-48a0-977f-42f4685aa6a8.xml,1,kg,GLO,metals,,,"Foreground system:
In the metallization paste manufacturing process, metal powder such as aluminium",scraped_from_ilcd
1792bf64-d44b-49f1-853d-178b82873bf7,,metals,processes/1792bf64-d44b-49f1-853d-178b82873bf7.xml,1,kg,RNA,metals,,,"Foreground system:
The Sphera landfill model is adapted to the region of this dataset by using info",scraped_from_ilcd
f031a24e-4078-4fd5-943e-b7f98f993e55,,metals,processes/f031a24e-4078-4fd5-943e-b7f98f993e55.xml,1,kg,SI,metals,,,"Foreground system:
The data set includes an average onshore and offshore wind model. The following ",scraped_from_ilcd
12b5890a-16ef-4a6d-b8c2-660e3d11be48,,metals,processes/12b5890a-16ef-4a6d-b8c2-660e3d11be48.xml,1,kg,EU+EFTA+UK,metals,,,"Foreground system:
The electricity is either produced in a natural gasl specific power plants and/o",scraped_from_ilcd
7f276573-228f-4c9d-a37a-3945ec8ace08,,metals,processes/7f276573-228f-4c9d-a37a-3945ec8ace08.xml,1,kg,RU,metals,,,"Foreground system:
Petroleum refineries are complex plants. The combination and sequence of a large",scraped_from_ilcd
39591b3b-232d-40c6-b1b4-5cc0d7b0a673,,metals,processes/39591b3b-232d-40c6-b1b4-5cc0d7b0a673.xml,1,kg,PT,metals,,,"Foreground system:
The electricity is either produced in a heavy fuel oil (HFO) specific power plan",scraped_from_ilcd
7f974ff1-150e-50c7-8d41-b7a4dbb72247,,metals,processes/7f974ff1-150e-50c7-8d41-b7a4dbb72247.xml,1,kg,KG,metals,,,The environmental impact cotton fibre includes cultivation and delintint the Seed cotton. The ginnin,scraped_from_ilcd
fc08b935-804b-464e-b58d-13015120b312,,metals,processes/fc08b935-804b-464e-b58d-13015120b312.xml,1,kg,CA,metals,,,"Foreground system:
The national or regional specific electricity consumption mix is provided by the",scraped_from_ilcd
a60304bf-2596-5a92-961b-d895c53fea95,,metals,processes/a60304bf-2596-5a92-961b-d895c53fea95.xml,1,kg,GLO,metals,,,Wet-white metal tanning refers to a variety of processes that avoid the use of chromium. Substitutes,scraped_from_ilcd
4cdd0eb7-ec88-4462-96f1-c7d91cf00f1e,,metals,processes/4cdd0eb7-ec88-4462-96f1-c7d91cf00f1e.xml,1,kg,ROC,metals,,,"Foreground system:
The steel waste is collected and transported to the recycling plant. The materia",scraped_from_ilcd
cefef760-5dfa-44a3-9cdf-47e5aa2835a9,,metals,processes/cefef760-5dfa-44a3-9cdf-47e5aa2835a9.xml,1,kg,IS,metals,,,"Foreground system:
The hydro power plant model consists of three sub-models: These sub-models are: ",scraped_from_ilcd
7d21cdd3-5c2f-4356-bb39-5424ff487c98,,metals,processes/7d21cdd3-5c2f-4356-bb39-5424ff487c98.xml,1,kg,IT,metals,,,"Foreground system:
The electricity is either produced in a coal gas specific power plants and/or co",scraped_from_ilcd
4fa24899-ea87-4d21-baab-71078abf01b0,,metals,processes/4fa24899-ea87-4d21-baab-71078abf01b0.xml,1,kg,FI,metals,,,"Foreground system:
The electricity is either produced in a heavy fuel oil (HFO) specific power plan",scraped_from_ilcd
71460371-4979-485c-9b5a-cd2a9a013118,,metals,processes/71460371-4979-485c-9b5a-cd2a9a013118.xml,1,kg,DE,metals,,,"Foreground system:
The data set includes an average onshore and offshore wind model. The following ",scraped_from_ilcd
615b0526-c638-4ca0-856c-b6c26d2778e9,,metals,processes/615b0526-c638-4ca0-856c-b6c26d2778e9.xml,1,kg,DK,metals,,,"Foreground system:
The electricity is either produced in a biomass (solid) specific power plants an",scraped_from_ilcd
9e329ece-0b08-41b3-982b-7663c260010c,,metals,processes/9e329ece-0b08-41b3-982b-7663c260010c.xml,1,kg,IE,metals,,,"Foreground system:
The electricity is either produced in a heavy fuel oil (HFO) specific power plan",scraped_from_ilcd
c4d0102d-7cb9-45aa-a9c2-0e9bebc0a151,,metals,processes/c4d0102d-7cb9-45aa-a9c2-0e9bebc0a151.xml,1,kg,SE,metals,,,"Foreground system:
The electricity is either produced in a heavy fuel oil (HFO) specific power plan",scraped_from_ilcd
0bef56c7-6806-4789-b00b-96d05fd29e60,,metals,processes/0bef56c7-6806-4789-b00b-96d05fd29e60.xml,1,kg,RSA,metals,,,"Foreground system:
Petroleum refineries are complex plants. The combination and sequence of a large",scraped_from_ilcd
ce479816-e2dd-44b6-aa54-15350277492e,,metals,processes/ce479816-e2dd-44b6-aa54-15350277492e.xml,1,kg,EU+EFTA+UK,metals,,,"Foreground system:
The hydro power plant model consists of three sub-models: These sub-models are: ",scraped_from_ilcd
37aa2a9c-e7a8-4476-9b2f-b68f2d1c1bfb,,metals,processes/37aa2a9c-e7a8-4476-9b2f-b68f2d1c1bfb.xml,1,kg,RSA,metals,,,"Foreground system:
The country / region specific hard coal consumption mix, mix indigenous produced",scraped_from_ilcd
2821cd4a-5e31-4df1-8d5d-75571c128330,,metals,processes/2821cd4a-5e31-4df1-8d5d-75571c128330.xml,1,kg,GLO,metals,,,"Foreground system:
The dataset describes the construction of a steel frame used for buildings. It c",scraped_from_ilcd
b9dee95b-91e1-4062-a33b-d1e347b42cd7,,metals,processes/b9dee95b-91e1-4062-a33b-d1e347b42cd7.xml,1,kg,EU+EFTA+UK,metals,,,"Foreground system:
Copper sheets are produced by melting of cathods and copper clean scrap and a me",scraped_from_ilcd
e4b85976-ab3c-41a0-a8a9-b833e883604c,,metals,processes/e4b85976-ab3c-41a0-a8a9-b833e883604c.xml,1,kg,ROC,metals,,,"Foreground system:
The metal waste is collected and transported to the recycling plant. The materia",scraped_from_ilcd
9c12158e-e9da-416a-860f-8ed98c297272,,metals,processes/9c12158e-e9da-416a-860f-8ed98c297272.xml,1,kg,RNA,metals,,,"Foreground system:
The Sphera landfill model is adapted to the region of this dataset by using info",scraped_from_ilcd
25d927a6-022d-4797-aee5-c5918da38e91,,metals,processes/25d927a6-022d-4797-aee5-c5918da38e91.xml,1,kg,RAF,metals,,,"Foreground system:
The glass waste is collected and transported to the recycling plant. The materia",scraped_from_ilcd
a577daae-007c-45a9-bb96-abcc16df0a47,,metals,processes/a577daae-007c-45a9-bb96-abcc16df0a47.xml,1,kg,GLO,metals,,,"Foreground system:
Sand is sorted by size in vibration sieves or in an upstream classifier. Grits a",scraped_from_ilcd
5ed586d6-6927-465c-b948-abf868c1f06b,,metals,processes/5ed586d6-6927-465c-b948-abf868c1f06b.xml,1,kg,EU+EFTA+UK,metals,,,"Foreground system:

PEHD production
The basis for the production of polyethylene is crude oil. Th",scraped_from_ilcd
1a82c144-5ac2-44ff-863d-beca667aaf97,,metals,processes/1a82c144-5ac2-44ff-863d-beca667aaf97.xml,1,kg,DK,metals,,,"Foreground system:
The electricity is either produced in a hard coal specific power plants and/or c",scraped_from_ilcd
ca22d4a5-b92a-4901-a9b2-606146fa7f03,,metals,processes/ca22d4a5-b92a-4901-a9b2-606146fa7f03.xml,1,kg,RNA,metals,,,"Foreground system:
Petroleum refineries are complex plants. The combination and sequence of a large",scraped_from_ilcd
9c5a105f-24bf-54ac-b330-8a73b9740ecc,,metals,processes/9c5a105f-24bf-54ac-b330-8a73b9740ecc.xml,1,kg,TJ,metals,,,The environmental impact cotton fibre includes cultivation and delintint the Seed cotton. The ginnin,scraped_from_ilcd
78b21be8-8d27-44b4-aeb7-912b5657c1ee,,metals,processes/78b21be8-8d27-44b4-aeb7-912b5657c1ee.xml,1,kg,GLO w/o EU+EFTA+UK,metals,,,"Foreground system:
Polyetherimide (PEI) is produced by polycondensation of aromatic diamines with a",scraped_from_ilcd
2a9912b0-b813-47b5-86d7-d64940a84271,,metals,processes/2a9912b0-b813-47b5-86d7-d64940a84271.xml,1,kg,GB,metals,,,"Foreground system:
The residual mix is the grid attribute (emission, radioactive waste, etc.) avera",scraped_from_ilcd
d105798d-36e9-4646-b482-6dfe92155959,,metals,processes/d105798d-36e9-4646-b482-6dfe92155959.xml,1,kg,EU+EFTA+UK,metals,,,"Foreground system:
For the steel production, a mix of the electric arc furnace route and the blast ",scraped_from_ilcd
a0afa3ef-4694-46b1-bf1c-b67951f0ef07,,metals,processes/a0afa3ef-4694-46b1-bf1c-b67951f0ef07.xml,1,kg,EU+EFTA+UK,metals,,,"Foreground system:
Quartz is mined from a quarrel by using construction machines (excavators, dumpe",scraped_from_ilcd
d951bdce-8c8c-4d82-beb2-963917a425c4,,metals,processes/d951bdce-8c8c-4d82-beb2-963917a425c4.xml,1,kg,RNA,metals,,,"Foreground system:
The country / region specific lignite consumption mix, mix indigenous produced l",scraped_from_ilcd
9dce7376-afd0-53e0-a93d-ba0c5c160dbf,,metals,processes/9dce7376-afd0-53e0-a93d-ba0c5c160dbf.xml,1,kg,GLO,metals,,,"Polyethylene terephthalate (PET) and aluminum are main raw materials of glitter. To produce glitter,",scraped_from_ilcd
ae082e4c-7be8-4b3b-a302-1f8f38cf3ff1,,metals,processes/ae082e4c-7be8-4b3b-a302-1f8f38cf3ff1.xml,1,kg,BG,metals,,,"Foreground system:
The residual mix is the grid attribute (emission, radioactive waste, etc.) avera",scraped_from_ilcd
da635e9b-493c-4843-8f64-8623aeb413a9,,metals,processes/da635e9b-493c-4843-8f64-8623aeb413a9.xml,1,kg,ROC,metals,,,"Foreground system:
The paper waste is collected and transported to the recycling plant. The materia",scraped_from_ilcd
c0cdfe2d-83f4-4057-b904-76ce16b5a467,,metals,processes/c0cdfe2d-83f4-4057-b904-76ce16b5a467.xml,1,kg,EU+EFTA+UK,metals,,,The average distance to the locations of the shredders in Europe is 1000 km. Therefore the parameter,scraped_from_ilcd
4122ceab-12a5-4c69-9f3c-b1ef72dbec8a,,metals,processes/4122ceab-12a5-4c69-9f3c-b1ef72dbec8a.xml,1,kg,GLO,metals,,,"Foreground system:
The data set represents a transformer used for PWB applications. The transformer",scraped_from_ilcd
d671d638-8cad-559e-ae26-59b57fe4a2cf,,metals,processes/d671d638-8cad-559e-ae26-59b57fe4a2cf.xml,1,kg,CA,metals,,,Sawdust is produced as a by-product of wood sawing. The sawdust is stored and transported within the,scraped_from_ilcd
3c1d1160-9a78-48c1-a6be-bc9a6e9e9148,,metals,processes/3c1d1160-9a78-48c1-a6be-bc9a6e9e9148.xml,1,kg,EU+EFTA+UK,metals,,,"Foreground system:
Molybdenum (alloy) recycling takes place in a steel recycling process:
The data",scraped_from_ilcd
71e83db2-b40d-4a91-a979-72fc67af2b51,,metals,processes/71e83db2-b40d-4a91-a979-72fc67af2b51.xml,1,kg,RAS w/o CN,metals,,,"Foreground system:
Petroleum refineries are complex plants. The combination and sequence of a large",scraped_from_ilcd
e835d4f5-117d-583a-bc0d-ad744f1a4316,,metals,processes/e835d4f5-117d-583a-bc0d-ad744f1a4316.xml,1,kg,ML,metals,,,The environmental impact cotton fibre includes cultivation and delintint the Seed cotton. The ginnin,scraped_from_ilcd
240d2fc0-6b9c-4fca-b52b-3dbc472a7a44,,metals,processes/240d2fc0-6b9c-4fca-b52b-3dbc472a7a44.xml,1,kg,PL,metals,,,"Foreground system:
The electricity is either produced in a biogas specific power plants and/or comb",scraped_from_ilcd
d05c4b39-2e68-43bb-9875-fba8fd1333a6,,metals,processes/d05c4b39-2e68-43bb-9875-fba8fd1333a6.xml,1,kg,EU+EFTA+UK,metals,,,"Foreground system:
Wood consists of cellulose, hemicellulose and lignin. In contrast to cellulose, ",scraped_from_ilcd
8df05521-91f2-481d-a1b0-6d6296d9b071,,metals,processes/8df05521-91f2-481d-a1b0-6d6296d9b071.xml,1,kg,RSA,metals,,,"Foreground system:
Petroleum refineries are complex plants. The combination and sequence of a large",scraped_from_ilcd
179c3c2e-14bc-4881-8556-5854e17179e1,,metals,processes/179c3c2e-14bc-4881-8556-5854e17179e1.xml,1,kg,EU+EFTA+UK,metals,,,The average distance to the locations of the shredders in Europe is 1000 km. Therefore the parameter,scraped_from_ilcd
6fbd0783-474b-4476-a9e0-2e124fd777ca,,metals,processes/6fbd0783-474b-4476-a9e0-2e124fd777ca.xml,1,kg,BE,metals,,,"Foreground system:
The hydro power plant model consists of three sub-models: These sub-models are: ",scraped_from_ilcd
afa958d8-182c-4481-b81c-e2cbdb638930,,metals,processes/afa958d8-182c-4481-b81c-e2cbdb638930.xml,1,kg,SE,metals,,,"Foreground system:
The national or regional specific electricity consumption mix is provided by the",scraped_from_ilcd
ccf4bb63-6fdf-41d7-ba5a-e6f58d245932,,metals,processes/ccf4bb63-6fdf-41d7-ba5a-e6f58d245932.xml,1,kg,RAS w/o CN,metals,,,"Foreground system:
The country / region specific lignite consumption mix, mix indigenous produced l",scraped_from_ilcd
b5bae392-e96c-4e66-9259-9ab045fe7a86,,metals,processes/b5bae392-e96c-4e66-9259-9ab045fe7a86.xml,1,kg,GLO,metals,,,"Foreground system:
The whole production chain (traditional) for the data set provided was analyzed.",scraped_from_ilcd
70b8b231-3e7e-4af7-ad78-4a40d8e36f0c,,metals,processes/70b8b231-3e7e-4af7-ad78-4a40d8e36f0c.xml,1,kg,GLO w/o EU+EFTA+UK,metals,,,"Foreground system:
In contrast to other materials it is not simple to list the raw materials for th",scraped_from_ilcd
808459f1-9772-43bc-91ea-8847f583faf6,,metals,processes/808459f1-9772-43bc-91ea-8847f583faf6.xml,1,kg,RSA,metals,,,"Foreground system:
The electricity is either produced in a coal gas specific power plants and/or co",scraped_from_ilcd
b333c784-d3f0-4c64-b2ae-94de59c5b63a,,metals,processes/b333c784-d3f0-4c64-b2ae-94de59c5b63a.xml,1,kg,PT,metals,,,"Foreground system:
The electricity is either produced in a hard coal specific power plants and/or c",scraped_from_ilcd
bf3e662e-255f-4df9-9b09-742a9f2adcdf,,metals,processes/bf3e662e-255f-4df9-9b09-742a9f2adcdf.xml,1,kg,GLO,metals,,,"Foreground system:
The mineral is found in quarrels and has to be mined. It is extracted from the q",scraped_from_ilcd
6b9c8b73-90a9-4a14-ba2f-db4b83c40be9,,metals,processes/6b9c8b73-90a9-4a14-ba2f-db4b83c40be9.xml,1,kg,EU+EFTA+UK,metals,,,"Foreground system:
Petroleum refineries are complex plants. The combination and sequence of a large",scraped_from_ilcd
dc4a0a83-d4d6-4fdc-b797-efce27d07813,,metals,processes/dc4a0a83-d4d6-4fdc-b797-efce27d07813.xml,1,kg,PL,metals,,,"Foreground system:
The electricity is either produced in a hard coal specific power plants and/or c",scraped_from_ilcd
9ac91328-de70-4a25-8559-832bc7c50d0f,,metals,processes/9ac91328-de70-4a25-8559-832bc7c50d0f.xml,1,kg,EU+EFTA+UK,metals,,,"Foreground system:
The process describes the injection moulding of styrene-butadiene rubber and nit",scraped_from_ilcd
0c84ba13-966c-5b7b-b5dc-12c4cc78e4ff,,metals,processes/0c84ba13-966c-5b7b-b5dc-12c4cc78e4ff.xml,1,kg,TR,metals,,,The environmental impact cotton fibre includes cultivation and delintint the Seed cotton. The ginnin,scraped_from_ilcd
3203d6d8-2760-4b7b-b1c6-f82681e9e2f3,,metals,processes/3203d6d8-2760-4b7b-b1c6-f82681e9e2f3.xml,1,kg,EU+EFTA+UK,metals,,,"Foreground system:

Softwood production
The production process of wood starts with biological pro",scraped_from_ilcd
a98844ee-76bb-4824-9ca1-8779a6a74f5c,,metals,processes/a98844ee-76bb-4824-9ca1-8779a6a74f5c.xml,1,kg,IS,metals,,,"Foreground system:
The electricity is either produced in a heavy fuel oil (HFO) specific power plan",scraped_from_ilcd
9127181c-e424-4cc3-9083-3dff8e1b090e,,metals,processes/9127181c-e424-4cc3-9083-3dff8e1b090e.xml,1,kg,EU+EFTA+UK,metals,,,"Foreground system:

PP production
The basis for the production of polypropylene is crude oil. Pol",scraped_from_ilcd
48593494-8642-49f5-9de8-69fca2a9abd7,,metals,processes/48593494-8642-49f5-9de8-69fca2a9abd7.xml,1,kg,EU+EFTA+UK,metals,,,"Foreground system:
Lead containg scrap is remelted in a rotary furnace to produce secondary lead. T",scraped_from_ilcd
3f76aa31-604a-41dc-ad68-34a84d5a4d6d,,metals,processes/3f76aa31-604a-41dc-ad68-34a84d5a4d6d.xml,1,kg,JP,metals,,,"Foreground system:
The electricity is either produced in a hard coal specific power plants and/or c",scraped_from_ilcd
583c062e-f1f0-42f3-b2d8-cafe99acfa52,,metals,processes/583c062e-f1f0-42f3-b2d8-cafe99acfa52.xml,1,kg,AU,metals,,,"Foreground system:
Petroleum refineries are complex plants. The combination and sequence of a large",scraped_from_ilcd
be247288-b3d3-46bc-b43b-ab0a38e23274,,metals,processes/be247288-b3d3-46bc-b43b-ab0a38e23274.xml,1,kg,EU+EFTA+UK,metals,,,"Foreground system:
Wood consists of cellulose, hemicellulose and lignin. In contrast to cellulose, ",scraped_from_ilcd
bbf84b1c-fecd-46df-a906-277a754604aa,,metals,processes/bbf84b1c-fecd-46df-a906-277a754604aa.xml,1,kg,SI,metals,,,"Foreground system:
The electricity is either produced in a lignite specific power plants and/or com",scraped_from_ilcd
6db46295-201a-47d1-af8f-c2a7bee43946,,metals,processes/6db46295-201a-47d1-af8f-c2a7bee43946.xml,1,kg,ROW,metals,,,"Foreground system:
The thermal energy is produced in natural gas specific heat plants. Also conside",scraped_from_ilcd
bd7fbab3-b4fc-4026-823b-36db4aae8d22,,metals,processes/bd7fbab3-b4fc-4026-823b-36db4aae8d22.xml,1,kg,RU,metals,,,"Foreground system:
Petroleum refineries are complex plants. The combination and sequence of a large",scraped_from_ilcd
6d9c9781-9109-4b76-be7c-3b42ff320f98,,metals,processes/6d9c9781-9109-4b76-be7c-3b42ff320f98.xml,1,kg,BR,metals,,,"Foreground system:
The electricity is either produced in a coal gas specific power plants and/or co",scraped_from_ilcd
e38b90cc-252c-5aee-80cf-4e3127eca841,,metals,processes/e38b90cc-252c-5aee-80cf-4e3127eca841.xml,1,kg,WORLD (WITHOUT EU+EFTA+UK),metals,,,Pulp is produced in a thermomechanical process where wood particles are softened by steam before ent,scraped_from_ilcd
dc90447a-1bd8-43d3-a04d-ce9101fc6546,,metals,processes/dc90447a-1bd8-43d3-a04d-ce9101fc6546.xml,1,kg,RO,metals,,,"Foreground system:
The electricity is either produced in a coal gas specific power plants and/or co",scraped_from_ilcd
e9854c50-518f-499a-a102-6b7f3ab74e21,,metals,processes/e9854c50-518f-499a-a102-6b7f3ab74e21.xml,1,kg,RAF,metals,,,"Foreground system:
The model comprises the production of electricity from a mix of pressure water (",scraped_from_ilcd
274ad201-8f9d-4b5d-b89e-e4d5e0197ec5,,metals,processes/274ad201-8f9d-4b5d-b89e-e4d5e0197ec5.xml,1,kg,GLO,metals,,,"Foreground system:
The extraction of rare earth elements is done in a cost-effective manner from mo",scraped_from_ilcd
2bde0d2f-caa9-4d9a-b32a-b393a8756fb6,,metals,processes/2bde0d2f-caa9-4d9a-b32a-b393a8756fb6.xml,1,kg,RAS w/o CN,metals,,,"Foreground system:
The country / region specific hard coal consumption mix, mix indigenous produced",scraped_from_ilcd
af4888dd-dbc7-4572-84e9-62388d10b0d6,,metals,processes/af4888dd-dbc7-4572-84e9-62388d10b0d6.xml,1,kg,EU+EFTA+UK,metals,,,"Foreground system:
Natural cork is produced via the natural growing mechanism of cork oaks. Compare",scraped_from_ilcd
413f0663-2c8e-54a1-b112-fb6229371f49,,metals,processes/413f0663-2c8e-54a1-b112-fb6229371f49.xml,1,kg,GLO,metals,,,"Polyethylene terephthalate (PET) and aluminum are main raw materials of glitter. To produce glitter,",scraped_from_ilcd
4fe2fcb1-d09f-45ca-b746-34529f5b9a4c,,metals,processes/4fe2fcb1-d09f-45ca-b746-34529f5b9a4c.xml,1,kg,CN,metals,,,"Foreground system:
Petroleum refineries are complex plants. The combination and sequence of a large",scraped_from_ilcd
8fdc713e-80ec-4f45-99e5-32d48a8af532,,metals,processes/8fdc713e-80ec-4f45-99e5-32d48a8af532.xml,1,kg,ES,metals,,,"Foreground system:
The electricity is either produced in a biogas specific power plants and/or comb",scraped_from_ilcd
7cf0edfd-5219-4931-bc9c-9c18e027fbde,,metals,processes/7cf0edfd-5219-4931-bc9c-9c18e027fbde.xml,1,kg,RSA,metals,,,"Foreground system:
The Sphera landfill model is adapted to the region of this dataset by using info",scraped_from_ilcd
5a3a41f5-25d7-4cc9-9670-b4cd7fc9b141,,metals,processes/5a3a41f5-25d7-4cc9-9670-b4cd7fc9b141.xml,1,kg,CN,metals,,,"Foreground system:
Petroleum refineries are complex plants. The combination and sequence of a large",scraped_from_ilcd
d434d924-056a-5f0b-b2d9-59652b026784,,metals,processes/d434d924-056a-5f0b-b2d9-59652b026784.xml,1,kg,CA,metals,,,Sawdust is produced as a by-product of wood sawing. The sawdust is stored and transported within the,scraped_from_ilcd
1641fa58-b20e-4507-a0d6-f5de748945d6,,metals,processes/1641fa58-b20e-4507-a0d6-f5de748945d6.xml,1,kg,GLO,metals,,,"Foreground system:
The component name contains the information on material composition.
The solder",scraped_from_ilcd
622bb1f5-13a0-472f-a86e-0ab6482fd52e,,metals,processes/622bb1f5-13a0-472f-a86e-0ab6482fd52e.xml,1,kg,BR,metals,,,"Foreground system:
The national or regional specific electricity consumption mix is provided by the",scraped_from_ilcd
577dfe2a-a979-4553-9253-79ae6a512a95,,metals,processes/577dfe2a-a979-4553-9253-79ae6a512a95.xml,1,kg,EU+EFTA+UK,metals,,,"Foreground system:
The main processes in cement production consist of raw material extraction, prod",scraped_from_ilcd
6b52a816-6007-4a54-a38f-d0e5733daf7f,,metals,processes/6b52a816-6007-4a54-a38f-d0e5733daf7f.xml,1,kg,EU+EFTA+UK,metals,,,"Foreground system:
The common raw material for aluminium production, bauxite is composed primarily ",scraped_from_ilcd
611f35f6-6a9a-4e05-a7c7-a008e093c6e0,,metals,processes/611f35f6-6a9a-4e05-a7c7-a008e093c6e0.xml,1,kg,EU+EFTA+UK,metals,,,"Foreground system:
Essential raw materials for Styrene-butadiene-rubber (SBR) production are styren",scraped_from_ilcd
61a238cf-99b0-4a28-9280-254ebf4ccd1d,,metals,processes/61a238cf-99b0-4a28-9280-254ebf4ccd1d.xml,1,kg,AU,metals,,,"Foreground system:
The country / region specific lignite consumption mix, mix indigenous produced l",scraped_from_ilcd
40033a54-a23f-459f-b261-a20dbade92f6,,metals,processes/40033a54-a23f-459f-b261-a20dbade92f6.xml,1,kg,LV,metals,,,"Foreground system:
The electricity is either produced in a natural gasl specific power plants and/o",scraped_from_ilcd
58caf0e2-2564-4848-b7be-3b3af38c87b0,,metals,processes/58caf0e2-2564-4848-b7be-3b3af38c87b0.xml,1,kg,EU+EFTA+UK,metals,,,"Foreground system:
Wood consists of cellulose, hemicellulose and lignin. In contrast to cellulose, ",scraped_from_ilcd
b1b4d0ff-8e6d-424f-a183-b19b84e353f1,,metals,processes/b1b4d0ff-8e6d-424f-a183-b19b84e353f1.xml,1,kg,JP,metals,,,"Foreground system:
Petroleum refineries are complex plants. The combination and sequence of a large",scraped_from_ilcd
33cce6bc-fd49-4c18-b455-5c45929ee2fe,,metals,processes/33cce6bc-fd49-4c18-b455-5c45929ee2fe.xml,1,kg,NO,metals,,,"Foreground system:
The electricity is either produced in a coal gas specific power plants and/or co",scraped_from_ilcd
b0231dd9-c11d-416a-bf81-5e0e3ca4455b,,metals,processes/b0231dd9-c11d-416a-bf81-5e0e3ca4455b.xml,1,kg,EU+EFTA+UK,metals,,,"Foreground system:
During the washing and stamping processes 60% of the cork occurs as cuttings. Th",scraped_from_ilcd
3671b7a3-8a40-475e-9906-d897730636ed,,metals,processes/3671b7a3-8a40-475e-9906-d897730636ed.xml,1,kg,RNA,metals,,,"Foreground system:
The Sphera landfill model is adapted to the region of this dataset by using info",scraped_from_ilcd
6ba5af44-b0cc-4d61-b8d2-8bd17bd0a6ef,,metals,processes/6ba5af44-b0cc-4d61-b8d2-8bd17bd0a6ef.xml,1,kg,GLO,metals,,,"Foreground system:
The national or regional specific electricity consumption mix is provided by the",scraped_from_ilcd
5e3dd067-59ec-484f-b0c2-ba54bf9f936a,,metals,processes/5e3dd067-59ec-484f-b0c2-ba54bf9f936a.xml,1,kg,CZ,metals,,,"Foreground system:
The electricity is either produced in a biomass (solid) specific power plants an",scraped_from_ilcd
69d98236-b66d-568a-a9c7-c28f40147b03,,metals,processes/69d98236-b66d-568a-a9c7-c28f40147b03.xml,1,kg,EU+EFTA+UK,metals,,,"Simliar to iron, garment steamer can be adjusted to the suitable temperature of the garment. In garm",scraped_from_ilcd
fbc4d679-fe2f-4a72-9611-2c9f062d3483,,metals,processes/fbc4d679-fe2f-4a72-9611-2c9f062d3483.xml,1,kg,NZ,metals,,,"Foreground system:
The electricity is either produced in a lignite specific power plants and/or com",scraped_from_ilcd
7053115d-165e-5d05-be71-8cdffd3cc51c,,metals,processes/7053115d-165e-5d05-be71-8cdffd3cc51c.xml,1,kg,CA,metals,,,Sawdust is produced as a by-product of wood sawing. The sawdust is stored and transported within the,scraped_from_ilcd
3613e728-0147-4631-a729-975553cd6e82,,metals,processes/3613e728-0147-4631-a729-975553cd6e82.xml,1,kg,FR,metals,,,"Foreground system:
The residual mix is the grid attribute (emission, radioactive waste, etc.) avera",scraped_from_ilcd
3b5af6ee-2fd6-4fae-b319-2373257a3c87,,metals,processes/3b5af6ee-2fd6-4fae-b319-2373257a3c87.xml,1,kg,GLO,metals,,,"Foreground system:
Nickel plating is done by coating a metal plating with nickel by an electrolytic",scraped_from_ilcd
0ab1c270-310a-443b-baeb-94ed64219c9c,,metals,processes/0ab1c270-310a-443b-baeb-94ed64219c9c.xml,1,kg,EU+EFTA+UK,metals,,,"Foreground system:

PET production
Polyethylene terephthalate (abbreviated as PET or PETE, CAS nu",scraped_from_ilcd
4e1e2ad6-3b47-4e9e-a5a9-5dad09cec5fd,,metals,processes/4e1e2ad6-3b47-4e9e-a5a9-5dad09cec5fd.xml,1,kg,GLO,metals,,,"Foreground system:
Petroleum refineries are complex plants. The combination and sequence of a large",scraped_from_ilcd
736cf44d-4500-5b50-b380-3ef15531de46,,metals,processes/736cf44d-4500-5b50-b380-3ef15531de46.xml,1,kg,DE,metals,,,Sawdust is produced as a by-product of wood sawing. The sawdust is stored and transported within the,scraped_from_ilcd
710df215-51c2-49ed-9054-3231838d13ab,,metals,processes/710df215-51c2-49ed-9054-3231838d13ab.xml,1,kg,EU+EFTA+UK,metals,,,The average distance to the locations of the shredders in Europe is 1000 km. Therefore the parameter,scraped_from_ilcd
bf18efa4-99a6-4e3f-bcd8-04521709f96f,,metals,processes/bf18efa4-99a6-4e3f-bcd8-04521709f96f.xml,1,kg,GR,metals,,,"Foreground system:
The residual mix is the grid attribute (emission, radioactive waste, etc.) avera",scraped_from_ilcd
76052e0a-7cef-5b2f-911e-a0e547d600da,,metals,processes/76052e0a-7cef-5b2f-911e-a0e547d600da.xml,1,kg,TR,metals,,,The environmental impact cotton fibre includes cultivation and delintint the Seed cotton. The ginnin,scraped_from_ilcd
d79efc67-c1d5-5866-b025-c75a6031d54a,,metals,processes/d79efc67-c1d5-5866-b025-c75a6031d54a.xml,1,kg,ES,metals,,,"The recycling yield is 96%, therefore a waste cotton input of 1.042 kg has to be added.",scraped_from_ilcd
448ab0f1-4dd6-4d85-b654-35736bb772f4,,metals,processes/448ab0f1-4dd6-4d85-b654-35736bb772f4.xml,1,kg,EU+EFTA+UK,metals,,,"Foreground system:
The data set represents a typical municipal waste landfill with surface and basi",scraped_from_ilcd
d4b83b98-61ec-5364-80d0-e2e293881df1,,metals,processes/d4b83b98-61ec-5364-80d0-e2e293881df1.xml,1,kg,EU+EFTA+UK,metals,,,Most commonly used iron are dry irons and steam irons. Steam irons can also be used for dry ironing.,scraped_from_ilcd
fd5fc994-4f46-4cbc-a5a9-f44676343616,,metals,processes/fd5fc994-4f46-4cbc-a5a9-f44676343616.xml,1,kg,JP,metals,,,"Foreground system:
The data set includes an average onshore and offshore wind model. The following ",scraped_from_ilcd
86ee50b5-b487-4432-bede-d77192e94da2,,metals,processes/86ee50b5-b487-4432-bede-d77192e94da2.xml,1,kg,EU+EFTA+UK,metals,,,"Foreground system:
The glass waste is collected and transported to the recycling plant. The materia",scraped_from_ilcd
d1b67ec3-daf6-4978-ac86-c30bc6cd88c3,,metals,processes/d1b67ec3-daf6-4978-ac86-c30bc6cd88c3.xml,1,kg,EU+EFTA+UK,metals,,,"Foreground system:
The data set represents a typical municipal waste landfill with surface and basi",scraped_from_ilcd
85ef22b7-b694-4f3e-bb1a-9f228f708552,,metals,processes/85ef22b7-b694-4f3e-bb1a-9f228f708552.xml,1,kg,EU+EFTA+UK,metals,,,"Foreground system:
The data set represents a typical municipal waste landfill with surface and basi",scraped_from_ilcd
68ca1cc9-53b1-41a7-8ba1-5ba805118a30,,metals,processes/68ca1cc9-53b1-41a7-8ba1-5ba805118a30.xml,1,kg,GLO,metals,,,"Foreground system:
The mineral is found in quarrels and has to be mined. It is extracted from the q",scraped_from_ilcd
adbfea0f-fd46-44bc-83f0-5c0a4c54d32c,,metals,processes/adbfea0f-fd46-44bc-83f0-5c0a4c54d32c.xml,1,kg,DK,metals,,,"Foreground system:
The data set includes an average onshore and offshore wind model. The following ",scraped_from_ilcd
77aa35c5-7007-4621-8115-cb8cfa77690d,,metals,processes/77aa35c5-7007-4621-8115-cb8cfa77690d.xml,1,kg,EU+EFTA+UK,metals,,,"Foreground system:
Steel scrap and alloy components are melted in an electric furnace and afterward",scraped_from_ilcd
262804bb-73e2-42bb-8f47-f9f46ceab85b,,metals,processes/262804bb-73e2-42bb-8f47-f9f46ceab85b.xml,1,kg,EU+EFTA+UK,metals,,,"Foreground system:
Tinplating is done by coating a steel plating with tin by an electrolytic proces",scraped_from_ilcd
14d894e8-d52b-4a79-8792-deb459903a8b,,metals,processes/14d894e8-d52b-4a79-8792-deb459903a8b.xml,1,kg,GLO,metals,,,"Foreground system:

The main primary products are iron ore, pellets and hard coal. The preparation",scraped_from_ilcd
b0f79beb-7174-46ea-b2a0-c081410a9f5e,,metals,processes/b0f79beb-7174-46ea-b2a0-c081410a9f5e.xml,1,kg,BR,metals,,,"Foreground system:
Petroleum refineries are complex plants. The combination and sequence of a large",scraped_from_ilcd
6727b87c-e94b-49e3-8a98-17d0f7e7865f,,metals,processes/6727b87c-e94b-49e3-8a98-17d0f7e7865f.xml,1,kg,EU+EFTA+UK,metals,,,The average distance to the locations of the shredders in Europe is 1000 km. Therefore the parameter,scraped_from_ilcd
146bccc3-71e3-4f21-a12c-d56e0af842fb,,metals,processes/146bccc3-71e3-4f21-a12c-d56e0af842fb.xml,1,kg,RO,metals,,,"Foreground system:
The model comprises the production of electricity from a mix of pressure water (",scraped_from_ilcd
27dc3db5-56d2-44a1-b464-bd3b5fff5196,,metals,processes/27dc3db5-56d2-44a1-b464-bd3b5fff5196.xml,1,kg,ROC,metals,,,"Foreground system:

1. Rape seed oil methyl ester (RME)
The intensive cultivation of winter rape-",scraped_from_ilcd
c3ac762a-0796-4b99-a470-886214c20d36,,metals,processes/c3ac762a-0796-4b99-a470-886214c20d36.xml,1,kg,AT,metals,,,"Foreground system:
The residual mix is the grid attribute (emission, radioactive waste, etc.) avera",scraped_from_ilcd
9f765454-ad47-4e55-a091-94006f8edb4f,,metals,processes/9f765454-ad47-4e55-a091-94006f8edb4f.xml,1,kg,BR,metals,,,"Foreground system:
The hydro power plant model consists of three sub-models: These sub-models are: ",scraped_from_ilcd
7e17e5cb-786c-4e36-a9c4-b2360ba13981,,metals,processes/7e17e5cb-786c-4e36-a9c4-b2360ba13981.xml,1,kg,EU+EFTA+UK,metals,,,"Foreground system:
The electricity is either produced in a coal gas specific power plants and/or co",scraped_from_ilcd
b66db11c-50e9-55f9-86ef-596dd8df2c1e,,metals,processes/b66db11c-50e9-55f9-86ef-596dd8df2c1e.xml,1,kg,RU,metals,,,Sawdust is produced as a by-product of wood sawing. The sawdust is stored and transported within the,scraped_from_ilcd
dc9aaa81-bc07-48a6-9b01-1e087691c844,,metals,processes/dc9aaa81-bc07-48a6-9b01-1e087691c844.xml,1,kg,GLO,metals,,,"Foreground system:
In the metallization paste manufacturing process, metal powder such as aluminium",scraped_from_ilcd
0fefabc5-ea71-40f9-983c-40154318245c,,metals,processes/0fefabc5-ea71-40f9-983c-40154318245c.xml,1,kg,GLO,metals,,,"Foreground system:
Molybdenum ore is mined by using conventional extraction methods such as drillin",scraped_from_ilcd
da248653-790b-44bf-9e43-d4ae66cafbe1,,metals,processes/da248653-790b-44bf-9e43-d4ae66cafbe1.xml,1,kg,EU+EFTA+UK,metals,,,"Foreground system:
Petroleum refineries are complex plants. The combination and sequence of a large",scraped_from_ilcd
acbb0221-f07d-43a5-931e-d4f4235594a6,,metals,processes/acbb0221-f07d-43a5-931e-d4f4235594a6.xml,1,kg,LV,metals,,,"Foreground system:
The national or regional specific electricity consumption mix is provided by the",scraped_from_ilcd
e7400910-6901-573c-a5c3-f7c621a77157,,metals,processes/e7400910-6901-573c-a5c3-f7c621a77157.xml,1,kg,EU+EFTA+UK,metals,,,Pulp is produced in a thermomechanical process where wood particles are softened by steam before ent,scraped_from_ilcd
3cda3fa0-8b65-40f1-b40c-e2874d40ed1c,,metals,processes/3cda3fa0-8b65-40f1-b40c-e2874d40ed1c.xml,1,kg,FI,metals,,,"Foreground system:
The electricity is either produced in a coal gas specific power plants and/or co",scraped_from_ilcd
a76b0a2e-7f2b-4580-b3b4-b0c2031e526f,,metals,processes/a76b0a2e-7f2b-4580-b3b4-b0c2031e526f.xml,1,kg,BR,metals,,,"Foreground system:
Petroleum refineries are complex plants. The combination and sequence of a large",scraped_from_ilcd
8bb90b6b-aae5-40bf-af41-94fda0bcb9f5,,metals,processes/8bb90b6b-aae5-40bf-af41-94fda0bcb9f5.xml,1,kg,IN,metals,,,"Foreground system:
Petroleum refineries are complex plants. The combination and sequence of a large",scraped_from_ilcd
e7c65075-3ec4-4d0f-9e86-d203a3d4bc6a,,metals,processes/e7c65075-3ec4-4d0f-9e86-d203a3d4bc6a.xml,1,kg,CN,metals,,,"Foreground system:
Petroleum refineries are complex plants. The combination and sequence of a large",scraped_from_ilcd
fc392b91-dc9c-4c26-8a3c-03439572e353,,metals,processes/fc392b91-dc9c-4c26-8a3c-03439572e353.xml,1,kg,NO,metals,,,"Foreground system:
The electricity is either produced in a hard coal specific power plants and/or c",scraped_from_ilcd
bdf06adc-c8c0-4f42-b835-70f350a34d2a,,metals,processes/bdf06adc-c8c0-4f42-b835-70f350a34d2a.xml,1,kg,EU+EFTA+UK,metals,,,The average distance to the locations of the shredders in Europe is 1000 km. Therefore the parameter,scraped_from_ilcd
055de977-6c5c-5a66-acfb-ff03bb5849b5,,metals,processes/055de977-6c5c-5a66-acfb-ff03bb5849b5.xml,1,kg,TJ,metals,,,The environmental impact cotton fibre includes cultivation and delintint the Seed cotton. The ginnin,scraped_from_ilcd
f81c152c-9e5f-53f6-ad71-93b1ca6db2c5,,metals,processes/f81c152c-9e5f-53f6-ad71-93b1ca6db2c5.xml,1,kg,EU+EFTA+UK,metals,,,Most commonly used iron are dry irons and steam irons. Steam irons can also be used for dry ironing.,scraped_from_ilcd
33e73a05-ceb0-4e48-a680-b7e026f11222,,metals,processes/33e73a05-ceb0-4e48-a680-b7e026f11222.xml,1,kg,FR,metals,,,"Foreground system:
The national or regional specific electricity consumption mix is provided by the",scraped_from_ilcd
3768972a-b9db-4b1a-8331-1db773fb41eb,,metals,processes/3768972a-b9db-4b1a-8331-1db773fb41eb.xml,1,kg,JP,metals,,,"Foreground system:
The hydro power plant model consists of three sub-models: These sub-models are: ",scraped_from_ilcd
c8740753-48c6-4e3a-872f-ed13ddd318bc,,metals,processes/c8740753-48c6-4e3a-872f-ed13ddd318bc.xml,1,kg,RAF,metals,,,"Foreground system:
Petroleum refineries are complex plants. The combination and sequence of a large",scraped_from_ilcd
90e05284-92d3-4770-996a-f6115b526daa,,metals,processes/90e05284-92d3-4770-996a-f6115b526daa.xml,1,kg,GB,metals,,,"Foreground system:
The electricity is either produced in a hard coal specific power plants and/or c",scraped_from_ilcd
72603325-62ca-4580-9b5b-e2a6fe847e4e,,metals,processes/72603325-62ca-4580-9b5b-e2a6fe847e4e.xml,1,kg,EU+EFTA+UK,metals,,,"Foreground system:
This data set covers all relevant inputs and outputs from the treatment of incom",scraped_from_ilcd
a3f9cc00-7810-4d08-aab6-7989c8f90ea1,,metals,processes/a3f9cc00-7810-4d08-aab6-7989c8f90ea1.xml,1,kg,JP,metals,,,"Foreground system:
Petroleum refineries are complex plants. The combination and sequence of a large",scraped_from_ilcd
3396b9df-bd8f-42b0-be12-3b9b1fc25300,,metals,processes/3396b9df-bd8f-42b0-be12-3b9b1fc25300.xml,1,kg,RAS,metals,,,"Foreground system:
The Sphera landfill model is adapted to the region of this dataset by using info",scraped_from_ilcd
c97bf506-f917-4652-8cce-bc4328e55c96,,metals,processes/c97bf506-f917-4652-8cce-bc4328e55c96.xml,1,kg,EU+EFTA+UK,metals,,,The average distance to the locations of the shredders in Europe is 1000 km. Therefore the parameter,scraped_from_ilcd
43cf20e1-9cae-4a47-9951-519221d2affa,,metals,processes/43cf20e1-9cae-4a47-9951-519221d2affa.xml,1,kg,RU,metals,,,"Foreground system:
Petroleum refineries are complex plants. The combination and sequence of a large",scraped_from_ilcd
dd3d586f-f8c6-476f-bf0d-3c73abfd1238,,metals,processes/dd3d586f-f8c6-476f-bf0d-3c73abfd1238.xml,1,kg,GLO w/o EU+EFTA+UK,metals,,,"Foreground system:

Fiber production
A fiber is produced by melting and continual extrusion of th",scraped_from_ilcd
8a0f6740-bfe7-4157-b672-705c60c70425,,metals,processes/8a0f6740-bfe7-4157-b672-705c60c70425.xml,1,kg,ES,metals,,,"Foreground system:
The residual mix is the grid attribute (emission, radioactive waste, etc.) avera",scraped_from_ilcd
178d587e-8862-4cf0-b29d-6674e9d9a1f0,,metals,processes/178d587e-8862-4cf0-b29d-6674e9d9a1f0.xml,1,kg,SE,metals,,,"Foreground system:
The electricity is either produced in a hard coal specific power plants and/or c",scraped_from_ilcd
9e14a5fa-76b7-5572-a0f4-ea09c169a245,,metals,processes/9e14a5fa-76b7-5572-a0f4-ea09c169a245.xml,1,kg,GLO,metals,,,Even-aged forests of oaks are used for cork plantations and shadow for cattle and goats. Cork harves,scraped_from_ilcd
92b03f13-1a5b-45e1-a13e-5060428a7776,,metals,processes/92b03f13-1a5b-45e1-a13e-5060428a7776.xml,1,kg,RU,metals,,,"Foreground system:
Petroleum refineries are complex plants. The combination and sequence of a large",scraped_from_ilcd
5e535a9b-1b46-4ab8-ae24-d60485575060,,metals,processes/5e535a9b-1b46-4ab8-ae24-d60485575060.xml,1,kg,GLO,metals,,,"Foreground system:
Petroleum refineries are complex plants. The combination and sequence of a large",scraped_from_ilcd
83e7a618-1558-4fae-bf56-d7a3126efece,,metals,processes/83e7a618-1558-4fae-bf56-d7a3126efece.xml,1,kg,GLO,metals,,,"Foreground system:

Fiber production
A fiber is produced by melting and continual extrusion of th",scraped_from_ilcd
32ba7329-537c-4012-9319-f8bc53218856,,metals,processes/32ba7329-537c-4012-9319-f8bc53218856.xml,1,kg,EU+EFTA+UK,metals,,,"Foreground system:
Cables consist of insulated wire cores, which may either be fused together (in t",scraped_from_ilcd
c62a4166-221b-45f1-8aeb-c29c863ee8bd,,metals,processes/c62a4166-221b-45f1-8aeb-c29c863ee8bd.xml,1,kg,EU+EFTA+UK,metals,,,"Foreground system:
The country / region specific hard coal consumption mix, mix indigenous produced",scraped_from_ilcd
241f118c-3c29-4f0b-807a-f043d75ee00a,,metals,processes/241f118c-3c29-4f0b-807a-f043d75ee00a.xml,1,kg,RAF,metals,,,"Foreground system:
The country / region specific natural gas consumption mix, mix indigenous produc",scraped_from_ilcd
4661f666-707d-4f21-80bf-74cbccd84749,,metals,processes/4661f666-707d-4f21-80bf-74cbccd84749.xml,1,kg,EU+EFTA+UK,metals,,,"Foreground system:
Copper sulphate is produced from Canadian zinc- copper ores. Natural ores are mi",scraped_from_ilcd
dadebd9e-b34b-4dc6-8bd5-78056dd827e6,,metals,processes/dadebd9e-b34b-4dc6-8bd5-78056dd827e6.xml,1,kg,EU+EFTA+UK,metals,,,"Foreground system:

OPP production
Biaxial oriented polypropylene films are a strechted form of p",scraped_from_ilcd
60e1aed9-69e8-4676-bc09-9fd6bc960453,,metals,processes/60e1aed9-69e8-4676-bc09-9fd6bc960453.xml,1,kg,NL,metals,,,"Foreground system:
The electricity is either produced in a hard coal specific power plants and/or c",scraped_from_ilcd
046c49fc-c9ba-4263-aaf0-181f6e8015ea,,metals,processes/046c49fc-c9ba-4263-aaf0-181f6e8015ea.xml,1,kg,DK,metals,,,"Foreground system:
The national or regional specific electricity consumption mix is provided by the",scraped_from_ilcd
53fa0491-e644-44d3-b424-f6c1bbc0cb00,,metals,processes/53fa0491-e644-44d3-b424-f6c1bbc0cb00.xml,1,kg,FR,metals,,,"Foreground system:
The electricity is either produced in a heavy fuel oil (HFO) specific power plan",scraped_from_ilcd
22df68ee-1dfd-54ed-a58f-bff2112a2dfd,,metals,processes/22df68ee-1dfd-54ed-a58f-bff2112a2dfd.xml,1,kg,DE,metals,,,Sawdust is produced as a by-product of wood sawing. The sawdust is stored and transported within the,scraped_from_ilcd
6f8ace40-5893-4025-b193-ea27404cfad4,,metals,processes/6f8ace40-5893-4025-b193-ea27404cfad4.xml,1,kg,EU+EFTA+UK,metals,,,"Foreground system:
Chlorofluoroalkanes are produced by halogen exchange, they are therefore reacted",scraped_from_ilcd
469d2239-a187-5ebb-99f7-4fce6cfb180d,,metals,processes/469d2239-a187-5ebb-99f7-4fce6cfb180d.xml,1,kg,ML,metals,,,The environmental impact cotton fibre includes cultivation and delintint the Seed cotton. The ginnin,scraped_from_ilcd
9b9aaf8d-fa1f-4d11-a500-a947753757bd,,metals,processes/9b9aaf8d-fa1f-4d11-a500-a947753757bd.xml,1,kg,IE,metals,,,"Foreground system:
The national or regional specific electricity consumption mix is provided by the",scraped_from_ilcd
9891edaf-9679-4cc8-bea0-8f0e0a18ad28,,metals,processes/9891edaf-9679-4cc8-bea0-8f0e0a18ad28.xml,1,kg,ES,metals,,,"Foreground system:
The electricity is either produced in a heavy fuel oil (HFO) specific power plan",scraped_from_ilcd
a8bd41ae-8a46-46ca-a43a-3122c631d3d4,,metals,processes/a8bd41ae-8a46-46ca-a43a-3122c631d3d4.xml,1,kg,AT,metals,,,"Foreground system:
The electricity is either produced in a biogas specific power plants and/or comb",scraped_from_ilcd
c63d448b-0987-4785-ab31-e0c286338ad6,,metals,processes/c63d448b-0987-4785-ab31-e0c286338ad6.xml,1,kg,GLO,metals,,,"Foreground system:
Silver casting is carried out by using secondary silver (from remelting silver s",scraped_from_ilcd
86f082bd-2f32-4c13-af09-4623a90b948a,,metals,processes/86f082bd-2f32-4c13-af09-4623a90b948a.xml,1,kg,ROW,metals,,,"Foreground system:
In the electrogalvanization process, a steel part is electrolytically coated wit",scraped_from_ilcd
66523aab-ab07-410c-952b-fc6ca37c49f2,,metals,processes/66523aab-ab07-410c-952b-fc6ca37c49f2.xml,1,kg,RNA,metals,,,"Foreground system:
Petroleum refineries are complex plants. The combination and sequence of a large",scraped_from_ilcd
33edbeae-7447-4910-ab77-57d990df0552,,metals,processes/33edbeae-7447-4910-ab77-57d990df0552.xml,1,kg,RSA,metals,,,"Foreground system:
Petroleum refineries are complex plants. The combination and sequence of a large",scraped_from_ilcd
6093685f-4efa-4cb8-b634-aad03fad5091,,metals,processes/6093685f-4efa-4cb8-b634-aad03fad5091.xml,1,kg,EU+EFTA+UK,metals,,,"Metal scrap (pre-consumer, mono-grade but partly coated) is generated in the process. The amount is ",scraped_from_ilcd
c2b2914e-1986-456e-a3ea-0e79b529e7d6,,metals,processes/c2b2914e-1986-456e-a3ea-0e79b529e7d6.xml,1,kg,EU+EFTA+UK,metals,,,The average distance to the locations of the shredders in Europe is 1000 km. Therefore the parameter,scraped_from_ilcd
cf549abd-e845-515c-b817-69ae62905ad3,,metals,processes/cf549abd-e845-515c-b817-69ae62905ad3.xml,1,kg,GLO,metals,,,The process starts by making a bath or water with liquor ratio of 1:20 in a sealed stainless steel t,scraped_from_ilcd
9a1ecacd-7a42-4b53-a267-048f73f9000f,,metals,processes/9a1ecacd-7a42-4b53-a267-048f73f9000f.xml,1,kg,LU,metals,,,"Foreground system:
The electricity is either produced in a biogas specific power plants and/or comb",scraped_from_ilcd
570239e1-eb5c-4ddb-854b-5362604ffbf1,,metals,processes/570239e1-eb5c-4ddb-854b-5362604ffbf1.xml,1,kg,RU,metals,,,"Foreground system:
Petroleum refineries are complex plants. The combination and sequence of a large",scraped_from_ilcd
e7d50a0f-cecb-449c-9c06-d1634eafa482,,metals,processes/e7d50a0f-cecb-449c-9c06-d1634eafa482.xml,1,kg,IN,metals,,,"Foreground system:
The electricity is either produced in a natural gasl specific power plants and/o",scraped_from_ilcd
8fb75312-431d-42f6-9a4f-22fa886f7fe3,,metals,processes/8fb75312-431d-42f6-9a4f-22fa886f7fe3.xml,1,kg,EU+EFTA+UK,metals,,,"Foreground system:
The residual mix is the grid attribute (emission, radioactive waste, etc.) avera",scraped_from_ilcd
f09e6c97-e371-5b38-a78f-844e54293b35,,metals,processes/f09e6c97-e371-5b38-a78f-844e54293b35.xml,1,kg,UZ,metals,,,The environmental impact cotton fibre includes cultivation and delintint the Seed cotton. The ginnin,scraped_from_ilcd
03acd011-7a07-460d-8371-e56d30dac737,,metals,processes/03acd011-7a07-460d-8371-e56d30dac737.xml,1,kg,GLO,metals,,,"Foreground system:
The global platinum mix was modelled considering the South African and the Russi",scraped_from_ilcd
4c8edc97-13a1-40ab-abdb-3fa846b261a1,,metals,processes/4c8edc97-13a1-40ab-abdb-3fa846b261a1.xml,1,kg,RSA,metals,,,"Foreground system:
Petroleum refineries are complex plants. The combination and sequence of a large",scraped_from_ilcd
8f3cd1b1-7c02-4114-b4ab-dfde60f6da08,,metals,processes/8f3cd1b1-7c02-4114-b4ab-dfde60f6da08.xml,1,kg,GLO,metals,,,"Foreground system:
The mineral is found in quarrels and has to be mined. It is extracted from the q",scraped_from_ilcd
fbc007dc-bb9f-4f45-aa56-f21798976de2,,metals,processes/fbc007dc-bb9f-4f45-aa56-f21798976de2.xml,1,kg,BE,metals,,,"Foreground system:
The electricity is either produced in a biomass (solid) specific power plants an",scraped_from_ilcd
556de99c-49f0-4ab3-8a7a-857d5b787b95,,metals,processes/556de99c-49f0-4ab3-8a7a-857d5b787b95.xml,1,kg,AT,metals,,,"Foreground system:
The data set includes an average onshore and offshore wind model. The following ",scraped_from_ilcd
269e02b2-d7c5-43b3-9770-e649175cde9c,,metals,processes/269e02b2-d7c5-43b3-9770-e649175cde9c.xml,1,kg,JP,metals,,,"Foreground system:
The electricity is either produced in a heavy fuel oil (HFO) specific power plan",scraped_from_ilcd
d82fec17-80c0-5168-a991-197b39853783,,metals,processes/d82fec17-80c0-5168-a991-197b39853783.xml,1,kg,IN,metals,,,The environmental impact cotton fibre includes cultivation and delintint the Seed cotton. The ginnin,scraped_from_ilcd
66333fc1-1cc9-5e94-8274-f5ecd4b337d9,,metals,processes/66333fc1-1cc9-5e94-8274-f5ecd4b337d9.xml,1,kg,GLO,metals,,,"Metal shoe eyelet production covers brass material production and its metal works.

Global waste col",scraped_from_ilcd
4c7adc5d-5464-4b08-8ccd-a1ef70eb08a6,,metals,processes/4c7adc5d-5464-4b08-8ccd-a1ef70eb08a6.xml,1,kg,EU+EFTA+UK,metals,,,Copper and gold are recycled. The rest fraction is incinerated. The recycling of copper and gold is ,scraped_from_ilcd
308685e7-15fe-417e-a016-1f6060a0ff10,,metals,processes/308685e7-15fe-417e-a016-1f6060a0ff10.xml,1,kg,EU+EFTA+UK,metals,,,"Foreground system:
The paper waste is collected and transported to the recycling plant. The materia",scraped_from_ilcd
704be902-65a2-4456-93fa-3e086f409683,,metals,processes/704be902-65a2-4456-93fa-3e086f409683.xml,1,kg,LU,metals,,,"Foreground system:
The data set includes an average onshore and offshore wind model. The following ",scraped_from_ilcd
4448a134-4411-4735-9805-3b281c0460a0,,metals,processes/4448a134-4411-4735-9805-3b281c0460a0.xml,1,kg,LT,metals,,,"Foreground system:
The data set includes an average onshore and offshore wind model. The following ",scraped_from_ilcd
11bd5d88-0968-44b3-b9f7-e7377bf01613,,metals,processes/11bd5d88-0968-44b3-b9f7-e7377bf01613.xml,1,kg,GLO,metals,,,"Foreground system:
Quartz is mined from a quarrel by using construction machines (excavators, dumpe",scraped_from_ilcd
cc14b011-95bc-430d-999a-bc0ddd729522,,metals,processes/cc14b011-95bc-430d-999a-bc0ddd729522.xml,1,kg,EU+EFTA,metals,,,Construction of slanted-roof. Materials and packaging for the production and estimation for metal pr,scraped_from_ilcd
980d1f4b-6813-4374-a418-a182427c817f,,metals,processes/980d1f4b-6813-4374-a418-a182427c817f.xml,1,kg,RSA,metals,,,"Foreground system:
The electricity is either produced in a natural gasl specific power plants and/o",scraped_from_ilcd
c0156632-4f1d-4851-a401-40dd84b62f84,,metals,processes/c0156632-4f1d-4851-a401-40dd84b62f84.xml,1,kg,NO,metals,,,"Foreground system:
The electricity is either produced in a natural gasl specific power plants and/o",scraped_from_ilcd
8ccf4fd6-c128-4e18-9e42-0d4e1a6455c5,,metals,processes/8ccf4fd6-c128-4e18-9e42-0d4e1a6455c5.xml,1,kg,GLO,metals,,,"Foreground system:
This dataset comprises the production and End- of- Life of an irrigation system.",scraped_from_ilcd
22997ee3-1a6d-499b-b9db-9b5494bb18b8,,metals,processes/22997ee3-1a6d-499b-b9db-9b5494bb18b8.xml,1,kg,JP,metals,,,"Foreground system:
Petroleum refineries are complex plants. The combination and sequence of a large",scraped_from_ilcd
b9635e6d-1d62-4461-897c-4213dba3ffbb,,metals,processes/b9635e6d-1d62-4461-897c-4213dba3ffbb.xml,1,kg,ROC,metals,,,"Foreground system:
The Sphera landfill model is adapted to the region of this dataset by using info",scraped_from_ilcd
0658b1d8-f87f-486c-9610-306e4cb0cad3,,metals,processes/0658b1d8-f87f-486c-9610-306e4cb0cad3.xml,1,kg,EU+EFTA+UK,metals,,,"This dataset represents a can making process for both can materials: aluminium or steel cans.
Metal",scraped_from_ilcd
94fd9e25-77c1-4b5b-9ec4-2a7909da9d26,,metals,processes/94fd9e25-77c1-4b5b-9ec4-2a7909da9d26.xml,1,kg,FI,metals,,,"Foreground system:
The residual mix is the grid attribute (emission, radioactive waste, etc.) avera",scraped_from_ilcd
3a9e4e9d-c407-573b-9651-818e329c23fc,,metals,processes/3a9e4e9d-c407-573b-9651-818e329c23fc.xml,1,kg,SE,metals,,,Sawdust is produced as a by-product of wood sawing. The sawdust is stored and transported within the,scraped_from_ilcd
508180c4-6a1d-48a3-83e4-b6750eb67d73,,metals,processes/508180c4-6a1d-48a3-83e4-b6750eb67d73.xml,1,kg,GLO,metals,,,"Foreground system:

Alumina production:
This unit process begins with unloading of process materi",scraped_from_ilcd
84ab2216-c98c-488a-8a0e-1707386e45a8,,metals,processes/84ab2216-c98c-488a-8a0e-1707386e45a8.xml,1,kg,GLO,metals,,,"Foreground system:
Wood consists of cellulose, hemicellulose and lignin. In contrast to cellulose, ",scraped_from_ilcd
4948efc7-36e6-4dc0-893b-5521cf05d5f9,,metals,processes/4948efc7-36e6-4dc0-893b-5521cf05d5f9.xml,1,kg,EU+EFTA+UK,metals,,,The average distance to the locations of the shredders in Europe is 1000 km. Therefore the parameter,scraped_from_ilcd
510129e0-ea2c-4deb-a210-1e80a6fa8557,,metals,processes/510129e0-ea2c-4deb-a210-1e80a6fa8557.xml,1,kg,SE,metals,,,"Foreground system:
The residual mix is the grid attribute (emission, radioactive waste, etc.) avera",scraped_from_ilcd
8233263a-bf2e-416e-97a4-7f632248075a,,metals,processes/8233263a-bf2e-416e-97a4-7f632248075a.xml,1,kg,CN,metals,,,"Foreground system:
The national or regional specific electricity consumption mix is provided by the",scraped_from_ilcd
0795f215-cb48-40b4-93c6-60959611df98,,metals,processes/0795f215-cb48-40b4-93c6-60959611df98.xml,1,kg,GLO,metals,,,"Foreground system:
The mining operation of the tin sand considered in this data set is considered w",scraped_from_ilcd
cbf339cb-4f8e-5b84-ab1c-0b4e4b9a38ed,,metals,processes/cbf339cb-4f8e-5b84-ab1c-0b4e4b9a38ed.xml,1,kg,EU+EFTA+UK,metals,,,Most commonly used iron are dry irons and steam irons. Steam irons can also be used for dry ironing.,scraped_from_ilcd
7c2ab69c-4975-4d12-9813-6114af7a8c98,,metals,processes/7c2ab69c-4975-4d12-9813-6114af7a8c98.xml,1,kg,GLO,metals,,,"Foreground system:
The mineral is found in quarrels and has to be mined. It is extracted from the q",scraped_from_ilcd
096c166c-ff2b-47aa-ab1a-df6ad7f25591,,metals,processes/096c166c-ff2b-47aa-ab1a-df6ad7f25591.xml,1,kg,IE,metals,,,"Foreground system:
The residual mix is the grid attribute (emission, radioactive waste, etc.) avera",scraped_from_ilcd
a6963662-4f3a-4207-bbe8-94d60057c6ea,,metals,processes/a6963662-4f3a-4207-bbe8-94d60057c6ea.xml,1,kg,BR,metals,,,"Foreground system:
Petroleum refineries are complex plants. The combination and sequence of a large",scraped_from_ilcd
27110a18-52ef-4baf-b5b8-476036f1e971,,metals,processes/27110a18-52ef-4baf-b5b8-476036f1e971.xml,1,kg,GLO,metals,,,"Foreground system:
The data set represents a diesel generator including other emissions like NOx, D",scraped_from_ilcd
8a9752d1-2693-4d6b-b04a-6e4baa99461b,,metals,processes/8a9752d1-2693-4d6b-b04a-6e4baa99461b.xml,1,kg,EU+EFTA+UK,metals,,,"Foreground system:
A steel billet is heated into a maleable state and shaped by a hammer.
Backgrou",scraped_from_ilcd
bf54fc51-dad7-474c-b20f-9330e49b16fd,,metals,processes/bf54fc51-dad7-474c-b20f-9330e49b16fd.xml,1,kg,CH,metals,,,"Foreground system:
The electricity is either produced in a biomass (solid) specific power plants an",scraped_from_ilcd
dc80170b-4355-4425-acd6-6a8c5a5a5309,,metals,processes/dc80170b-4355-4425-acd6-6a8c5a5a5309.xml,1,kg,EU+EFTA+UK,metals,,,"Metal scrap (pre-consumer, mono-grade but partly coated) is generated in the process. The amount is ",scraped_from_ilcd
d4c696da-10fa-43a9-a4ed-42324da2764e,,metals,processes/d4c696da-10fa-43a9-a4ed-42324da2764e.xml,1,kg,CN,metals,,,"Foreground system:
The model comprises the production of electricity from a mix of pressure water (",scraped_from_ilcd
f1145ced-7227-470a-8de0-d13eed955140,,metals,processes/f1145ced-7227-470a-8de0-d13eed955140.xml,1,kg,GLO,metals,,,"Foreground system:
The Pidgeon process is one of the methods of magnesium metal production, applyin",scraped_from_ilcd
06a98f4a-919e-4bda-89c3-99e738a45a39,,metals,processes/06a98f4a-919e-4bda-89c3-99e738a45a39.xml,1,kg,GLO,metals,,,"Foreground system:
Liquid brass, is cast into ingot through DC (Direct chill) casting. Brass is hea",scraped_from_ilcd
09d54c40-dd77-46cf-b9bd-e196a40402d1,,metals,processes/09d54c40-dd77-46cf-b9bd-e196a40402d1.xml,1,kg,EU+EFTA+UK,metals,,,"Foreground system:
Petroleum refineries are complex plants. The combination and sequence of a large",scraped_from_ilcd
cd273892-e8ae-51d5-aa3f-6adaeb90a150,,metals,processes/cd273892-e8ae-51d5-aa3f-6adaeb90a150.xml,1,kg,DE,metals,,,Sawdust is produced as a by-product of wood sawing. The sawdust is stored and transported within the,scraped_from_ilcd
28290933-1fb0-42f4-a204-4e41169685a7,,metals,processes/28290933-1fb0-42f4-a204-4e41169685a7.xml,1,kg,BE,metals,,,"Foreground system:
The national or regional specific electricity consumption mix is provided by the",scraped_from_ilcd
0e206ca6-5ee9-4e65-b8f4-fc70c923e7b5,,metals,processes/0e206ca6-5ee9-4e65-b8f4-fc70c923e7b5.xml,1,kg,EU+EFTA+UK,metals,,,"Foreground system:
The metal waste is collected and transported to the recycling plant. The input m",scraped_from_ilcd
82df9f1e-7842-4afb-8089-f6854cfce79d,,metals,processes/82df9f1e-7842-4afb-8089-f6854cfce79d.xml,1,kg,GB,metals,,,"Foreground system:
The hydro power plant model consists of three sub-models: These sub-models are: ",scraped_from_ilcd
b786e2fa-ab9b-5a6f-9285-9d45880a5927,,metals,processes/b786e2fa-ab9b-5a6f-9285-9d45880a5927.xml,1,kg,GLO,metals,,,The process starts by making a bath or water with liquor ratio of 1:20 in a sealed stainless steel t,scraped_from_ilcd
50319cd7-97b1-4f24-a94f-1828f156a6e4,,metals,processes/50319cd7-97b1-4f24-a94f-1828f156a6e4.xml,1,kg,NZ,metals,,,"Foreground system:
The hydro power plant model consists of three sub-models: These sub-models are: ",scraped_from_ilcd
0e8a7b8e-66e4-4a38-9e50-6fc9a144e895,,metals,processes/0e8a7b8e-66e4-4a38-9e50-6fc9a144e895.xml,1,kg,EU+EFTA+UK,metals,,,The average distance to the locations of the shredders in Europe is 1000 km. Therefore the parameter,scraped_from_ilcd
e9514c8f-3557-43e6-9b9b-0db2cca053d8,,metals,processes/e9514c8f-3557-43e6-9b9b-0db2cca053d8.xml,1,kg,EU+EFTA+UK,metals,,,"Foreground system:
Natural cork is produced via the natural growing mechanism of cork oaks. Compare",scraped_from_ilcd
ccda70cb-b441-439f-8142-28fb75c0037e,,metals,processes/ccda70cb-b441-439f-8142-28fb75c0037e.xml,1,kg,RAF,metals,,,"Foreground system:
The Sphera landfill model is adapted to the region of this dataset by using info",scraped_from_ilcd
5da97634-5a86-4b67-b4f8-a584fe0b7a11,,metals,processes/5da97634-5a86-4b67-b4f8-a584fe0b7a11.xml,1,kg,EU+EFTA+UK,metals,,,The average distance to the locations of the shredders in Europe is 1000 km. Therefore the parameter,scraped_from_ilcd
1a1906c7-6b99-5617-b7b6-9269276f6a62,,metals,processes/1a1906c7-6b99-5617-b7b6-9269276f6a62.xml,1,kg,PK,metals,,,The environmental impact cotton fibre includes cultivation and delintint the Seed cotton. The ginnin,scraped_from_ilcd
8f9e8afc-029f-498e-81b9-084ebe302d40,,metals,processes/8f9e8afc-029f-498e-81b9-084ebe302d40.xml,1,kg,RNA,metals,,,"Foreground system:
The metal waste is collected and transported to the recycling plant. The materia",scraped_from_ilcd
fba94af5-1bf4-4425-b826-ec969e4cb8f1,,metals,processes/fba94af5-1bf4-4425-b826-ec969e4cb8f1.xml,1,kg,IN,metals,,,"Foreground system:
The country / region specific natural gas consumption mix, mix indigenous produc",scraped_from_ilcd
e202bb33-86bb-4875-bbba-8d15eb9f4edc,,metals,processes/e202bb33-86bb-4875-bbba-8d15eb9f4edc.xml,1,kg,BG,metals,,,"Foreground system:
The hydro power plant model consists of three sub-models: These sub-models are: ",scraped_from_ilcd
4a3ac9c9-1626-4b68-89ee-a481448842c5,,metals,processes/4a3ac9c9-1626-4b68-89ee-a481448842c5.xml,1,kg,GLO,metals,,,"Foreground system:
In the injection mould process, plastics are processed as granules, as powder an",scraped_from_ilcd
73cd5c5c-acfb-49b7-a382-77be685dc2de,,metals,processes/73cd5c5c-acfb-49b7-a382-77be685dc2de.xml,1,kg,EU+EFTA+UK,metals,,,The average distance to the locations of the shredders in Europe is 1000 km. Therefore the parameter,scraped_from_ilcd
7862dfc3-008d-4b99-ab9f-10c2b3abf9bf,,metals,processes/7862dfc3-008d-4b99-ab9f-10c2b3abf9bf.xml,1,kg,NZ,metals,,,"Foreground system:
The electricity is either produced in a heavy fuel oil (HFO) specific power plan",scraped_from_ilcd
83c17228-841c-45ce-a5c2-40b47a9a1619,,metals,processes/83c17228-841c-45ce-a5c2-40b47a9a1619.xml,1,kg,RAS w/o CN,metals,,,"Foreground system:
The electricity is either produced in a biomass (solid) specific power plants an",scraped_from_ilcd
4c724aff-1851-469d-8596-0768517ec1cb,,metals,processes/4c724aff-1851-469d-8596-0768517ec1cb.xml,1,kg,EU+EFTA+UK,metals,,,"Foreground system:
Secondary aluminium is produced by remelting aluminium scrap. The scrap is clean",scraped_from_ilcd
56a8926d-db98-48b9-8cbc-d556ab823061,,metals,processes/56a8926d-db98-48b9-8cbc-d556ab823061.xml,1,kg,RAF,metals,,,"Foreground system:
Petroleum refineries are complex plants. The combination and sequence of a large",scraped_from_ilcd
5263d686-b4a1-4ef8-ab35-72dfa7a05991,,metals,processes/5263d686-b4a1-4ef8-ab35-72dfa7a05991.xml,1,kg,SK,metals,,,"Foreground system:
The residual mix is the grid attribute (emission, radioactive waste, etc.) avera",scraped_from_ilcd
028fb5d5-3821-4dc4-9281-f201e1c54f85,,metals,processes/028fb5d5-3821-4dc4-9281-f201e1c54f85.xml,1,kg,NZ,metals,,,"Foreground system:
The data set includes an average onshore and offshore wind model. The following ",scraped_from_ilcd
fe0c2941-396d-4659-9c67-6a9679698663,,metals,processes/fe0c2941-396d-4659-9c67-6a9679698663.xml,1,kg,LT,metals,,,"Foreground system:
The electricity is either produced in a natural gasl specific power plants and/o",scraped_from_ilcd
f8be7eab-edc9-4ec6-b4ac-c1385b2a6d31,,metals,processes/f8be7eab-edc9-4ec6-b4ac-c1385b2a6d31.xml,1,kg,DE,metals,,,"Foreground system:
Polyvinyl butyral PVB is a Poly(Vinyl Acetal) material belonging to the group of",scraped_from_ilcd
a3aefe5b-33c9-4f0c-87ec-d0291445cc61,,metals,processes/a3aefe5b-33c9-4f0c-87ec-d0291445cc61.xml,1,kg,EU+EFTA+UK,metals,,,"Foreground system:
The basis for the production of polyethylene is crude oil. There are a few proce",scraped_from_ilcd
4e29fbb4-c16e-48ac-bc91-0c17821a41f6,,metals,processes/4e29fbb4-c16e-48ac-bc91-0c17821a41f6.xml,1,kg,EU+EFTA+UK,metals,,,"Foreground system:
The metal waste is collected and transported to the recycling plant. The materia",scraped_from_ilcd
abb0ac8d-e3ae-54a6-8fec-01ad28d64f79,,metals,processes/abb0ac8d-e3ae-54a6-8fec-01ad28d64f79.xml,1,kg,PK,metals,,,The environmental impact cotton fibre includes cultivation and delintint the Seed cotton. The ginnin,scraped_from_ilcd
0ef6eb70-130d-4435-a6cc-7cd466356a55,,metals,processes/0ef6eb70-130d-4435-a6cc-7cd466356a55.xml,1,kg,BR,metals,,,"Foreground system:
The country / region specific hard coal consumption mix, mix indigenous produced",scraped_from_ilcd
6436982c-89ca-44da-8491-c6541d44c8f8,,metals,processes/6436982c-89ca-44da-8491-c6541d44c8f8.xml,1,kg,AU,metals,,,"Foreground system:
Petroleum refineries are complex plants. The combination and sequence of a large",scraped_from_ilcd
3f7fd488-e6f5-4d51-974f-cdb06a40b56a,,metals,processes/3f7fd488-e6f5-4d51-974f-cdb06a40b56a.xml,1,kg,SI,metals,,,"Foreground system:
The residual mix is the grid attribute (emission, radioactive waste, etc.) avera",scraped_from_ilcd
eb10e6e2-938f-4c93-bbcb-96bf3ba8910d,,metals,processes/eb10e6e2-938f-4c93-bbcb-96bf3ba8910d.xml,1,kg,GLO,metals,,,"Foreground system:
Wood consists of cellulose, hemicellulose and lignin. In contrast to cellulose, ",scraped_from_ilcd
04fa9e72-774f-4847-afbb-2e98f31a6503,,metals,processes/04fa9e72-774f-4847-afbb-2e98f31a6503.xml,1,kg,ES,metals,,,"Foreground system:
The data set includes an average onshore and offshore wind model. The following ",scraped_from_ilcd
0187f09d-4953-4555-b9af-25a19302b250,,metals,processes/0187f09d-4953-4555-b9af-25a19302b250.xml,1,kg,GB,metals,,,"Foreground system:
The residual mix is the grid attribute (emission, radioactive waste, etc.) avera",scraped_from_ilcd
8705fcbb-a14b-485f-abc0-2c106c142d6d,,metals,processes/8705fcbb-a14b-485f-abc0-2c106c142d6d.xml,1,kg,GLO,metals,,,"Foreground system:
The life cycle assessment of sand and gravel covers the quarring of stone and it",scraped_from_ilcd
c3ce1808-0bb8-49b5-adfe-6e990a00f2fb,,metals,processes/c3ce1808-0bb8-49b5-adfe-6e990a00f2fb.xml,1,kg,EE,metals,,,"Foreground system:
The electricity is either produced in a biomass (solid) specific power plants an",scraped_from_ilcd
47b41c64-b8d4-427a-9e3d-ace23cf7fe06,,metals,processes/47b41c64-b8d4-427a-9e3d-ace23cf7fe06.xml,1,kg,CN,metals,,,"Foreground system:
Petroleum refineries are complex plants. The combination and sequence of a large",scraped_from_ilcd
b8d76497-d392-4d90-a2ac-4ee3e2df2946,,metals,processes/b8d76497-d392-4d90-a2ac-4ee3e2df2946.xml,1,kg,ES,metals,,,"Foreground system:
The national or regional specific electricity consumption mix is provided by the",scraped_from_ilcd
a1a5d89b-075b-4249-99fe-e57d2fd61d02,,metals,processes/a1a5d89b-075b-4249-99fe-e57d2fd61d02.xml,1,kg,IN,metals,,,"Foreground system:
The electricity is either produced in a biomass (solid) specific power plants an",scraped_from_ilcd
eba91879-e1a9-46c6-a3a9-31b7bd38b8fd,,metals,processes/eba91879-e1a9-46c6-a3a9-31b7bd38b8fd.xml,1,kg,BR,metals,,,"Foreground system:
The data set includes an average onshore and offshore wind model. The following ",scraped_from_ilcd
f66d9ea4-9500-4a04-9e8b-7c8de9504c5d,,metals,processes/f66d9ea4-9500-4a04-9e8b-7c8de9504c5d.xml,1,kg,EU+EFTA+UK,metals,,,"Foreground system:
Wood consists of cellulose, hemicellulose and lignin. In contrast to cellulose, ",scraped_from_ilcd
419505e7-f948-41c3-8f31-b2bd49178324,,metals,processes/419505e7-f948-41c3-8f31-b2bd49178324.xml,1,kg,LT,metals,,,"Foreground system:
The national or regional specific electricity consumption mix is provided by the",scraped_from_ilcd
a6454230-b4b4-50a6-93e6-3b65c32cb643,,metals,processes/a6454230-b4b4-50a6-93e6-3b65c32cb643.xml,1,kg,GLO,metals,,,"The carbonization process take place within two high temperature furnaces, LT (Low Temperature) and ",scraped_from_ilcd
3155a911-e14d-4cc7-a4bd-d25f0d9b4b48,,metals,processes/3155a911-e14d-4cc7-a4bd-d25f0d9b4b48.xml,1,kg,EU+EFTA+UK,metals,,,The average distance to the locations of the shredders in Europe is 1000 km. Therefore the parameter,scraped_from_ilcd
0d2213f8-a115-4ce0-a1d9-0aa66aaf51ab,,metals,processes/0d2213f8-a115-4ce0-a1d9-0aa66aaf51ab.xml,1,kg,EU+EFTA+UK,metals,,,"Foreground system:

PE production
The basis for the production of polyethylene is crude oil. Ther",scraped_from_ilcd
21f53e07-1076-4b0b-b5e8-1764da6c8e6d,,metals,processes/21f53e07-1076-4b0b-b5e8-1764da6c8e6d.xml,1,kg,RAS w/o CN,metals,,,"Foreground system:
The national or regional specific electricity consumption mix is provided by the",scraped_from_ilcd
eeb35cde-eb5f-5d77-a0f2-0a5c5e241e4f,,metals,processes/eeb35cde-eb5f-5d77-a0f2-0a5c5e241e4f.xml,1,kg,EU+EFTA+UK,metals,,,"Simliar to iron, garment steamer can be adjusted to the suitable temperature of the garment. In garm",scraped_from_ilcd
f3ff1cb4-b51d-496a-a36f-9182fa277665,,metals,processes/f3ff1cb4-b51d-496a-a36f-9182fa277665.xml,1,kg,EU+EFTA+UK,metals,,,Copper and gold are recycled. The rest fraction is incinerated. The recycling of copper and gold is ,scraped_from_ilcd
0f7eabb0-c7da-4b6b-85bb-2facc0f02c2d,,metals,processes/0f7eabb0-c7da-4b6b-85bb-2facc0f02c2d.xml,1,kg,HU,metals,,,"Foreground system:
The electricity is either produced in a lignite specific power plants and/or com",scraped_from_ilcd
0f6f762f-8307-5371-9330-153e6264d350,,metals,processes/0f6f762f-8307-5371-9330-153e6264d350.xml,1,kg,GLO,metals,,,"Metal shoe eyelet production covers brass material production and its metal works.

Global waste col",scraped_from_ilcd
72c07a2b-7d19-415f-95d3-0644f48cc81e,,metals,processes/72c07a2b-7d19-415f-95d3-0644f48cc81e.xml,1,kg,ES,metals,,,"Foreground system:
The electricity is either produced in a biomass (solid) specific power plants an",scraped_from_ilcd
dfe10685-81de-4fde-b895-849523ac5994,,metals,processes/dfe10685-81de-4fde-b895-849523ac5994.xml,1,kg,GLO,metals,,,"Foreground system:
The dataset represents the production of different connectors, male and female.",scraped_from_ilcd
60f24067-69a8-4512-b4d7-d98b73018c7c,,metals,processes/60f24067-69a8-4512-b4d7-d98b73018c7c.xml,1,kg,NL,metals,,,"Foreground system:
The residual mix is the grid attribute (emission, radioactive waste, etc.) avera",scraped_from_ilcd
8e1e4225-c419-4503-8077-ff658fb3a716,,metals,processes/8e1e4225-c419-4503-8077-ff658fb3a716.xml,1,kg,EU+EFTA+UK,metals,,,The average distance to the locations of the shredders in Europe is 1000 km. Therefore the parameter,scraped_from_ilcd
f9958ae7-7b62-4145-bda7-28e2210cdd24,,metals,processes/f9958ae7-7b62-4145-bda7-28e2210cdd24.xml,1,kg,GLO,metals,,,"Foreground system:
This dataset comprises the production and End- of- Life of an irrigation system.",scraped_from_ilcd
15af03c9-2ce7-498c-9cdf-7240f7c6dc78,,metals,processes/15af03c9-2ce7-498c-9cdf-7240f7c6dc78.xml,1,kg,EU+EFTA+UK,metals,,,"Foreground system:
For the production of plywood, a minimum of 3 veneers are stuck together crosswi",scraped_from_ilcd
45130394-39f9-4c7d-92a6-e8f028bd3b15,,metals,processes/45130394-39f9-4c7d-92a6-e8f028bd3b15.xml,1,kg,RAS,metals,,,"Foreground system:
The glass waste is collected and transported to the recycling plant. The materia",scraped_from_ilcd
5fd1a96b-ab3d-4903-872d-896503dd133f,,metals,processes/5fd1a96b-ab3d-4903-872d-896503dd133f.xml,1,kg,IN,metals,,,"Foreground system:
Petroleum refineries are complex plants. The combination and sequence of a large",scraped_from_ilcd
a1485843-b8e8-4df7-93c4-1fae077bb2f0,,metals,processes/a1485843-b8e8-4df7-93c4-1fae077bb2f0.xml,1,kg,EU+EFTA+UK,metals,,,"Foreground system:
Wire drawing is a metalworking process reducing the diameter of a wire (of the r",scraped_from_ilcd
c78509bb-66c4-4ee3-9849-372596170c94,,metals,processes/c78509bb-66c4-4ee3-9849-372596170c94.xml,1,kg,PL,metals,,,"Foreground system:
The electricity is either produced in a natural gasl specific power plants and/o",scraped_from_ilcd
b51bb784-b04c-4d5a-b35b-e559ac86ac4a,,metals,processes/b51bb784-b04c-4d5a-b35b-e559ac86ac4a.xml,1,kg,RAF,metals,,,"Foreground system:
Petroleum refineries are complex plants. The combination and sequence of a large",scraped_from_ilcd
09209191-a3be-45b1-bac7-1956c604c657,,metals,processes/09209191-a3be-45b1-bac7-1956c604c657.xml,1,kg,AU,metals,,,"Foreground system:
Petroleum refineries are complex plants. The combination and sequence of a large",scraped_from_ilcd
468733f6-fc88-4da5-b9ff-e548059234c5,,metals,processes/468733f6-fc88-4da5-b9ff-e548059234c5.xml,1,kg,ROW,metals,,,"Foreground system:
Stainless steels are manufactured from mixtures of stainless scrap, carbon steel",scraped_from_ilcd
7d518e67-59cd-4f12-a5af-8f158aa3fa1f,,metals,processes/7d518e67-59cd-4f12-a5af-8f158aa3fa1f.xml,1,kg,EU+EFTA+UK,metals,,,"Foreground system:

PET production
Polyethylene terephthalate (abbreviated as PET or PETE, CAS nu",scraped_from_ilcd
6c4c5f95-720e-495c-9ddc-98a41ba82f60,,metals,processes/6c4c5f95-720e-495c-9ddc-98a41ba82f60.xml,1,kg,RAS w/o CN,metals,,,"Foreground system:
Petroleum refineries are complex plants. The combination and sequence of a large",scraped_from_ilcd
2eff3e39-e9c6-422f-8d19-a8eb3d77e817,,metals,processes/2eff3e39-e9c6-422f-8d19-a8eb3d77e817.xml,1,kg,RAS w/o CN,metals,,,"Foreground system:
The data set includes an average onshore and offshore wind model. The following ",scraped_from_ilcd
0567a8c9-e3e4-40a4-85ad-af17ff37453a,,metals,processes/0567a8c9-e3e4-40a4-85ad-af17ff37453a.xml,1,kg,EE,metals,,,"Foreground system:
The electricity is either produced in a natural gasl specific power plants and/o",scraped_from_ilcd
2483d13b-837b-4394-80d2-55f0c6f14be2,,metals,processes/2483d13b-837b-4394-80d2-55f0c6f14be2.xml,1,kg,EU+EFTA+UK,metals,,,"Foreground system:
The common raw material for aluminium production, bauxite is composed primarily ",scraped_from_ilcd
34591654-1708-49f3-a12c-34180aae8290,,metals,processes/34591654-1708-49f3-a12c-34180aae8290.xml,1,kg,EU+EFTA+UK,metals,,,"Foreground system:
The manufacture of plastic film for products such as shopping bags and continuou",scraped_from_ilcd
4d25c56e-4850-4e7c-b91f-ab84ecf46741,,metals,processes/4d25c56e-4850-4e7c-b91f-ab84ecf46741.xml,1,kg,RAS w/o CN,metals,,,"Foreground system:
Petroleum refineries are complex plants. The combination and sequence of a large",scraped_from_ilcd
3c2036c4-ddba-4687-b225-af51420da44b,,metals,processes/3c2036c4-ddba-4687-b225-af51420da44b.xml,1,kg,RNA,metals,,,"Foreground system:
The country / region specific hard coal consumption mix, mix indigenous produced",scraped_from_ilcd
25bad4ea-bd9e-4107-8f1f-2fe571bd363a,,metals,processes/25bad4ea-bd9e-4107-8f1f-2fe571bd363a.xml,1,kg,IN,metals,,,"Foreground system:
Petroleum refineries are complex plants. The combination and sequence of a large",scraped_from_ilcd
3b14163e-acda-5c02-961a-6eba1a0710ae,,metals,processes/3b14163e-acda-5c02-961a-6eba1a0710ae.xml,1,kg,CN,metals,,,Sawdust is produced as a by-product of wood sawing. The sawdust is stored and transported within the,scraped_from_ilcd
d924871f-4ea6-53f9-89f0-92fb1bc3cee1,,metals,processes/d924871f-4ea6-53f9-89f0-92fb1bc3cee1.xml,1,kg,RU,metals,,,Sawdust is produced as a by-product of wood sawing. The sawdust is stored and transported within the,scraped_from_ilcd
38bc41d3-a082-429e-a5f0-508702301d74,,metals,processes/38bc41d3-a082-429e-a5f0-508702301d74.xml,1,kg,EU+EFTA+UK,metals,,,"Foreground system:
The data set represents a typical municipal waste landfill with surface and basi",scraped_from_ilcd
d327f4a5-93a1-4ead-856c-aeb8b2f25080,,metals,processes/d327f4a5-93a1-4ead-856c-aeb8b2f25080.xml,1,kg,EU+EFTA+UK,metals,,,"Foreground system:
The basis for the production of polyethylene is crude oil. There are a few proce",scraped_from_ilcd
8dfdfd8c-c8be-5f2b-9ab0-067141e662c5,,metals,processes/8dfdfd8c-c8be-5f2b-9ab0-067141e662c5.xml,1,kg,GLO,metals,,,Wet-white metal-free tanning – a variety of tanning techniques that avoid the use of chromium or hea,scraped_from_ilcd
90eac302-9cc6-5989-a9c6-a3b4c0a75b03,,metals,processes/90eac302-9cc6-5989-a9c6-a3b4c0a75b03.xml,1,kg,UZ,metals,,,The environmental impact cotton fibre includes cultivation and delintint the Seed cotton. The ginnin,scraped_from_ilcd
d6a9222e-f5be-497d-81ee-aed99b5f3255,,metals,processes/d6a9222e-f5be-497d-81ee-aed99b5f3255.xml,1,kg,EU+EFTA+UK,metals,,,"Foreground system:
The data set represents a typical municipal waste landfill with surface and basi",scraped_from_ilcd
adf54687-52a3-4184-9592-aec146c02699,,metals,processes/adf54687-52a3-4184-9592-aec146c02699.xml,1,kg,RAF,metals,,,"Foreground system:
The national or regional specific electricity consumption mix is provided by the",scraped_from_ilcd
757a00b6-1844-4d0f-ad46-d1a0081e8bac,,metals,processes/757a00b6-1844-4d0f-ad46-d1a0081e8bac.xml,1,kg,EU+EFTA+UK,metals,,,The average distance to the locations of the shredders in Europe is 1000 km. Therefore the parameter,scraped_from_ilcd
46d6da37-bee1-44f8-bd28-f615d827c41c,,metals,processes/46d6da37-bee1-44f8-bd28-f615d827c41c.xml,1,kg,EU+EFTA+UK,metals,,,"Foreground system:

PP production
The basis for the production of polypropylene is crude oil. Pol",scraped_from_ilcd
77641bcc-e885-4b99-8912-50f862ff0a41,,metals,processes/77641bcc-e885-4b99-8912-50f862ff0a41.xml,1,kg,RNA,metals,,,"Foreground system:
The Sphera landfill model is adapted to the region of this dataset by using info",scraped_from_ilcd
fedca7cf-97df-4d02-a3d3-8e53bb5ee8b7,,metals,processes/fedca7cf-97df-4d02-a3d3-8e53bb5ee8b7.xml,1,kg,EU+EFTA+UK,metals,,,"Foreground system:

Softwood production
The production process of wood starts with biological pro",scraped_from_ilcd
53b4062c-4fc9-4ecb-8100-a72dc377a3da,,metals,processes/53b4062c-4fc9-4ecb-8100-a72dc377a3da.xml,1,kg,CN,metals,,,"Foreground system:
The country / region specific natural gas consumption mix, mix indigenous produc",scraped_from_ilcd
0378db1c-665b-4f00-a7c0-550806c01948,,metals,processes/0378db1c-665b-4f00-a7c0-550806c01948.xml,1,kg,GLO,metals,,,"Foreground system:
In general, a connector is made up of conductive pins surrounded by a protective",scraped_from_ilcd
9fc8436b-a177-5670-9923-99a41e544ed0,,metals,processes/9fc8436b-a177-5670-9923-99a41e544ed0.xml,1,kg,EU+EFTA+UK,metals,,,"Simliar to iron, garment steamer can be adjusted to the suitable temperature of the garment. In garm",scraped_from_ilcd
cc122f1b-3039-4bca-8ad2-937b8e9d372f,,metals,processes/cc122f1b-3039-4bca-8ad2-937b8e9d372f.xml,1,kg,GLO,metals,,,"Foreground system:
Hot air solder leveling. This step requires a thorough pre-treatment of the surf",scraped_from_ilcd
ef87f4e3-a840-4bd3-af2b-bd5a499baafb,,metals,processes/ef87f4e3-a840-4bd3-af2b-bd5a499baafb.xml,1,kg,EU+EFTA+UK,metals,,,"Foreground system:
Petroleum refineries are complex plants. The combination and sequence of a large",scraped_from_ilcd
2e8c066d-4d0d-4a96-a548-b3b6102c5e6c,,metals,processes/2e8c066d-4d0d-4a96-a548-b3b6102c5e6c.xml,1,kg,SK,metals,,,"Foreground system:
The electricity is either produced in a biomass (solid) specific power plants an",scraped_from_ilcd
15328155-56fc-47c7-8019-efa1047a4f67,,metals,processes/15328155-56fc-47c7-8019-efa1047a4f67.xml,1,kg,EU+EFTA,metals,,,Steel (both virgin and recycled) used as raw material in the production of photovoltaic panels,scraped_from_ilcd
3a2d323b-330b-42fc-ba24-f6bf3208ff38,,metals,processes/3a2d323b-330b-42fc-ba24-f6bf3208ff38.xml,1,kg,EU+EFTA+UK,metals,,,"All common types of furnace technology and colours of container glass (amber, green, flint and other",scraped_from_ilcd
3087a31b-a9f1-4fad-ad9b-2d7b88111f60,,metals,processes/3087a31b-a9f1-4fad-ad9b-2d7b88111f60.xml,1,kg,EU+EFTA+UK,metals,,,"Foreground system:

PE production
The basis for the production of polyethylene is crude oil. Ther",scraped_from_ilcd
c8047249-3562-4dcf-83f8-959199c8d3ee,,metals,processes/c8047249-3562-4dcf-83f8-959199c8d3ee.xml,1,kg,EU+EFTA+UK,metals,,,"Foreground system:
The data set represents a typical municipal waste landfill with surface and basi",scraped_from_ilcd
c36ae04d-cf0b-43d5-9a8e-151cafe315a8,,metals,processes/c36ae04d-cf0b-43d5-9a8e-151cafe315a8.xml,1,kg,RNA,metals,,,"Foreground system:
The country / region specific natural gas consumption mix, mix indigenous produc",scraped_from_ilcd
d329a187-0128-4fac-bf3a-8a463593e760,,metals,processes/d329a187-0128-4fac-bf3a-8a463593e760.xml,1,kg,AU,metals,,,"Foreground system:
The data set includes an average onshore and offshore wind model. The following ",scraped_from_ilcd
0957538e-2c3e-4242-82c0-4c366af487bc,,metals,processes/0957538e-2c3e-4242-82c0-4c366af487bc.xml,1,kg,CN,metals,,,"Foreground system:
The electricity is either produced in a natural gasl specific power plants and/o",scraped_from_ilcd
92d21950-3031-5ab3-a80a-6b69e4f801a9,,metals,processes/92d21950-3031-5ab3-a80a-6b69e4f801a9.xml,1,kg,GLO,metals,,,Wet-white metal tanning refers to a variety of processes that avoid the use of chromium. Substitutes,scraped_from_ilcd
b9b127bc-29b1-4c8e-bbe9-00e829cd4ef6,,metals,processes/b9b127bc-29b1-4c8e-bbe9-00e829cd4ef6.xml,1,kg,RAS w/o CN,metals,,,"Foreground system:
The country / region specific natural gas consumption mix, mix indigenous produc",scraped_from_ilcd
3f4004cc-672e-4f4a-8f49-73722f1511a1,,metals,processes/3f4004cc-672e-4f4a-8f49-73722f1511a1.xml,1,kg,GLO w/o EU+EFTA+UK,metals,,,"Foreground system:
Polyphenylene sulphide PPS is produced by the polycondensation of 1.4 butanediol",scraped_from_ilcd
0fa09d65-c74c-4240-865d-c466996657fc,,metals,processes/0fa09d65-c74c-4240-865d-c466996657fc.xml,1,kg,HR,metals,,,"Foreground system:
The electricity is either produced in a biomass (solid) specific power plants an",scraped_from_ilcd
75241253-5dd9-434d-8763-73ff0eded3f4,,metals,processes/75241253-5dd9-434d-8763-73ff0eded3f4.xml,1,kg,JP,metals,,,"Foreground system:
Petroleum refineries are complex plants. The combination and sequence of a large",scraped_from_ilcd
23f73291-8488-4390-9a29-dac38debb5a4,,metals,processes/23f73291-8488-4390-9a29-dac38debb5a4.xml,1,kg,EU+EFTA+UK,metals,,,"Foreground system:
The data set represents a typical municipal waste landfill with surface and basi",scraped_from_ilcd
88e5590f-0fcf-42ec-80bd-79723d7b219c,,metals,processes/88e5590f-0fcf-42ec-80bd-79723d7b219c.xml,1,kg,IN,metals,,,"Foreground system:
The data set includes an average onshore and offshore wind model. The following ",scraped_from_ilcd
fa0b020b-4a3e-473b-a92e-ba396987257c,,metals,processes/fa0b020b-4a3e-473b-a92e-ba396987257c.xml,1,kg,RSA,metals,,,"Foreground system:
The Sphera landfill model is adapted to the region of this dataset by using info",scraped_from_ilcd
55844bf9-84ad-482d-b0ee-80a40c84e73a,,metals,processes/55844bf9-84ad-482d-b0ee-80a40c84e73a.xml,1,kg,EU+EFTA+UK,metals,,,The average distance to the locations of the shredders in Europe is 1000 km. Therefore the parameter,scraped_from_ilcd
0921ad02-5277-582d-8678-50a5c608a22f,,metals,processes/0921ad02-5277-582d-8678-50a5c608a22f.xml,1,kg,US,metals,,,Sawdust is produced as a by-product of wood sawing. The sawdust is stored and transported within the,scraped_from_ilcd
ffb9c76f-feba-477a-aef4-081c9ead7680,,metals,processes/ffb9c76f-feba-477a-aef4-081c9ead7680.xml,1,kg,GLO,metals,,,"Foreground system:

Quartz sand:
Quartz is mined from a quarrel by using construction machines (e",scraped_from_ilcd
16e1e06b-ce3e-49fc-860b-0847563bbccb,,metals,processes/16e1e06b-ce3e-49fc-860b-0847563bbccb.xml,1,kg,LV,metals,,,"Foreground system:
The electricity is either produced in a hard coal specific power plants and/or c",scraped_from_ilcd
9902674d-0b9b-5c6b-be51-0e52286827be,,metals,processes/9902674d-0b9b-5c6b-be51-0e52286827be.xml,1,kg,GLO,metals,,,The environmental impact cotton fibre includes cultivation and delintint the Seed cotton. The ginnin,scraped_from_ilcd
af421a59-e641-4bc7-bb6e-7b8f6705e4d9,,metals,processes/af421a59-e641-4bc7-bb6e-7b8f6705e4d9.xml,1,kg,EU+EFTA+UK,metals,,,"Foreground system:
There are existing several types of deep drawing machines. Dependent on the size",scraped_from_ilcd
e71191b0-8a50-4efa-86f7-7830c903e6da,,metals,processes/e71191b0-8a50-4efa-86f7-7830c903e6da.xml,1,kg,GLO,metals,,,"Foreground system:
This dataset comprises the production and End- of- Life of a Venlo Type greenhou",scraped_from_ilcd
b0c69550-6456-4b2f-8ca0-9befc0122ae8,,metals,processes/b0c69550-6456-4b2f-8ca0-9befc0122ae8.xml,1,kg,EU+EFTA+UK,metals,,,"Foreground system:

LDPE production
The basis for the production of polyethylene is crude oil. Th",scraped_from_ilcd
746a9e0e-3447-49c6-b957-96517c6c358d,,metals,processes/746a9e0e-3447-49c6-b957-96517c6c358d.xml,1,kg,RAS,metals,,,"Foreground system:
The paper waste is collected and transported to the recycling plant. The materia",scraped_from_ilcd
bd6cbc27-f068-48ad-b3d1-e7ec5d37acc6,,metals,processes/bd6cbc27-f068-48ad-b3d1-e7ec5d37acc6.xml,1,kg,DE,metals,,,"Foreground system:
The residual mix is the grid attribute (emission, radioactive waste, etc.) avera",scraped_from_ilcd
16378a32-ad4c-4d65-9d39-6012e39292c1,,metals,processes/16378a32-ad4c-4d65-9d39-6012e39292c1.xml,1,kg,PT,metals,,,"Foreground system:
The electricity is either produced in a natural gasl specific power plants and/o",scraped_from_ilcd
f14e15d6-4fe3-4562-9830-cb56dd11a6d1,,metals,processes/f14e15d6-4fe3-4562-9830-cb56dd11a6d1.xml,1,kg,BR,metals,,,"Foreground system:
Petroleum refineries are complex plants. The combination and sequence of a large",scraped_from_ilcd
c63798ae-3d0d-4d3e-84c8-cb90f51d073a,,metals,processes/c63798ae-3d0d-4d3e-84c8-cb90f51d073a.xml,1,kg,FI,metals,,,"Foreground system:
The hydro power plant model consists of three sub-models: These sub-models are: ",scraped_from_ilcd
33d6d221-f91d-4a33-9b00-9fb1ea8cd3ca,,metals,processes/33d6d221-f91d-4a33-9b00-9fb1ea8cd3ca.xml,1,kg,EU+EFTA+UK,metals,,,"Foreground system:
The data set represents a typical municipal waste landfill with surface and basi",scraped_from_ilcd
1dbde63b-3e45-432a-b141-3be8abc2fe63,,metals,processes/1dbde63b-3e45-432a-b141-3be8abc2fe63.xml,1,kg,EU+EFTA+UK,metals,,,"Foreground system:
Petroleum refineries are complex plants. The combination and sequence of a large",scraped_from_ilcd
f9a7caf7-08b2-4111-bd11-ae9ccc6472b5,,metals,processes/f9a7caf7-08b2-4111-bd11-ae9ccc6472b5.xml,1,kg,GLO,metals,,,"Foreground system:
This dataset is for magnetic storage only and cannot be used for sold-state driv",scraped_from_ilcd
c4d3e200-a594-5727-b27c-55fb055a6bf2,,metals,processes/c4d3e200-a594-5727-b27c-55fb055a6bf2.xml,1,kg,EU+EFTA+UK,metals,,,"Simliar to iron, garment steamer can be adjusted to the suitable temperature of the garment. In garm",scraped_from_ilcd
f8e3d253-747e-4c39-a5ec-3d969d998aa6,,metals,processes/f8e3d253-747e-4c39-a5ec-3d969d998aa6.xml,1,kg,RSA,metals,,,"Foreground system:
The model represents the country specific mix of different types of biogas. Thre",scraped_from_ilcd
600b238b-1cd3-57dc-be18-27e171d06cf8,,metals,processes/600b238b-1cd3-57dc-be18-27e171d06cf8.xml,1,kg,FR,metals,,,"System boundaries include olive farming, olive oil extraction with pomace as a co-product and pomace",scraped_from_ilcd
95275ae7-af41-48aa-bef9-8259f1b31e71,,metals,processes/95275ae7-af41-48aa-bef9-8259f1b31e71.xml,1,kg,EU+EFTA+UK,metals,,,"Foreground system:

Aluminium production
The common raw material for aluminium production, bauxit",scraped_from_ilcd
0907b969-c8a5-4317-84b3-04ad0a04447e,,metals,processes/0907b969-c8a5-4317-84b3-04ad0a04447e.xml,1,kg,EU+EFTA+UK,metals,,,"Foreground system:
The data set represents a typical municipal waste landfill with surface and basi",scraped_from_ilcd
50c5249e-5a67-4f0a-8a71-b25d40f3a19b,,metals,processes/50c5249e-5a67-4f0a-8a71-b25d40f3a19b.xml,1,kg,CH,metals,,,"Foreground system:
The residual mix is the grid attribute (emission, radioactive waste, etc.) avera",scraped_from_ilcd
d4527c35-60a0-4af1-9528-265961d1c98c,,metals,processes/d4527c35-60a0-4af1-9528-265961d1c98c.xml,1,kg,GB,metals,,,"Foreground system:
The electricity is either produced in a heavy fuel oil (HFO) specific power plan",scraped_from_ilcd
eb3a361e-41d6-4ffb-8bb4-2efb52a45986,,metals,processes/eb3a361e-41d6-4ffb-8bb4-2efb52a45986.xml,1,kg,BR,metals,,,"Foreground system:
The country / region specific natural gas consumption mix, mix indigenous produc",scraped_from_ilcd
c65bc2aa-3a7f-532e-bf0e-9a49e4edbb31,,metals,processes/c65bc2aa-3a7f-532e-bf0e-9a49e4edbb31.xml,1,kg,GLO,metals,,,Wet-white metal tanning refers to a variety of processes that avoid the use of chromium. Substitutes,scraped_from_ilcd
96b818d6-4f9c-449a-9dfb-647e38747c80,,metals,processes/96b818d6-4f9c-449a-9dfb-647e38747c80.xml,1,kg,BR,metals,,,"Foreground system:
Petroleum refineries are complex plants. The combination and sequence of a large",scraped_from_ilcd
b2136300-7fb5-46b8-848f-fc62ffbc4cff,,metals,processes/b2136300-7fb5-46b8-848f-fc62ffbc4cff.xml,1,kg,EU+EFTA+UK,metals,,,The average distance to the locations of the shredders in Europe is 1000 km. Therefore the parameter,scraped_from_ilcd
6355e34f-5cef-45c3-ae59-268e3114d8c4,,metals,processes/6355e34f-5cef-45c3-ae59-268e3114d8c4.xml,1,kg,RNA,metals,,,"Foreground system:
Petroleum refineries are complex plants. The combination and sequence of a large",scraped_from_ilcd
5ad00e36-649c-471e-9b7c-a855b20e6f5f,,metals,processes/5ad00e36-649c-471e-9b7c-a855b20e6f5f.xml,1,kg,EU+EFTA+UK,metals,,,"Foreground system:
The common raw material for aluminium production, bauxite is composed primarily ",scraped_from_ilcd
30f03740-989d-447b-9568-386e15f89898,,metals,processes/30f03740-989d-447b-9568-386e15f89898.xml,1,kg,EU+EFTA+UK,metals,,,"Foreground system:
The Sphera landfill model is adapted to the region of this dataset by using info",scraped_from_ilcd
6657ffaf-42c9-50c8-a9c6-7b8849bd888a,,metals,processes/6657ffaf-42c9-50c8-a9c6-7b8849bd888a.xml,1,kg,EU+EFTA+UK,metals,,,Most commonly used iron are dry irons and steam irons. Steam irons can also be used for dry ironing.,scraped_from_ilcd
18a7393d-51fa-4e45-ac63-90c5691fec86,,metals,processes/18a7393d-51fa-4e45-ac63-90c5691fec86.xml,1,kg,RAF,metals,,,"Foreground system:
Petroleum refineries are complex plants. The combination and sequence of a large",scraped_from_ilcd
2542b6d3-141c-4004-80a9-7c0d04386e90,,metals,processes/2542b6d3-141c-4004-80a9-7c0d04386e90.xml,1,kg,EU+EFTA+UK,metals,,,"Foreground system:
This data set covers all relevant inputs and outputs from the treatment of incom",scraped_from_ilcd
5d2509bf-2837-41f9-87f3-d831c4d99ce6,,metals,processes/5d2509bf-2837-41f9-87f3-d831c4d99ce6.xml,1,kg,GB,metals,,,"Foreground system:
The electricity is either produced in a natural gasl specific power plants and/o",scraped_from_ilcd
3f9d0f48-eb91-49c7-a6aa-1ff5a6309909,,metals,processes/3f9d0f48-eb91-49c7-a6aa-1ff5a6309909.xml,1,kg,ROW,metals,,,"Foreground system:
Stainless steels are manufactured from mixtures of stainless scrap, carbon steel",scraped_from_ilcd
c9733152-6d76-4434-ab1a-31f7904f0016,,metals,processes/c9733152-6d76-4434-ab1a-31f7904f0016.xml,1,kg,RAS,metals,,,"Foreground system:
The Sphera landfill model is adapted to the region of this dataset by using info",scraped_from_ilcd
11650567-c903-497e-bdad-b4e8d3b6ba19,,metals,processes/11650567-c903-497e-bdad-b4e8d3b6ba19.xml,1,kg,RAS w/o CN,metals,,,"Foreground system:
The electricity is either produced in a hard coal specific power plants and/or c",scraped_from_ilcd
f338371e-3cab-48d0-b742-43e6c7e88d11,,metals,processes/f338371e-3cab-48d0-b742-43e6c7e88d11.xml,1,kg,EU+EFTA+UK,metals,,,"Foreground system:
Tempering means heating up glass to increase it`s strength. This is achieved by ",scraped_from_ilcd
9294e6c7-9259-4ddb-8353-e5a9f275172b,,metals,processes/9294e6c7-9259-4ddb-8353-e5a9f275172b.xml,1,kg,AU,metals,,,"Foreground system:
The electricity is either produced in a biomass (solid) specific power plants an",scraped_from_ilcd
fd07cf58-bb02-49c7-9935-ae0100c379b3,,metals,processes/fd07cf58-bb02-49c7-9935-ae0100c379b3.xml,1,kg,EU+EFTA+UK,metals,,,"Foreground system:

OPP production
Biaxial oriented polypropylene films are a strechted form of p",scraped_from_ilcd
4293a907-0133-489e-a119-70bb06bba013,,metals,processes/4293a907-0133-489e-a119-70bb06bba013.xml,1,kg,CZ,metals,,,"Foreground system:
The electricity is either produced in a biogas specific power plants and/or comb",scraped_from_ilcd
0607c98d-9d70-4796-944e-464e1c95e546,,metals,processes/0607c98d-9d70-4796-944e-464e1c95e546.xml,1,kg,RNA,metals,,,"Foreground system:
The electricity is either produced in a biogas specific power plants and/or comb",scraped_from_ilcd
c02fce81-ef76-46cc-9666-38d1a0085d94,,metals,processes/c02fce81-ef76-46cc-9666-38d1a0085d94.xml,1,kg,DK,metals,,,"Foreground system:
The electricity is either produced in a heavy fuel oil (HFO) specific power plan",scraped_from_ilcd
dad5f670-8764-49ae-b356-45d12288785d,,metals,processes/dad5f670-8764-49ae-b356-45d12288785d.xml,1,kg,EU+EFTA+UK,metals,,,"Foreground system:
Petroleum refineries are complex plants. The combination and sequence of a large",scraped_from_ilcd
772ff7a9-775c-45ef-bf88-bff300532b86,,metals,processes/772ff7a9-775c-45ef-bf88-bff300532b86.xml,1,kg,DE,metals,,,"Foreground system:
The electricity is either produced in a coal gas specific power plants and/or co",scraped_from_ilcd
7e36b517-cb55-4741-a2e1-a48b926971f6,,metals,processes/7e36b517-cb55-4741-a2e1-a48b926971f6.xml,1,kg,GLO,metals,,,"Foreground system:
Tellurium is produced from copper anode slime which is a residue of the copper e",scraped_from_ilcd
78c55b1f-7b15-4358-a674-1f791daa83f2,,metals,processes/78c55b1f-7b15-4358-a674-1f791daa83f2.xml,1,kg,RU,metals,,,"Foreground system:
The model represents the country specific mix of different types of biogas. Thre",scraped_from_ilcd
ce916a68-4e0f-4d20-9785-db2eb9226306,,metals,processes/ce916a68-4e0f-4d20-9785-db2eb9226306.xml,1,kg,RAS w/o CN,metals,,,"Foreground system:
Petroleum refineries are complex plants. The combination and sequence of a large",scraped_from_ilcd
6d68bce7-71c6-4f30-b390-8b28983bc187,,metals,processes/6d68bce7-71c6-4f30-b390-8b28983bc187.xml,1,kg,EU+EFTA+UK,metals,,,"Foreground system:
The electricity is either produced in a hard coal specific power plants and/or c",scraped_from_ilcd
0d5ae1b4-ca73-4d70-b8c2-93913863fb54,,metals,processes/0d5ae1b4-ca73-4d70-b8c2-93913863fb54.xml,1,kg,RSA,metals,,,"Foreground system:
The electricity is either produced in a biomass (solid) specific power plants an",scraped_from_ilcd
fe2c5f9c-cf1a-41cb-a898-15b97ca08e3b,,metals,processes/fe2c5f9c-cf1a-41cb-a898-15b97ca08e3b.xml,1,kg,GLO,metals,,,"Foreground system:
In general, a connector is made up of conductive pins surrounded by a protective",scraped_from_ilcd
c368507d-8856-41a0-8c96-6982ec2f731d,,metals,processes/c368507d-8856-41a0-8c96-6982ec2f731d.xml,1,kg,HR,metals,,,"Foreground system:
The data set includes an average onshore and offshore wind model. The following ",scraped_from_ilcd
9ce44238-d0f0-49e4-b3c7-9d0a793fb5f1,,metals,processes/9ce44238-d0f0-49e4-b3c7-9d0a793fb5f1.xml,1,kg,IT,metals,,,"Foreground system:
The electricity is either produced in a heavy fuel oil (HFO) specific power plan",scraped_from_ilcd
aae8608b-8a3c-536c-abef-b6fa3b7f7fd7,,metals,processes/aae8608b-8a3c-536c-abef-b6fa3b7f7fd7.xml,1,kg,US,metals,,,Sawdust is produced as a by-product of wood sawing. The sawdust is stored and transported within the,scraped_from_ilcd
077aaf2e-6d51-4dd8-84af-cf1c0c2d0c62,,metals,processes/077aaf2e-6d51-4dd8-84af-cf1c0c2d0c62.xml,1,kg,GLO,metals,,,"Foreground system:
The data set represents a diesel generator including other emissions like NOx, D",scraped_from_ilcd
715a5d79-3259-4d9f-ba0b-23e92c0cdaba,,metals,processes/715a5d79-3259-4d9f-ba0b-23e92c0cdaba.xml,1,kg,NZ,metals,,,"Foreground system:
The electricity is either produced in a coal gas specific power plants and/or co",scraped_from_ilcd
ea8e3ed5-b370-51f3-887c-dcd6181817b9,,metals,processes/ea8e3ed5-b370-51f3-887c-dcd6181817b9.xml,1,kg,EU+EFTA+UK,metals,,,The conventional method of spinning core yarns using a ring spinning frame is reported to produce un,scraped_from_ilcd
d7b25114-1487-4a08-8ab3-bdff59d5e701,,metals,processes/d7b25114-1487-4a08-8ab3-bdff59d5e701.xml,1,kg,EU+EFTA+UK,metals,,,"Foreground system:
The common raw material for aluminium production, bauxite is composed primarily ",scraped_from_ilcd
642c0ce3-a124-4cec-813f-2997905d9d2a,,metals,processes/642c0ce3-a124-4cec-813f-2997905d9d2a.xml,1,kg,CY,metals,,,"Foreground system:
The electricity is either produced in a biogas specific power plants and/or comb",scraped_from_ilcd
ab2f06b2-6cc9-48ee-b878-b817afba6f3e,,metals,processes/ab2f06b2-6cc9-48ee-b878-b817afba6f3e.xml,1,kg,EU+EFTA+UK,metals,,,"Foreground system:
The basis for the production of polyethylene is crude oil. There are a few proce",scraped_from_ilcd
5ffc5f05-a5d3-42eb-90cb-547e0bf25ee3,,metals,processes/5ffc5f05-a5d3-42eb-90cb-547e0bf25ee3.xml,1,kg,EU+EFTA+UK,metals,,,"Foreground system:
Wood consists of cellulose, hemicellulose and lignin. In contrast to cellulose, ",scraped_from_ilcd
2730fbe8-74a7-45bc-96b5-a65ccf779c2e,,metals,processes/2730fbe8-74a7-45bc-96b5-a65ccf779c2e.xml,1,kg,RNA,metals,,,"Foreground system:
The Sphera landfill model is adapted to the region of this dataset by using info",scraped_from_ilcd
94ee8569-414b-4763-b89f-d4d43dfc195f,,metals,processes/94ee8569-414b-4763-b89f-d4d43dfc195f.xml,1,kg,RU,metals,,,"Foreground system:
The hydro power plant model consists of three sub-models: These sub-models are: ",scraped_from_ilcd
3ee9ddc3-0731-48b3-9ef9-2c4e82d373e0,,metals,processes/3ee9ddc3-0731-48b3-9ef9-2c4e82d373e0.xml,1,kg,GLO,metals,,,"Foreground system:
The data set includes the train production (gross tonne weight 1000t / 726t payl",scraped_from_ilcd
87c209a4-92f3-5494-a659-7bfb595d6370,,metals,processes/87c209a4-92f3-5494-a659-7bfb595d6370.xml,1,kg,GLO,metals,,,Doubling is a process that two or more yarns combined. After doubling yarns are twisted to get stron,scraped_from_ilcd
e7510ad9-4bfa-4113-94b0-426e5f430c98,,metals,processes/e7510ad9-4bfa-4113-94b0-426e5f430c98.xml,1,kg,EU+EFTA+UK,metals,,,"Foreground system:
The thermal energy is produced in light fuel oil (LFO) specific heat plants. Als",scraped_from_ilcd
737fe28b-79ec-4034-a1c2-480af5f06c80,,metals,processes/737fe28b-79ec-4034-a1c2-480af5f06c80.xml,1,kg,HU,metals,,,"Foreground system:
The model comprises the production of electricity from a mix of pressure water (",scraped_from_ilcd
de9d634e-9ab1-4753-a7c3-3c65669ad42d,,metals,processes/de9d634e-9ab1-4753-a7c3-3c65669ad42d.xml,1,kg,BG,metals,,,"Foreground system:
The electricity is either produced in a natural gasl specific power plants and/o",scraped_from_ilcd
147c5172-85b7-4be1-890d-9e2b5be3211a,,metals,processes/147c5172-85b7-4be1-890d-9e2b5be3211a.xml,1,kg,CH,metals,,,"Foreground system:
The model comprises the production of electricity from a mix of pressure water (",scraped_from_ilcd
e57c0e72-bab3-49ab-a24a-db58478362bc,,metals,processes/e57c0e72-bab3-49ab-a24a-db58478362bc.xml,1,kg,EU+EFTA+UK,metals,,,"Foreground system:
Polyurethane is made by reacting diisocyanates and polyols. To generate PU foam,",scraped_from_ilcd
97b4079d-84d7-447a-a162-9a01e7a766bf,,metals,processes/97b4079d-84d7-447a-a162-9a01e7a766bf.xml,1,kg,RAF,metals,,,"Foreground system:
Petroleum refineries are complex plants. The combination and sequence of a large",scraped_from_ilcd
61ddc63d-9f8a-5faf-9146-d92f350ffd14,,metals,processes/61ddc63d-9f8a-5faf-9146-d92f350ffd14.xml,1,kg,UZ,metals,,,The environmental impact cotton fibre includes cultivation and delintint the Seed cotton. The ginnin,scraped_from_ilcd
d30b7bd9-61d8-4638-bd0f-321362f6d21d,,metals,processes/d30b7bd9-61d8-4638-bd0f-321362f6d21d.xml,1,kg,HR,metals,,,"Foreground system:
The residual mix is the grid attribute (emission, radioactive waste, etc.) avera",scraped_from_ilcd
56333bac-19a0-4be7-adf9-34a3bbdbc8a3,,metals,processes/56333bac-19a0-4be7-adf9-34a3bbdbc8a3.xml,1,kg,BG,metals,,,"Foreground system:
The electricity is either produced in a biogas specific power plants and/or comb",scraped_from_ilcd
49a83870-8985-4bda-a4ff-32df2a456679,,metals,processes/49a83870-8985-4bda-a4ff-32df2a456679.xml,1,kg,GLO,metals,,,"Foreground system:
Bauxite ore is the primary raw material source for the aluminium production. Alu",scraped_from_ilcd
974f7584-e2ea-440f-ad86-c1768b1c73b8,,metals,processes/974f7584-e2ea-440f-ad86-c1768b1c73b8.xml,1,kg,EU+EFTA+UK,metals,,,"Foreground system:
Copper tubes are produced by melting of cathods and copper clean scrap and a mec",scraped_from_ilcd
fc79eceb-8dc2-4614-85d3-9d7bd31431b7,,metals,processes/fc79eceb-8dc2-4614-85d3-9d7bd31431b7.xml,1,kg,EU+EFTA+UK,metals,,,"Foreground system:
Iron scrap and alloy components are melted in an electric furnace and afterwards",scraped_from_ilcd
9eac0d1e-e894-5868-a67a-61174061f0f6,,metals,processes/9eac0d1e-e894-5868-a67a-61174061f0f6.xml,1,kg,GLO,metals,,,Doubling is a process that two or more yarns combined. After doubling yarns are twisted to get stron,scraped_from_ilcd
7964f047-5b59-4931-8046-9b79c644c218,,metals,processes/7964f047-5b59-4931-8046-9b79c644c218.xml,1,kg,AU,metals,,,"Foreground system:
Petroleum refineries are complex plants. The combination and sequence of a large",scraped_from_ilcd
2152cca9-2b8e-4cfe-965b-7e3a48fe8ae9,,metals,processes/2152cca9-2b8e-4cfe-965b-7e3a48fe8ae9.xml,1,kg,MT,metals,,,"Foreground system:
The electricity is either produced in a biogas specific power plants and/or comb",scraped_from_ilcd
39f9c464-bfb0-48c8-bb8a-8bc07c287da5,,metals,processes/39f9c464-bfb0-48c8-bb8a-8bc07c287da5.xml,1,kg,RAF,metals,,,"Foreground system:
The country / region specific hard coal consumption mix, mix indigenous produced",scraped_from_ilcd
091bfd31-77f4-418a-bd14-d80ffb88c23e,,metals,processes/091bfd31-77f4-418a-bd14-d80ffb88c23e.xml,1,kg,GLO,metals,,,"Foreground system:
Sand is dredged by ship from a river. The dataset considers diesel consumption o",scraped_from_ilcd
e4975855-9dd7-467c-8942-baab227ec2d0,,metals,processes/e4975855-9dd7-467c-8942-baab227ec2d0.xml,1,kg,RAS w/o CN,metals,,,"Foreground system:
The electricity is either produced in a natural gasl specific power plants and/o",scraped_from_ilcd
d3691de9-db44-47da-a820-8cc294e535b5,,metals,processes/d3691de9-db44-47da-a820-8cc294e535b5.xml,1,kg,JP,metals,,,"Foreground system:
Petroleum refineries are complex plants. The combination and sequence of a large",scraped_from_ilcd
cd89fcf5-60f3-436d-94d0-8e619a32d1b0,,metals,processes/cd89fcf5-60f3-436d-94d0-8e619a32d1b0.xml,1,kg,EU+EFTA,metals,,,Aluminium alloy (both virgin and recycled) used as raw material in the production of photovoltaic pa,scraped_from_ilcd
18634d33-9013-4162-9ac8-cdf6a7c4665f,,metals,processes/18634d33-9013-4162-9ac8-cdf6a7c4665f.xml,1,kg,LT,metals,,,"Foreground system:
The electricity is either produced in a biomass (solid) specific power plants an",scraped_from_ilcd
c3b93d06-e920-41a7-9328-8dd82442074b,,metals,processes/c3b93d06-e920-41a7-9328-8dd82442074b.xml,1,kg,EU+EFTA+UK,metals,,,"Foreground system:
In the foaming process, plastic is extruded, heated until it melts and mixed wit",scraped_from_ilcd
3318bab6-95cf-5ac2-9d67-e51ecd14bd55,,metals,processes/3318bab6-95cf-5ac2-9d67-e51ecd14bd55.xml,1,kg,GLO,metals,,,The process starts by making a bath or water with liquor ratio of 1:20 in a sealed stainless steel t,scraped_from_ilcd
80e4b492-ff6a-470a-a8e7-759739cad0e0,,metals,processes/80e4b492-ff6a-470a-a8e7-759739cad0e0.xml,1,kg,EU+EFTA+UK,metals,,,"All common types of furnace technology and colours of container glass (amber, green, flint and other",scraped_from_ilcd
0be3e7c1-d0fa-4b42-943d-c0acc8f5b5d2,,metals,processes/0be3e7c1-d0fa-4b42-943d-c0acc8f5b5d2.xml,1,kg,RSA,metals,,,"Foreground system:
The Sphera landfill model is adapted to the region of this dataset by using info",scraped_from_ilcd
aa9abf29-c5a0-452a-8258-0c0836472cf6,,metals,processes/aa9abf29-c5a0-452a-8258-0c0836472cf6.xml,1,kg,EU+EFTA+UK,metals,,,"Foreground system:
In the electrogalvanization process, a steel part is electrolytically coated wit",scraped_from_ilcd
2868b580-b7db-52e1-b589-16de94743607,,metals,processes/2868b580-b7db-52e1-b589-16de94743607.xml,1,kg,EU+EFTA+UK,metals,,,"Simliar to iron, garment steamer can be adjusted to the suitable temperature of the garment. In garm",scraped_from_ilcd
00eff4b4-02e1-49b8-9a33-3339d1ab861b,,metals,processes/00eff4b4-02e1-49b8-9a33-3339d1ab861b.xml,1,kg,EE,metals,,,"Foreground system:
The residual mix is the grid attribute (emission, radioactive waste, etc.) avera",scraped_from_ilcd
7c724a9b-1ec7-5890-ac46-167ceb382706,,metals,processes/7c724a9b-1ec7-5890-ac46-167ceb382706.xml,1,kg,GLO,metals,,,"Polyethylene terephthalate (PET) and aluminum are main raw materials of glitter. To produce glitter,",scraped_from_ilcd
b3fc7027-66a6-4b34-9af9-7e6419a3a349,,metals,processes/b3fc7027-66a6-4b34-9af9-7e6419a3a349.xml,1,kg,EE,metals,,,"Foreground system:
The residual mix is the grid attribute (emission, radioactive waste, etc.) avera",scraped_from_ilcd
3c8d04b8-18eb-5f00-a610-90c3c8497f29,,metals,processes/3c8d04b8-18eb-5f00-a610-90c3c8497f29.xml,1,kg,WORLD (WITHOUT EU+EFTA+UK),metals,,,Pulp is produced in a thermomechanical process where wood particles are softened by steam before ent,scraped_from_ilcd
b32aa776-8e78-45a3-b7c6-97791888f3b0,,metals,processes/b32aa776-8e78-45a3-b7c6-97791888f3b0.xml,1,kg,LT,metals,,,"Foreground system:
The electricity is either produced in a biogas specific power plants and/or comb",scraped_from_ilcd
386821c2-309d-4019-8972-04a072082ef5,,metals,processes/386821c2-309d-4019-8972-04a072082ef5.xml,1,kg,EU+EFTA+UK,metals,,,"Foreground system:
Petroleum refineries are complex plants. The combination and sequence of a large",scraped_from_ilcd
373134fb-25bb-4fc7-91c0-e78c50558304,,metals,processes/373134fb-25bb-4fc7-91c0-e78c50558304.xml,1,kg,EU+EFTA+UK,metals,,,The average distance to the locations of the shredders in Europe is 1000 km. Therefore the parameter,scraped_from_ilcd
92c61847-ec11-4f37-b3a8-c7c484f176c5,,metals,processes/92c61847-ec11-4f37-b3a8-c7c484f176c5.xml,1,kg,RU,metals,,,"Foreground system:
Petroleum refineries are complex plants. The combination and sequence of a large",scraped_from_ilcd
afa98d98-fa32-4658-8707-ae730ab10f51,,metals,processes/afa98d98-fa32-4658-8707-ae730ab10f51.xml,1,kg,EU+EFTA+UK,metals,,,"Foreground system:
The data set describes the production of compressed air. Commonly either screw-t",scraped_from_ilcd
947b4f02-d3d3-4e1b-b5b3-723401c23e7e,,metals,processes/947b4f02-d3d3-4e1b-b5b3-723401c23e7e.xml,1,kg,EU+EFTA+UK,metals,,,"Foreground system:
The coating material (kaolin,SBR and limestone) is brought onto the paper. The d",scraped_from_ilcd
81675341-f1af-44b0-81d3-d108caef5c28,,metals,processes/81675341-f1af-44b0-81d3-d108caef5c28.xml,1,kg,EU+EFTA+UK,metals,,,"Foreground system:
The thermal energy is produced in natural gas specific heat plants. Also conside",scraped_from_ilcd
7f0f71fa-eef6-5f61-b14d-20504f5805c6,,metals,processes/7f0f71fa-eef6-5f61-b14d-20504f5805c6.xml,1,kg,EU+EFTA+UK,metals,,,Most commonly used iron are dry irons and steam irons. Steam irons can also be used for dry ironing.,scraped_from_ilcd
17808f94-123f-4114-91d2-f7376a8cbe25,,metals,processes/17808f94-123f-4114-91d2-f7376a8cbe25.xml,1,kg,RSA,metals,,,"Foreground system:
Petroleum refineries are complex plants. The combination and sequence of a large",scraped_from_ilcd
1e747637-1b36-561c-b62c-1b6f3e14bb96,,metals,processes/1e747637-1b36-561c-b62c-1b6f3e14bb96.xml,1,kg,EU+EFTA+UK,metals,,,Most commonly used iron are dry irons and steam irons. Steam irons can also be used for dry ironing.,scraped_from_ilcd
ed07f965-3e19-5ddb-91bf-f8db3a1c3f52,,metals,processes/ed07f965-3e19-5ddb-91bf-f8db3a1c3f52.xml,1,kg,FI,metals,,,Sawdust is produced as a by-product of wood sawing. The sawdust is stored and transported within the,scraped_from_ilcd
7604daaf-a4e4-4b85-8fa6-c12370f3dbd4,,metals,processes/7604daaf-a4e4-4b85-8fa6-c12370f3dbd4.xml,1,kg,SE,metals,,,"Foreground system:
The electricity is either produced in a biogas specific power plants and/or comb",scraped_from_ilcd
ca209f85-d685-4ec8-a95d-7c12faa36834,,metals,processes/ca209f85-d685-4ec8-a95d-7c12faa36834.xml,1,kg,GLO,metals,,,"Foreground system:

Primary production
The main primary products are iron ore, pellets and hard c",scraped_from_ilcd
d8b8e8ba-ae7e-4325-b041-ca976c3eb5a6,,metals,processes/d8b8e8ba-ae7e-4325-b041-ca976c3eb5a6.xml,1,kg,CN,metals,,,"Foreground system:
The hydro power plant model consists of three sub-models: These sub-models are: ",scraped_from_ilcd
d64bfe0d-6faa-4251-9882-37e853c0b2a3,,metals,processes/d64bfe0d-6faa-4251-9882-37e853c0b2a3.xml,1,kg,NZ,metals,,,"Foreground system:
The electricity is either produced in a natural gasl specific power plants and/o",scraped_from_ilcd
d18f308a-29ce-48a8-86c5-370f719d1efe,,metals,processes/d18f308a-29ce-48a8-86c5-370f719d1efe.xml,1,kg,FR,metals,,,"Foreground system:
The residual mix is the grid attribute (emission, radioactive waste, etc.) avera",scraped_from_ilcd
1c2ee1f4-6f62-4dd8-a9a9-be05f150027b,,metals,processes/1c2ee1f4-6f62-4dd8-a9a9-be05f150027b.xml,1,kg,EU+EFTA+UK,metals,,,The average distance to the locations of the shredders in Europe is 1000 km. Therefore the parameter,scraped_from_ilcd
7b2f42aa-288b-4e5c-b9bc-31d479551d23,,metals,processes/7b2f42aa-288b-4e5c-b9bc-31d479551d23.xml,1,kg,IT,metals,,,"Foreground system:
The electricity is either produced in a biomass (solid) specific power plants an",scraped_from_ilcd
2c9d0bf5-f44e-4c46-8417-65569960bb86,,metals,processes/2c9d0bf5-f44e-4c46-8417-65569960bb86.xml,1,kg,ROW,metals,,,"Foreground system:
Tinplating is done by coating a steel plating with tin by an electrolytic proces",scraped_from_ilcd
9ccf3c17-b378-441a-b5b8-238ce225be4b,,metals,processes/9ccf3c17-b378-441a-b5b8-238ce225be4b.xml,1,kg,EU+EFTA+UK,metals,,,"Foreground system:

PEHD production
The basis for the production of polyethylene is crude oil. Th",scraped_from_ilcd
8f8c1f72-d2ac-4e98-b7ba-434641c726be,,metals,processes/8f8c1f72-d2ac-4e98-b7ba-434641c726be.xml,1,kg,EU+EFTA+UK,metals,,,The average distance to the locations of the shredders in Europe is 1000 km. Therefore the parameter,scraped_from_ilcd
8ecf97e8-7ca9-42d6-9c18-e981cc07a6f9,,metals,processes/8ecf97e8-7ca9-42d6-9c18-e981cc07a6f9.xml,1,kg,EU+EFTA+UK,metals,,,"Foreground system:
Polyetherimide (PEI) is produced by polycondensation of aromatic diamines with a",scraped_from_ilcd
ade98dea-0c74-4ebb-94ef-f9686eb0ddc5,,metals,processes/ade98dea-0c74-4ebb-94ef-f9686eb0ddc5.xml,1,kg,EU+EFTA+UK,metals,,,"Foreground system:
The thermal energy is produced in liquefied petroleum gas (LPG) specific heat pl",scraped_from_ilcd
63f53500-07e5-4f0b-98e2-50ae2ee77d3b,,metals,processes/63f53500-07e5-4f0b-98e2-50ae2ee77d3b.xml,1,kg,GLO,metals,,,"Foreground system:

This dataset describes a mix of open- pit mining and underground mining.

Op",scraped_from_ilcd
8c06fe1a-1742-42a6-ba55-661fc8a01972,,metals,processes/8c06fe1a-1742-42a6-ba55-661fc8a01972.xml,1,kg,RNA,metals,,,"Foreground system:
Petroleum refineries are complex plants. The combination and sequence of a large",scraped_from_ilcd
9bf9733e-87bb-4678-a23f-d749c618f389,,metals,processes/9bf9733e-87bb-4678-a23f-d749c618f389.xml,1,kg,HU,metals,,,"Foreground system:
The national or regional specific electricity consumption mix is provided by the",scraped_from_ilcd
0cdce94c-0a99-40ff-b9a5-aa3444842f2a,,metals,processes/0cdce94c-0a99-40ff-b9a5-aa3444842f2a.xml,1,kg,FR,metals,,,"Foreground system:
The data set includes an average onshore and offshore wind model. The following ",scraped_from_ilcd
3f776fa9-1a2a-5e65-aed8-e5f13e0985a5,,metals,processes/3f776fa9-1a2a-5e65-aed8-e5f13e0985a5.xml,1,kg,GLO,metals,,,Wet-white metal tanning refers to a variety of processes that avoid the use of chromium. Substitutes,scraped_from_ilcd
314bce13-7c9f-4fee-9073-99ed91fbbaa8,,metals,processes/314bce13-7c9f-4fee-9073-99ed91fbbaa8.xml,1,kg,AU,metals,,,"Foreground system:
The electricity is either produced in a natural gasl specific power plants and/o",scraped_from_ilcd
82666932-b7c3-4d13-a64b-4c26139c7f1c,,metals,processes/82666932-b7c3-4d13-a64b-4c26139c7f1c.xml,1,kg,GLO,metals,,,"Foreground system:
The used concentrate in input contains between 70-90% molybdenite.
If required,",scraped_from_ilcd
ad39fe01-4bcd-4a24-aebd-eb6d97d5ba5c,,metals,processes/ad39fe01-4bcd-4a24-aebd-eb6d97d5ba5c.xml,1,kg,GLO,metals,,,"Foreground system:
The component name contains following information: Number of layers, e.g. 1-laye",scraped_from_ilcd
edd2f643-26e0-4f05-9bd9-0e219cc46934,,metals,processes/edd2f643-26e0-4f05-9bd9-0e219cc46934.xml,1,kg,EU+EFTA+UK,metals,,,"Foreground system:
Secondary aluminium is produced by remelting aluminium scrap. The scrap is clean",scraped_from_ilcd
af91267f-51b4-42d0-a2ff-9c71bcb3d578,,metals,processes/af91267f-51b4-42d0-a2ff-9c71bcb3d578.xml,1,kg,EU+EFTA+UK,metals,,,"Foreground system:
Copper scrap, which contains metallic copper and copper oxide, is smelted and re",scraped_from_ilcd
66fa72b5-d095-4fe7-8a42-c8809f0da392,,metals,processes/66fa72b5-d095-4fe7-8a42-c8809f0da392.xml,1,kg,HU,metals,,,"Foreground system:
The residual mix is the grid attribute (emission, radioactive waste, etc.) avera",scraped_from_ilcd
4936c559-5ccd-547b-9e93-e6304c424a66,,metals,processes/4936c559-5ccd-547b-9e93-e6304c424a66.xml,1,kg,CN,metals,,,Sawdust is produced as a by-product of wood sawing. The sawdust is stored and transported within the,scraped_from_ilcd
06b46422-ca8a-4948-b3d8-748b166e1d86,,metals,processes/06b46422-ca8a-4948-b3d8-748b166e1d86.xml,1,kg,BE,metals,,,"Foreground system:
The electricity is either produced in a heavy fuel oil (HFO) specific power plan",scraped_from_ilcd
e5a22e6e-dfa3-5302-aa14-eb3453fe7228,,metals,processes/e5a22e6e-dfa3-5302-aa14-eb3453fe7228.xml,1,kg,GLO,metals,,,The environmental impact cotton fibre includes cultivation and delintint the Seed cotton. The ginnin,scraped_from_ilcd
186da40b-733a-5239-b64a-71334fd0e9da,,metals,processes/186da40b-733a-5239-b64a-71334fd0e9da.xml,1,kg,RU,metals,,,Sawdust is produced as a by-product of wood sawing. The sawdust is stored and transported within the,scraped_from_ilcd
2b5a8d88-1fcf-4443-9f89-e1b36f447b01,,metals,processes/2b5a8d88-1fcf-4443-9f89-e1b36f447b01.xml,1,kg,FI,metals,,,"Foreground system:
The data set includes an average onshore and offshore wind model. The following ",scraped_from_ilcd
3505b412-8b2f-41c0-9d57-1a07a0fe3f08,,metals,processes/3505b412-8b2f-41c0-9d57-1a07a0fe3f08.xml,1,kg,MT,metals,,,"Foreground system:
The national or regional specific electricity consumption mix is provided by the",scraped_from_ilcd
e2ef9eca-8a28-4964-847f-0591a58420fd,,metals,processes/e2ef9eca-8a28-4964-847f-0591a58420fd.xml,1,kg,EU+EFTA+UK,metals,,,The dataset describes the production of a fishing vessel made of steel with a defined size and a def,scraped_from_ilcd
5372b84d-5012-41df-96d2-8a11a7f6ae50,,metals,processes/5372b84d-5012-41df-96d2-8a11a7f6ae50.xml,1,kg,JP,metals,,,"Foreground system:
Petroleum refineries are complex plants. The combination and sequence of a large",scraped_from_ilcd
abb90c26-e1de-4a8a-8a86-462529b5d669,,metals,processes/abb90c26-e1de-4a8a-8a86-462529b5d669.xml,1,kg,EU+EFTA+UK,metals,,,"Foreground system:
Copper scrap, which contains metallic copper and copper oxide, is smelted and re",scraped_from_ilcd
dd5654b8-d51f-4cea-a92f-c00736ea4cd8,,metals,processes/dd5654b8-d51f-4cea-a92f-c00736ea4cd8.xml,1,kg,IT,metals,,,"Foreground system:
The electricity is either produced in a hard coal specific power plants and/or c",scraped_from_ilcd
2a701dee-ce1f-5c24-8da1-1e33bbdd663d,,metals,processes/2a701dee-ce1f-5c24-8da1-1e33bbdd663d.xml,1,kg,GLO,metals,,,Wet-white metal-free tanning – a variety of tanning techniques that avoid the use of chromium or hea,scraped_from_ilcd
50592825-e26b-5367-a994-f9381b395af4,,metals,processes/50592825-e26b-5367-a994-f9381b395af4.xml,1,kg,GLO,metals,,,"The recycling yield is 98%, therefore a waste cotton input of 1.02 kg has to be added.",scraped_from_ilcd
61970e85-7be7-49c5-8648-1aadebc4f2a6,,metals,processes/61970e85-7be7-49c5-8648-1aadebc4f2a6.xml,1,kg,EU+EFTA+UK,metals,,,"Foreground system:

LDPE production
The basis for the production of polyethylene is crude oil. Th",scraped_from_ilcd
e031c290-7902-41e6-9974-383334136a5b,,metals,processes/e031c290-7902-41e6-9974-383334136a5b.xml,1,kg,IT,metals,,,"Foreground system:
The national or regional specific electricity consumption mix is provided by the",scraped_from_ilcd
7d7ab71a-9c4c-40f5-be97-92472b4a3028,,metals,processes/7d7ab71a-9c4c-40f5-be97-92472b4a3028.xml,1,kg,NL,metals,,,"Foreground system:
The data set includes an average onshore and offshore wind model. The following ",scraped_from_ilcd
3be3a504-eb71-436c-89bc-4af21fa931e3,,metals,processes/3be3a504-eb71-436c-89bc-4af21fa931e3.xml,1,kg,IN,metals,,,"Foreground system:
The country / region specific lignite consumption mix, mix indigenous produced l",scraped_from_ilcd
980b0fc6-645d-4db9-bd56-7a64cccbcb13,,metals,processes/980b0fc6-645d-4db9-bd56-7a64cccbcb13.xml,1,kg,RNA,metals,,,"Foreground system:
Petroleum refineries are complex plants. The combination and sequence of a large",scraped_from_ilcd
32364481-e668-485b-bbcc-5d1d4dbf8047,,metals,processes/32364481-e668-485b-bbcc-5d1d4dbf8047.xml,1,kg,EU+EFTA+UK,metals,,,"Foreground system:
The dataset represents a mixture of TN and IPS technology cell manufacture scale",scraped_from_ilcd
6ab88308-043d-498e-8ff4-79f9767e893c,,metals,processes/6ab88308-043d-498e-8ff4-79f9767e893c.xml,1,kg,EU+EFTA+UK,metals,,,"Foreground system:

PP production
The basis for the production of polypropylene is crude oil. Pol",scraped_from_ilcd
da9661d0-571b-43ff-a4b2-54fd20446a9a,,metals,processes/da9661d0-571b-43ff-a4b2-54fd20446a9a.xml,1,kg,EU+EFTA+UK,metals,,,"Foreground system:

Aluminium production
The common raw material for aluminium production, bauxit",scraped_from_ilcd
fc414b84-5ae1-4e79-8a7c-42cbbbb82131,,metals,processes/fc414b84-5ae1-4e79-8a7c-42cbbbb82131.xml,1,kg,RSA,metals,,,"Foreground system:
Petroleum refineries are complex plants. The combination and sequence of a large",scraped_from_ilcd
06c93a58-b520-459f-a722-066e5274ffd8,,metals,processes/06c93a58-b520-459f-a722-066e5274ffd8.xml,1,kg,BE,metals,,,"Foreground system:
The residual mix is the grid attribute (emission, radioactive waste, etc.) avera",scraped_from_ilcd
8aa75f7f-8b03-4308-a4c0-4ed14cf8aeab,,metals,processes/8aa75f7f-8b03-4308-a4c0-4ed14cf8aeab.xml,1,kg,RSA,metals,,,"Foreground system:
The national or regional specific electricity consumption mix is provided by the",scraped_from_ilcd
cc714efa-c5cb-4a3b-b799-015102b39208,,metals,processes/cc714efa-c5cb-4a3b-b799-015102b39208.xml,1,kg,GB,metals,,,"Foreground system:
The electricity is either produced in a coal gas specific power plants and/or co",scraped_from_ilcd
749b650d-aa86-4027-95a1-f20f712a5631,,metals,processes/749b650d-aa86-4027-95a1-f20f712a5631.xml,1,kg,EU+EFTA+UK,metals,,,"Foreground system:
The data set represents a typical municipal waste landfill with surface and basi",scraped_from_ilcd
17415189-817a-49e6-b7ad-166a4d9f9d2b,,metals,processes/17415189-817a-49e6-b7ad-166a4d9f9d2b.xml,1,kg,CZ,metals,,,"Foreground system:
The residual mix is the grid attribute (emission, radioactive waste, etc.) avera",scraped_from_ilcd
10b206b0-0265-4ed3-9202-33d37c13a087,,metals,processes/10b206b0-0265-4ed3-9202-33d37c13a087.xml,1,kg,GLO,metals,,,"Foreground system:
Within the assembly process, SMD components will be mounted with solder paste on",scraped_from_ilcd
9f237ca2-2b8e-51cd-9d03-44c4ef4c2041,,metals,processes/9f237ca2-2b8e-51cd-9d03-44c4ef4c2041.xml,1,kg,GLO,metals,,,"Metal button production data covers brass raw material and its shaping processes. During production,",scraped_from_ilcd
5633a6c0-b6d0-5ddf-9305-c4e6eb027b5a,,metals,processes/5633a6c0-b6d0-5ddf-9305-c4e6eb027b5a.xml,1,kg,EU+EFTA+UK,metals,,,Most commonly used iron are dry irons and steam irons. Steam irons can also be used for dry ironing.,scraped_from_ilcd
ccb551d2-6989-47af-a9f0-fd4d1d9d0d90,,metals,processes/ccb551d2-6989-47af-a9f0-fd4d1d9d0d90.xml,1,kg,JP,metals,,,"Foreground system:
The national or regional specific electricity consumption mix is provided by the",scraped_from_ilcd
92d0e146-da7a-4eaa-848d-37def0ee8f3b,,metals,processes/92d0e146-da7a-4eaa-848d-37def0ee8f3b.xml,1,kg,RU,metals,,,"Foreground system:
Petroleum refineries are complex plants. The combination and sequence of a large",scraped_from_ilcd
574d3cee-c793-4c78-be7a-4d2c93ac7a55,,metals,processes/574d3cee-c793-4c78-be7a-4d2c93ac7a55.xml,1,kg,EU+EFTA+UK,metals,,,"Foreground system:
The data set represents a typical municipal waste landfill with surface and basi",scraped_from_ilcd
de43494c-134e-4515-a512-63574502e239,,metals,processes/de43494c-134e-4515-a512-63574502e239.xml,1,kg,SK,metals,,,"Foreground system:
The data set includes an average onshore and offshore wind model. The following ",scraped_from_ilcd
a878757c-5554-50c1-a836-9f5510d3758c,,metals,processes/a878757c-5554-50c1-a836-9f5510d3758c.xml,1,kg,EU+EFTA+UK,metals,,,Most commonly used iron are dry irons and steam irons. Steam irons can also be used for dry ironing.,scraped_from_ilcd
170b9534-3d28-47ca-91b9-14aeed1516e6,,metals,processes/170b9534-3d28-47ca-91b9-14aeed1516e6.xml,1,kg,CH,metals,,,"Foreground system:
The electricity is either produced in a heavy fuel oil (HFO) specific power plan",scraped_from_ilcd
d392e210-f5c9-5442-8e3d-93cfee00dfa8,,metals,processes/d392e210-f5c9-5442-8e3d-93cfee00dfa8.xml,1,kg,GLO,metals,,,"System boundaries include olive farming, olive oil extraction with pomace as a co-product and pomace",scraped_from_ilcd
1827f1d0-91a1-4045-a013-e02d28ab357a,,metals,processes/1827f1d0-91a1-4045-a013-e02d28ab357a.xml,1,kg,EU+EFTA+UK,metals,,,"Foreground system:
The basis for the production of polypropylene is crude oil. Polypropylene is pol",scraped_from_ilcd
d6a4da9a-5268-4866-bcc6-9db30a30785a,,metals,processes/d6a4da9a-5268-4866-bcc6-9db30a30785a.xml,1,kg,GLO,metals,,,"Foreground system:
Molybdenum ore is mined by using conventional extraction methods such as drillin",scraped_from_ilcd
f018b6be-67ae-4b5c-ae9f-6b1d8aaf7a6b,,metals,processes/f018b6be-67ae-4b5c-ae9f-6b1d8aaf7a6b.xml,1,kg,EU+EFTA+UK,metals,,,The average distance to the locations of the shredders in Europe is 1000 km. Therefore the parameter,scraped_from_ilcd
72cbe9f0-61ff-4b27-8eec-fbc4a3e16912,,metals,processes/72cbe9f0-61ff-4b27-8eec-fbc4a3e16912.xml,1,kg,HR,metals,,,"Foreground system:
The electricity is either produced in a natural gasl specific power plants and/o",scraped_from_ilcd
22b77a3b-8433-4330-bd7a-cb29997888a5,,metals,processes/22b77a3b-8433-4330-bd7a-cb29997888a5.xml,1,kg,EU+EFTA+UK,metals,,,"Foreground system:
Liquid dichlorometahne and hydrogen fluoride reacts with antimonic chloride cata",scraped_from_ilcd
3e0c630b-d4be-42f2-832f-038d5311809d,,metals,processes/3e0c630b-d4be-42f2-832f-038d5311809d.xml,1,kg,IT,metals,,,"Foreground system:
The data set includes an average onshore and offshore wind model. The following ",scraped_from_ilcd
8bb702d6-3efd-43be-a6c4-2f3a78dfde02,,metals,processes/8bb702d6-3efd-43be-a6c4-2f3a78dfde02.xml,1,kg,CN,metals,,,"Foreground system:
Petroleum refineries are complex plants. The combination and sequence of a large",scraped_from_ilcd
901623d6-e27e-4348-9e3d-711a6273911e,,metals,processes/901623d6-e27e-4348-9e3d-711a6273911e.xml,1,kg,LT,metals,,,"Foreground system:
The electricity is either produced in a heavy fuel oil (HFO) specific power plan",scraped_from_ilcd
20b1635e-6f1d-4af3-b418-8ff1cfba94e0,,metals,processes/20b1635e-6f1d-4af3-b418-8ff1cfba94e0.xml,1,kg,CZ,metals,,,"Foreground system:
The residual mix is the grid attribute (emission, radioactive waste, etc.) avera",scraped_from_ilcd
3a7e7665-b63b-5f5f-8177-3a49897e4867,,metals,processes/3a7e7665-b63b-5f5f-8177-3a49897e4867.xml,1,kg,GLO,metals,,,The process starts by making a bath or water with liquor ratio of 1:20 in a sealed stainless steel t,scraped_from_ilcd
acb349aa-8398-489f-93bc-e1b5286ca042,,metals,processes/acb349aa-8398-489f-93bc-e1b5286ca042.xml,1,kg,SI,metals,,,"Foreground system:
The national or regional specific electricity consumption mix is provided by the",scraped_from_ilcd
4cfe384c-7316-4307-963c-972394e5316e,,metals,processes/4cfe384c-7316-4307-963c-972394e5316e.xml,1,kg,GLO,metals,,,"Foreground system:
Casting is carried out by using secondary aluminium (from remelting aluminium sc",scraped_from_ilcd
98ed493b-43b3-5806-bb6c-fb15d830ac2c,,metals,processes/98ed493b-43b3-5806-bb6c-fb15d830ac2c.xml,1,kg,EG,metals,,,The environmental impact cotton fibre includes cultivation and delintint the Seed cotton. The ginnin,scraped_from_ilcd
c43e6703-303c-43a1-8e54-03cd595ff62f,,metals,processes/c43e6703-303c-43a1-8e54-03cd595ff62f.xml,1,kg,GLO,metals,,,"Foreground system:
Concretes and mortars are a mixture of cement, water and aggregates (e.g. sand, ",scraped_from_ilcd
f8939b1f-543d-45d8-9109-ca543a3a96bc,,metals,processes/f8939b1f-543d-45d8-9109-ca543a3a96bc.xml,1,kg,EU+EFTA+UK,metals,,,"Foreground system:
Zinc scrap, which can also contain scrap of other metals, is transported to the ",scraped_from_ilcd
3392df6f-c51e-4d91-88e0-292e269e5453,,metals,processes/3392df6f-c51e-4d91-88e0-292e269e5453.xml,1,kg,IN,metals,,,"Foreground system:
Petroleum refineries are complex plants. The combination and sequence of a large",scraped_from_ilcd
258a2fbf-c197-4f2e-9844-ddd450d43cd3,,metals,processes/258a2fbf-c197-4f2e-9844-ddd450d43cd3.xml,1,kg,GLO,metals,,,"Foreground system:
The trees are sawn to achieve wooden boards with the desired size. The wood is s",scraped_from_ilcd
b5110a27-6d7e-5c4a-9d1d-fb28eb68695f,,metals,processes/b5110a27-6d7e-5c4a-9d1d-fb28eb68695f.xml,1,kg,GLO,metals,,,Wet-white metal tanning refers to a variety of processes that avoid the use of chromium. Substitutes,scraped_from_ilcd
ef86c304-0378-4987-93e2-327e4996409a,,metals,processes/ef86c304-0378-4987-93e2-327e4996409a.xml,1,kg,PL,metals,,,"Foreground system:
The residual mix is the grid attribute (emission, radioactive waste, etc.) avera",scraped_from_ilcd
df5033cc-1c99-473c-b338-1030d9950a60,,metals,processes/df5033cc-1c99-473c-b338-1030d9950a60.xml,1,kg,CN,metals,,,"Foreground system:
Petroleum refineries are complex plants. The combination and sequence of a large",scraped_from_ilcd
f837ecf9-edd4-4b7b-ae6a-1d8eed637701,,metals,processes/f837ecf9-edd4-4b7b-ae6a-1d8eed637701.xml,1,kg,EU+EFTA+UK,metals,,,The average distance to the locations of the shredders in Europe is 1000 km. Therefore the parameter,scraped_from_ilcd
ccc06242-aa8c-44c4-8325-507f9e70f0b2,,metals,processes/ccc06242-aa8c-44c4-8325-507f9e70f0b2.xml,1,kg,GLO,metals,,,"Foreground system:
The data set includes the train production (gross tonne weight 1000t / 726t payl",scraped_from_ilcd
6b9f5d9b-17bb-48cc-920a-e26ce514161e,,metals,processes/6b9f5d9b-17bb-48cc-920a-e26ce514161e.xml,1,kg,EU+EFTA+UK,metals,,,"Foreground system:
The data set represents a typical municipal waste landfill with surface and basi",scraped_from_ilcd
c4b554e8-53ab-5ebc-8277-ed066591032e,,metals,processes/c4b554e8-53ab-5ebc-8277-ed066591032e.xml,1,kg,RU,metals,,,Sawdust is produced as a by-product of wood sawing. The sawdust is stored and transported within the,scraped_from_ilcd
a42fec17-6b63-4eb0-ab7e-9ac74a6a5277,,metals,processes/a42fec17-6b63-4eb0-ab7e-9ac74a6a5277.xml,1,kg,GLO,metals,,,"Foreground system:
Copper, lead, silver, precious metals, etc are extracted using the best availabl",scraped_from_ilcd
a2b4ff64-04a3-4a2a-a3d0-cce1126d449b,,metals,processes/a2b4ff64-04a3-4a2a-a3d0-cce1126d449b.xml,1,kg,GLO,metals,,,"Foreground system:
Zamac is a zinc alloy containing aluminium, magnesium and copper. The aluminium ",scraped_from_ilcd
8cbef720-86ee-48a4-b21c-1036dfe23245,,metals,processes/8cbef720-86ee-48a4-b21c-1036dfe23245.xml,1,kg,DE,metals,,,"Foreground system:
The electricity is either produced in a natural gasl specific power plants and/o",scraped_from_ilcd
3abc1dc1-e2a5-4c5a-93c7-1dad9cdd450e,,metals,processes/3abc1dc1-e2a5-4c5a-93c7-1dad9cdd450e.xml,1,kg,CA,metals,,,"Foreground system:
The electricity is either produced in a natural gasl specific power plants and/o",scraped_from_ilcd
01f55563-4c89-4af4-a3ab-4eba24cc8b3b,,metals,processes/01f55563-4c89-4af4-a3ab-4eba24cc8b3b.xml,1,kg,CN,metals,,,"Foreground system:
Petroleum refineries are complex plants. The combination and sequence of a large",scraped_from_ilcd
e346c40f-e9e8-431d-8570-00a8323ceb46,,metals,processes/e346c40f-e9e8-431d-8570-00a8323ceb46.xml,1,kg,RAS w/o CN,metals,,,"Foreground system:
The model comprises the production of electricity from a mix of pressure water (",scraped_from_ilcd
ed22ae85-a8f6-4c1e-8467-7b48c9a63496,,metals,processes/ed22ae85-a8f6-4c1e-8467-7b48c9a63496.xml,1,kg,PT,metals,,,"Foreground system:
The electricity is either produced in a biogas specific power plants and/or comb",scraped_from_ilcd
a018f37c-d1a5-4082-87a6-e6ce43583229,,metals,processes/a018f37c-d1a5-4082-87a6-e6ce43583229.xml,1,kg,PL,metals,,,"Foreground system:
The electricity is either produced in a lignite specific power plants and/or com",scraped_from_ilcd
5b598f1d-efb9-5839-902d-1b5530aa6f44,,metals,processes/5b598f1d-efb9-5839-902d-1b5530aa6f44.xml,1,kg,GLO,metals,,,Wet-white metal tanning refers to a variety of processes that avoid the use of chromium. Substitutes,scraped_from_ilcd
669f898f-157e-449b-9560-b52098ab9434,,metals,processes/669f898f-157e-449b-9560-b52098ab9434.xml,1,kg,EU+EFTA+UK,metals,,,"Foreground system:
The data set represents a typical municipal waste landfill with surface and basi",scraped_from_ilcd
bbea04a9-8f0f-40fb-8522-da8e9aed1bc9,,metals,processes/bbea04a9-8f0f-40fb-8522-da8e9aed1bc9.xml,1,kg,EU+EFTA+UK,metals,,,The average distance to the locations of the shredders in Europe is 1000 km. Therefore the parameter,scraped_from_ilcd
7a788337-ffb1-4a70-9ee0-005a4c15796a,,metals,processes/7a788337-ffb1-4a70-9ee0-005a4c15796a.xml,1,kg,GLO,metals,,,"Foreground system:
The mineral is found in quarrels and has to be mined. It is extracted from the q",scraped_from_ilcd
016a54dd-73c5-47fc-af3a-5a08923ff7c1,,metals,processes/016a54dd-73c5-47fc-af3a-5a08923ff7c1.xml,1,kg,EU+EFTA+UK,metals,,,"Foreground system:
Used lead batteries are collected and transported to the recycling plant. The ac",scraped_from_ilcd
b427361a-fa3c-481d-af83-4edb4f0c993a,,metals,processes/b427361a-fa3c-481d-af83-4edb4f0c993a.xml,1,kg,RAS w/o CN,metals,,,"Foreground system:
The electricity is either produced in a heavy fuel oil (HFO) specific power plan",scraped_from_ilcd
bb359e8c-46a7-4ff6-ab15-601dfdfd1024,,metals,processes/bb359e8c-46a7-4ff6-ab15-601dfdfd1024.xml,1,kg,EU+EFTA+UK,metals,,,"Foreground system:
Hot dip galvanizing is a process to coat steel with a corrosion- resistant zinc ",scraped_from_ilcd
90600bba-1011-4caf-9482-411bc7118b94,,metals,processes/90600bba-1011-4caf-9482-411bc7118b94.xml,1,kg,HU,metals,,,"Foreground system:
The electricity is either produced in a heavy fuel oil (HFO) specific power plan",scraped_from_ilcd
9d57e00e-5599-4c0a-80a6-2eed727013e2,,metals,processes/9d57e00e-5599-4c0a-80a6-2eed727013e2.xml,1,kg,GLO,metals,,,"Foreground system:

Pre- consumer:
Silver casting is carried out by using secondary silver (from ",scraped_from_ilcd
825caa1c-a961-534b-8a59-ccc9c95c9921,,metals,processes/825caa1c-a961-534b-8a59-ccc9c95c9921.xml,1,kg,ES,metals,,,"System boundaries include olive farming, olive oil extraction with pomace as a co-product and pomace",scraped_from_ilcd
9ef4b4a1-70ae-446c-a8ce-228941646c98,,metals,processes/9ef4b4a1-70ae-446c-a8ce-228941646c98.xml,1,kg,EU+EFTA+UK,metals,,,"Foreground system:
Secondary aluminium is produced by remelting aluminium scrap. The scrap is clean",scraped_from_ilcd
606ba965-038d-40c6-ac34-7efe6867d717,,metals,processes/606ba965-038d-40c6-ac34-7efe6867d717.xml,1,kg,MT,metals,,,"Foreground system:
The residual mix is the grid attribute (emission, radioactive waste, etc.) avera",scraped_from_ilcd
36c9b278-7304-4ecc-8060-501d18bdd881,,metals,processes/36c9b278-7304-4ecc-8060-501d18bdd881.xml,1,kg,FI,metals,,,"Foreground system:
The electricity is either produced in a natural gasl specific power plants and/o",scraped_from_ilcd
04206793-bb87-4fa0-b65b-9fb1a29f1e77,,metals,processes/04206793-bb87-4fa0-b65b-9fb1a29f1e77.xml,1,kg,EU+EFTA+UK,metals,,,"Metal scrap (pre-consumer, mono-grade but partly coated) is generated in the process. The amount is ",scraped_from_ilcd
fa617cd6-1f66-5b8c-881f-3ff3d54527b4,,metals,processes/fa617cd6-1f66-5b8c-881f-3ff3d54527b4.xml,1,kg,GLO,metals,,,Wet-white metal tanning refers to a variety of processes that avoid the use of chromium. Substitutes,scraped_from_ilcd
d2004e22-4284-4154-b6b7-39536ec5f550,,metals,processes/d2004e22-4284-4154-b6b7-39536ec5f550.xml,1,kg,EU+EFTA+UK,metals,,,The average distance to the locations of the shredders in Europe is 1000 km. Therefore the parameter,scraped_from_ilcd
8126980a-29e9-416c-991d-2aa5fdad9062,,metals,processes/8126980a-29e9-416c-991d-2aa5fdad9062.xml,1,kg,EU+EFTA+UK,metals,,,"Foreground system:
This data set covers all relevant inputs and outputs from the treatment of incom",scraped_from_ilcd
6baef40b-2d16-45d9-9c3d-7a88434f18e7,,metals,processes/6baef40b-2d16-45d9-9c3d-7a88434f18e7.xml,1,kg,AU,metals,,,"Foreground system:
Petroleum refineries are complex plants. The combination and sequence of a large",scraped_from_ilcd
bd77fcfd-0059-4dba-bb71-bd8150a8e809,,metals,processes/bd77fcfd-0059-4dba-bb71-bd8150a8e809.xml,1,kg,RU,metals,,,"Foreground system:
The country / region specific natural gas consumption mix, mix indigenous produc",scraped_from_ilcd
4198c664-ceba-4ff7-ab0f-a7c9feee1bea,,metals,processes/4198c664-ceba-4ff7-ab0f-a7c9feee1bea.xml,1,kg,GLO,metals,,,"Foreground system:
Zeolithes are produced by heating a solution containing aluminium hydrate, sodiu",scraped_from_ilcd
6a1616c5-349c-4dce-8f8a-6b535805112c,,metals,processes/6a1616c5-349c-4dce-8f8a-6b535805112c.xml,1,kg,PT,metals,,,"Foreground system:
The data set includes an average onshore and offshore wind model. The following ",scraped_from_ilcd
b36198e6-3d35-5299-8fe5-a939662104a3,,metals,processes/b36198e6-3d35-5299-8fe5-a939662104a3.xml,1,kg,PK,metals,,,The environmental impact cotton fibre includes cultivation and delintint the Seed cotton. The ginnin,scraped_from_ilcd
7107e3f4-4ebd-4f8d-9e36-ec5d0df9cc3b,,metals,processes/7107e3f4-4ebd-4f8d-9e36-ec5d0df9cc3b.xml,1,kg,EU+EFTA+UK,metals,,,"Foreground system:
The data set represents a typical municipal waste landfill with surface and basi",scraped_from_ilcd
10fcccac-a13c-4650-b093-8102724bd342,,metals,processes/10fcccac-a13c-4650-b093-8102724bd342.xml,1,kg,EU+EFTA+UK,metals,,,"Foreground system:
Wood consists of cellulose, hemicellulose and lignin. In contrast to cellulose, ",scraped_from_ilcd
4e78aa52-b615-466d-9a46-ffe2672f4d79,,metals,processes/4e78aa52-b615-466d-9a46-ffe2672f4d79.xml,1,kg,CN,metals,,,"Foreground system:
Petroleum refineries are complex plants. The combination and sequence of a large",scraped_from_ilcd
b3e17f1f-6efe-4f1c-900d-b11e29946b79,,metals,processes/b3e17f1f-6efe-4f1c-900d-b11e29946b79.xml,1,kg,RAS w/o CN,metals,,,"Foreground system:
Petroleum refineries are complex plants. The combination and sequence of a large",scraped_from_ilcd
e01dcad0-c0e2-400a-8202-2aa2bb04f7b5,,metals,processes/e01dcad0-c0e2-400a-8202-2aa2bb04f7b5.xml,1,kg,SE,metals,,,"Foreground system:
The hydro power plant model consists of three sub-models: These sub-models are: ",scraped_from_ilcd
4adaae69-63ad-4d62-b395-c4e82a86a64a,,metals,processes/4adaae69-63ad-4d62-b395-c4e82a86a64a.xml,1,kg,IE,metals,,,"Foreground system:
The electricity is either produced in a biomass (solid) specific power plants an",scraped_from_ilcd
615ec599-7554-4903-88a4-82da1662c0ee,,metals,processes/615ec599-7554-4903-88a4-82da1662c0ee.xml,1,kg,JP,metals,,,"Foreground system:
The country / region specific hard coal consumption mix, mix indigenous produced",scraped_from_ilcd
ab10dc44-4bf4-44e9-84c9-5e89062cc7d1,,metals,processes/ab10dc44-4bf4-44e9-84c9-5e89062cc7d1.xml,1,kg,SI,metals,,,"Foreground system:
The hydro power plant model consists of three sub-models: These sub-models are: ",scraped_from_ilcd
6685db98-2cd6-5062-9b4d-3d7d21b9d83e,,metals,processes/6685db98-2cd6-5062-9b4d-3d7d21b9d83e.xml,1,kg,GLO,metals,,,"Polyethylene terephthalate (PET) and aluminum are main raw materials of glitter. To produce glitter,",scraped_from_ilcd
57c7d5ca-9017-4ed8-ad8b-66af23a383e2,,metals,processes/57c7d5ca-9017-4ed8-ad8b-66af23a383e2.xml,1,kg,SE,metals,,,"Foreground system:
The model comprises the production of electricity from a mix of pressure water (",scraped_from_ilcd
4afd1015-6661-4045-a95b-f26d4451d21d,,metals,processes/4afd1015-6661-4045-a95b-f26d4451d21d.xml,1,kg,BR,metals,,,"Foreground system:
The electricity is either produced in a natural gasl specific power plants and/o",scraped_from_ilcd
de80a3ab-946b-525d-b78e-77f7e7510118,,metals,processes/de80a3ab-946b-525d-b78e-77f7e7510118.xml,1,kg,EU+EFTA+UK,metals,,,The conventional method of spinning core yarns using a ring spinning frame is reported to produce un,scraped_from_ilcd
f425bd46-6ef8-46d9-96ce-f2e1223277c0,,metals,processes/f425bd46-6ef8-46d9-96ce-f2e1223277c0.xml,1,kg,GLO,metals,,,"Foreground system:
Copper (II) oxide is manufactured by heating copper metal above 300°C in air, pr",scraped_from_ilcd
3309a9b5-760d-42a0-bf5c-6d946e11276a,,metals,processes/3309a9b5-760d-42a0-bf5c-6d946e11276a.xml,1,kg,EU+EFTA+UK,metals,,,"Foreground system:
The metal waste is collected and transported to the recycling plant. The materia",scraped_from_ilcd
f7a0afb4-756a-44ad-a9ac-484df61cc390,,metals,processes/f7a0afb4-756a-44ad-a9ac-484df61cc390.xml,1,kg,AT,metals,,,"Foreground system:									
The electricity is either produced in a heavy fuel oil (HFO) specific p",scraped_from_ilcd
22d55d0f-5231-42ba-857c-36ce45a0c4e0,,metals,processes/22d55d0f-5231-42ba-857c-36ce45a0c4e0.xml,1,kg,EU+EFTA+UK,metals,,,"Foreground system:
The Sphera landfill model is adapted to the region of this dataset by using info",scraped_from_ilcd
bb263340-887a-53f2-90d0-bb7b60340716,,metals,processes/bb263340-887a-53f2-90d0-bb7b60340716.xml,1,kg,TR,metals,,,The environmental impact cotton fibre includes cultivation and delintint the Seed cotton. The ginnin,scraped_from_ilcd
950cad33-bd31-42cc-95b2-5216c13365bb,,metals,processes/950cad33-bd31-42cc-95b2-5216c13365bb.xml,1,kg,GLO,metals,,,"Foreground system:
The mineral is transported from the mine to the crushing plant and grinded under",scraped_from_ilcd
26202e2e-e8cf-4449-90b5-cd31bdb7b7fa,,metals,processes/26202e2e-e8cf-4449-90b5-cd31bdb7b7fa.xml,1,kg,GLO,metals,,,"Foreground system:

This dataset describes underground mining.

Underground mining
For undergro",scraped_from_ilcd
dfb3d3f9-7f38-49d4-98d5-fa73d1d671b7,,metals,processes/dfb3d3f9-7f38-49d4-98d5-fa73d1d671b7.xml,1,kg,EU+EFTA+UK,metals,,,"Foreground system:
The data set represents a typical municipal waste landfill with surface and basi",scraped_from_ilcd
0062d377-ed68-4e27-bddb-a6f93a5edb73,,metals,processes/0062d377-ed68-4e27-bddb-a6f93a5edb73.xml,1,kg,FI,metals,,,"Foreground system:
The electricity is either produced in a biogas specific power plants and/or comb",scraped_from_ilcd
b292e936-e4bb-428d-b79b-1ed63f455e07,,metals,processes/b292e936-e4bb-428d-b79b-1ed63f455e07.xml,1,kg,EU+EFTA+UK,metals,,,"Foreground system:
The electricity is either produced in a biomass (solid) specific power plants an",scraped_from_ilcd
aae44b5f-5b2e-4c1e-ab2c-90fde474a9f8,,metals,processes/aae44b5f-5b2e-4c1e-ab2c-90fde474a9f8.xml,1,kg,EU+EFTA+UK,metals,,,"Foreground system:
The model comprises the production of electricity from a mix of pressure water (",scraped_from_ilcd
a311e75b-4d68-4892-91af-69ac423718ac,,metals,processes/a311e75b-4d68-4892-91af-69ac423718ac.xml,1,kg,RNA,metals,,,"Foreground system:
The steel waste is collected and transported to the recycling plant. The materia",scraped_from_ilcd
55c8b92c-51b4-4b11-a337-e82ecf3ec74f,,metals,processes/55c8b92c-51b4-4b11-a337-e82ecf3ec74f.xml,1,kg,LV,metals,,,"Foreground system:
The electricity is either produced in a biogas specific power plants and/or comb",scraped_from_ilcd
e49b049e-834a-49ac-b3c7-310c5be33903,,metals,processes/e49b049e-834a-49ac-b3c7-310c5be33903.xml,1,kg,RO,metals,,,"Foreground system:
The electricity is either produced in a biogas specific power plants and/or comb",scraped_from_ilcd
738a27cc-c41c-46f4-a185-88d60030c64e,,metals,processes/738a27cc-c41c-46f4-a185-88d60030c64e.xml,1,kg,RAF,metals,,,"Foreground system:
The electricity is either produced in a hard coal specific power plants and/or c",scraped_from_ilcd
71cae2e1-a84f-5b1d-b386-ee1f86ec78db,,metals,processes/71cae2e1-a84f-5b1d-b386-ee1f86ec78db.xml,1,kg,GLO,metals,,,The environmental impact cotton fibre includes cultivation and delintint the Seed cotton. The ginnin,scraped_from_ilcd
e3d2a59d-a662-5a8a-82ff-69c152496a7a,,metals,processes/e3d2a59d-a662-5a8a-82ff-69c152496a7a.xml,1,kg,EU+EFTA+UK,metals,,,"Simliar to iron, garment steamer can be adjusted to the suitable temperature of the garment. In garm",scraped_from_ilcd
1b3620ab-c217-573e-a02e-73cc31ae0963,,metals,processes/1b3620ab-c217-573e-a02e-73cc31ae0963.xml,1,kg,GLO,metals,,,Wet-white metal tanning refers to a variety of processes that avoid the use of chromium. Substitutes,scraped_from_ilcd
d6019c52-3ea2-45e7-bd6c-f1e0e4a95707,,metals,processes/d6019c52-3ea2-45e7-bd6c-f1e0e4a95707.xml,1,kg,RSA,metals,,,"Foreground system:
The electricity is either produced in a lignite specific power plants and/or com",scraped_from_ilcd
574bdb1e-2ed3-46f1-bd14-bb76f739bb71,,metals,processes/574bdb1e-2ed3-46f1-bd14-bb76f739bb71.xml,1,kg,EU+EFTA+UK,metals,,,"Foreground system:
Wood consists of cellulose, hemicellulose and lignin. In contrast to cellulose, ",scraped_from_ilcd
84f49adb-da29-4769-85c9-f725ff90cb2c,,metals,processes/84f49adb-da29-4769-85c9-f725ff90cb2c.xml,1,kg,EU+EFTA+UK,metals,,,"Foreground system:
The data set represents a typical municipal waste landfill with surface and basi",scraped_from_ilcd
0c085ce9-ab84-4a2f-be79-22836b0cdb55,,metals,processes/0c085ce9-ab84-4a2f-be79-22836b0cdb55.xml,1,kg,PT,metals,,,"Foreground system:
The national or regional specific electricity consumption mix is provided by the",scraped_from_ilcd
b9c8535c-8a31-5ac9-80aa-44b30240115f,,metals,processes/b9c8535c-8a31-5ac9-80aa-44b30240115f.xml,1,kg,US,metals,,,Sawdust is produced as a by-product of wood sawing. The sawdust is stored and transported within the,scraped_from_ilcd
e46933e4-2cc7-4e43-8fe3-2cf52a6e9976,,metals,processes/e46933e4-2cc7-4e43-8fe3-2cf52a6e9976.xml,1,kg,ROC,metals,,,"Foreground system:
The Sphera landfill model is adapted to the region of this dataset by using info",scraped_from_ilcd
bc982860-b72c-5350-a120-c07010247c47,,metals,processes/bc982860-b72c-5350-a120-c07010247c47.xml,1,kg,GLO,metals,,,"The carbonization process take place within two high temperature furnaces, LT (Low Temperature) and ",scraped_from_ilcd
1846918f-9409-42f9-b49e-f8182e33e07a,,metals,processes/1846918f-9409-42f9-b49e-f8182e33e07a.xml,1,kg,RNA,metals,,,"Foreground system:
The electricity is either produced in a heavy fuel oil (HFO) specific power plan",scraped_from_ilcd
5c5643bc-6944-4b96-acbf-4fdd9504aa64,,metals,processes/5c5643bc-6944-4b96-acbf-4fdd9504aa64.xml,1,kg,EU+EFTA+UK,metals,,,"Foreground system:
This data set represents ferro- chrome (60%) with a high carbon content. The dir",scraped_from_ilcd
9b77b45f-1540-566f-93cb-1528b9fac31b,,metals,processes/9b77b45f-1540-566f-93cb-1528b9fac31b.xml,1,kg,GLO,metals,,,"The recycling yield is 98%, therefore a waste cotton input of 1.02 kg has to be added.",scraped_from_ilcd
4de00366-d538-4a7b-bdab-38a50ac1d077,,metals,processes/4de00366-d538-4a7b-bdab-38a50ac1d077.xml,1,kg,EU+EFTA+UK,metals,,,"Foreground system:
The textile waste is collected and transported to the recycling plant. The spent",scraped_from_ilcd
fab11c37-bc06-409f-a6f3-8e03f951ba42,,metals,processes/fab11c37-bc06-409f-a6f3-8e03f951ba42.xml,1,kg,RSA,metals,,,"Foreground system:
Petroleum refineries are complex plants. The combination and sequence of a large",scraped_from_ilcd
bdd11077-7845-4bf9-9348-dccf9bf0593b,,metals,processes/bdd11077-7845-4bf9-9348-dccf9bf0593b.xml,1,kg,EU+EFTA+UK,metals,,,The dataset describes the production of a fishing vessel made of steel with a defined size and a def,scraped_from_ilcd
1c449e9f-382a-4e03-958b-a933a3cd7595,,metals,processes/1c449e9f-382a-4e03-958b-a933a3cd7595.xml,1,kg,RSA,metals,,,"Foreground system:
Petroleum refineries are complex plants. The combination and sequence of a large",scraped_from_ilcd
3aeeb40b-ca34-48a3-9a3c-72b5dededac2,,metals,processes/3aeeb40b-ca34-48a3-9a3c-72b5dededac2.xml,1,kg,BR,metals,,,"Foreground system:
Petroleum refineries are complex plants. The combination and sequence of a large",scraped_from_ilcd
2bab12a3-6d52-5538-a2f6-d5f7634b2f11,,metals,processes/2bab12a3-6d52-5538-a2f6-d5f7634b2f11.xml,1,kg,GLO,metals,,,The process starts by making a bath or water with liquor ratio of 1:20 in a sealed stainless steel t,scraped_from_ilcd
0e009c4a-4356-497d-b7ec-e8daec0ba8ee,,metals,processes/0e009c4a-4356-497d-b7ec-e8daec0ba8ee.xml,1,kg,RAF,metals,,,"Foreground system:
The hydro power plant model consists of three sub-models: These sub-models are: ",scraped_from_ilcd
e5f45d26-711b-46bb-be3f-89cc5b9dccab,,metals,processes/e5f45d26-711b-46bb-be3f-89cc5b9dccab.xml,1,kg,CY,metals,,,"Foreground system:
The electricity is either produced in a heavy fuel oil (HFO) specific power plan",scraped_from_ilcd
b0148378-d9f9-4c17-96c6-bf3377af3174,,metals,processes/b0148378-d9f9-4c17-96c6-bf3377af3174.xml,1,kg,IT,metals,,,"Foreground system:
The residual mix is the grid attribute (emission, radioactive waste, etc.) avera",scraped_from_ilcd
eea6c6b0-2478-5b08-9747-f9c61bd97611,,metals,processes/eea6c6b0-2478-5b08-9747-f9c61bd97611.xml,1,kg,EU+EFTA+UK,metals,,,"Simliar to iron, garment steamer can be adjusted to the suitable temperature of the garment. In garm",scraped_from_ilcd
dceacc7b-1176-4a0d-85e6-1ae82a83a4bb,,metals,processes/dceacc7b-1176-4a0d-85e6-1ae82a83a4bb.xml,1,kg,ROW,metals,,,"Foreground system:
The thermal energy is produced in lignite specific heat plants. Also considered ",scraped_from_ilcd
34473c55-cfdf-4f44-a218-bf4e5608b325,,metals,processes/34473c55-cfdf-4f44-a218-bf4e5608b325.xml,1,kg,EU+EFTA+UK,metals,,,The average distance to the locations of the shredders in Europe is 1000 km. Therefore the parameter,scraped_from_ilcd
5c12e2fa-3c89-4269-9d7a-b110068cd349,,metals,processes/5c12e2fa-3c89-4269-9d7a-b110068cd349.xml,1,kg,IN,metals,,,"Foreground system:
Petroleum refineries are complex plants. The combination and sequence of a large",scraped_from_ilcd
9d68737a-0bdd-4844-9c5b-90af7771ae65,,metals,processes/9d68737a-0bdd-4844-9c5b-90af7771ae65.xml,1,kg,CA,metals,,,"Foreground system:
The electricity is either produced in a lignite specific power plants and/or com",scraped_from_ilcd
37d3d531-d426-4dc0-8c78-62c217bb5ff0,,metals,processes/37d3d531-d426-4dc0-8c78-62c217bb5ff0.xml,1,kg,EU+EFTA+UK,metals,,,The dataset describes the production of a wellboat made of steel with a defined size and a defined c,scraped_from_ilcd
893b38ee-a723-4030-a61a-a096fa2da80a,,metals,processes/893b38ee-a723-4030-a61a-a096fa2da80a.xml,1,kg,EU+EFTA+UK,metals,,,"Foreground system:
The production of fittings consists of stamping and bending of copper tubes as a",scraped_from_ilcd
9062b635-f034-4108-8d73-ceea84eec155,,metals,processes/9062b635-f034-4108-8d73-ceea84eec155.xml,1,kg,AU,metals,,,"Foreground system:
Petroleum refineries are complex plants. The combination and sequence of a large",scraped_from_ilcd
ff4d447d-8f5d-417a-a215-da593cb99e65,,metals,processes/ff4d447d-8f5d-417a-a215-da593cb99e65.xml,1,kg,SK,metals,,,"Foreground system:
The national or regional specific electricity consumption mix is provided by the",scraped_from_ilcd
f9100108-df2d-47d0-8ba7-9d44af33422e,,metals,processes/f9100108-df2d-47d0-8ba7-9d44af33422e.xml,1,kg,EU+EFTA+UK,metals,,,"Foreground system:
The steel waste is collected and transported to the recycling plant. The materia",scraped_from_ilcd
7d379db5-7b6b-4fc6-870d-b483107c4315,,metals,processes/7d379db5-7b6b-4fc6-870d-b483107c4315.xml,1,kg,GLO,metals,,,"Foreground system:
The main primary products are iron ore, pellets and hard coal. The preparation o",scraped_from_ilcd
7fee810e-60a8-4d1b-819d-f73338ce950d,,metals,processes/7fee810e-60a8-4d1b-819d-f73338ce950d.xml,1,kg,RO,metals,,,"Foreground system:
The national or regional specific electricity consumption mix is provided by the",scraped_from_ilcd
d46165a3-3dd7-5fde-ad04-b32942009b72,,metals,processes/d46165a3-3dd7-5fde-ad04-b32942009b72.xml,1,kg,EU+EFTA+UK,metals,,,The conventional method of spinning core yarns using a ring spinning frame is reported to produce un,scraped_from_ilcd
82ef2fd5-41ee-45cf-b707-783592e2dcad,,metals,processes/82ef2fd5-41ee-45cf-b707-783592e2dcad.xml,1,kg,RNA,metals,,,"Foreground system:
The Sphera landfill model is adapted to the region of this dataset by using info",scraped_from_ilcd
7a116373-93ed-48fc-a7b7-c072c35d068a,,metals,processes/7a116373-93ed-48fc-a7b7-c072c35d068a.xml,1,kg,RO,metals,,,"Foreground system:
The residual mix is the grid attribute (emission, radioactive waste, etc.) avera",scraped_from_ilcd
72dc83d5-72c3-4781-a9c3-7fd680438234,,metals,processes/72dc83d5-72c3-4781-a9c3-7fd680438234.xml,1,kg,RAS,metals,,,"Foreground system:
The Sphera landfill model is adapted to the region of this dataset by using info",scraped_from_ilcd
bb3381e2-019b-4f75-be6a-ff681c891037,,metals,processes/bb3381e2-019b-4f75-be6a-ff681c891037.xml,1,kg,EU+EFTA+UK,metals,,,"Foreground system:
The trees are sawn to achieve wooden boards with the desired size. The wood is s",scraped_from_ilcd
2826f5df-cedc-4193-bff8-26df582d22ed,,metals,processes/2826f5df-cedc-4193-bff8-26df582d22ed.xml,1,kg,EU+EFTA+UK,metals,,,"Foreground system:
The redistilled zinc dataset represents a 95% primary zinc and 5% secondary zinc",scraped_from_ilcd
311cfcb0-9d96-4d74-b6b0-9d46982c279c,,metals,processes/311cfcb0-9d96-4d74-b6b0-9d46982c279c.xml,1,kg,AU,metals,,,"Foreground system:
The country / region specific natural gas consumption mix, mix indigenous produc",scraped_from_ilcd
02132596-1b1e-4288-a25b-141c88c365a2,,metals,processes/02132596-1b1e-4288-a25b-141c88c365a2.xml,1,kg,EU+EFTA+UK,metals,,,"Foreground system:
The Sphera landfill model is adapted to the region of this dataset by using info",scraped_from_ilcd
a42f9684-1ce3-445c-97b0-31fb7d61f2f6,,metals,processes/a42f9684-1ce3-445c-97b0-31fb7d61f2f6.xml,1,kg,GLO,metals,,,"Foreground system:
The modelled geothermal power plant is an averaged flash steam state-of-the-art ",scraped_from_ilcd
70f9eb98-45e1-40e1-96e9-92d206b0d1a4,,metals,processes/70f9eb98-45e1-40e1-96e9-92d206b0d1a4.xml,1,kg,AT,metals,,,"Foreground system:
The electricity is either produced in a natural gasl specific power plants and/o",scraped_from_ilcd
e925a2b9-a6ea-48e9-92e5-1415c42e5ee7,,metals,processes/e925a2b9-a6ea-48e9-92e5-1415c42e5ee7.xml,1,kg,NL,metals,,,"Foreground system:
The model comprises the production of electricity from a mix of pressure water (",scraped_from_ilcd
83f3f527-7209-40b1-bf99-5c7a82180666,,metals,processes/83f3f527-7209-40b1-bf99-5c7a82180666.xml,1,kg,BE,metals,,,"Foreground system:
The residual mix is the grid attribute (emission, radioactive waste, etc.) avera",scraped_from_ilcd
299a40cf-678e-49f2-9e5c-b48fffa20492,,metals,processes/299a40cf-678e-49f2-9e5c-b48fffa20492.xml,1,kg,EU+EFTA+UK,metals,,,"Foreground system:
The country / region specific lignite consumption mix, mix indigenous produced l",scraped_from_ilcd
b4ca6d50-7793-4b23-88e2-731372110ff9,,metals,processes/b4ca6d50-7793-4b23-88e2-731372110ff9.xml,1,kg,FR,metals,,,"Foreground system:
The hydro power plant model consists of three sub-models: These sub-models are: ",scraped_from_ilcd
1f0ab0ec-c56d-51a0-a448-97e8ca6ded94,,metals,processes/1f0ab0ec-c56d-51a0-a448-97e8ca6ded94.xml,1,kg,GLO,metals,,,"It is a method of stretching, shrinking and fixing the woven cloth in both length and width before c",scraped_from_ilcd
48f6b72e-4c15-4d30-bb5e-2e53d218f057,,metals,processes/48f6b72e-4c15-4d30-bb5e-2e53d218f057.xml,1,kg,EU+EFTA+UK,metals,,,Copper and precious metals are recycled. The rest fraction is incinerated. The recycling of copper a,scraped_from_ilcd
5e0aa771-dff6-4181-bfc6-aa27b35bbc55,,metals,processes/5e0aa771-dff6-4181-bfc6-aa27b35bbc55.xml,1,kg,RAF,metals,,,"Foreground system:
The electricity is either produced in a natural gasl specific power plants and/o",scraped_from_ilcd
6f5be488-7c90-4717-8a24-0a8d2d8a89b8,,metals,processes/6f5be488-7c90-4717-8a24-0a8d2d8a89b8.xml,1,kg,IE,metals,,,"Foreground system:
The residual mix is the grid attribute (emission, radioactive waste, etc.) avera",scraped_from_ilcd
482f42fa-4c8e-48a5-bade-c2440fc6d6c4,,metals,processes/482f42fa-4c8e-48a5-bade-c2440fc6d6c4.xml,1,kg,EU+EFTA+UK,metals,,,"Foreground system:
Lead containg scrap is remelted in a rotary furnace to produce secondary lead. T",scraped_from_ilcd
04c5a093-92dd-41c3-ac5e-531a4f134b88,,metals,processes/04c5a093-92dd-41c3-ac5e-531a4f134b88.xml,1,kg,GLO,metals,,,"Foreground system:
The iron used in industrial production is extracted from iron ores in rocks by o",scraped_from_ilcd
310179d4-2ee0-446b-8f6f-d888c34e6e21,,metals,processes/310179d4-2ee0-446b-8f6f-d888c34e6e21.xml,1,kg,RNA,metals,,,"Foreground system:
The Sphera landfill model is adapted to the region of this dataset by using info",scraped_from_ilcd
97494358-2830-4c69-94bf-e51fafabb949,,metals,processes/97494358-2830-4c69-94bf-e51fafabb949.xml,1,kg,AT,metals,,,"Foreground system:
The electricity is either produced in a hard coal specific power plants and/or c",scraped_from_ilcd
dfa5c2e7-dc42-4e8c-ab5c-e7d8fbc7be4d,,metals,processes/dfa5c2e7-dc42-4e8c-ab5c-e7d8fbc7be4d.xml,1,kg,GR,metals,,,"Foreground system:
The electricity is either produced in a lignite specific power plants and/or com",scraped_from_ilcd
64bb315e-1e81-4eef-9308-72acc6ef3632,,metals,processes/64bb315e-1e81-4eef-9308-72acc6ef3632.xml,1,kg,RSA,metals,,,"Foreground system:
The glass waste is collected and transported to the recycling plant. The materia",scraped_from_ilcd
0290737a-0c12-43a5-a17e-3183050caba5,,metals,processes/0290737a-0c12-43a5-a17e-3183050caba5.xml,1,kg,ROW,metals,,,"Foreground system:
The process steam is produced in natural gas specific heat plants. Also consider",scraped_from_ilcd
1e33ab64-e2b0-4916-81fb-e774c5b91612,,metals,processes/1e33ab64-e2b0-4916-81fb-e774c5b91612.xml,1,kg,EU+EFTA+UK,metals,,,The average distance to the locations of the shredders in Europe is 1000 km. Therefore the parameter,scraped_from_ilcd
01a3f6cf-86fe-5725-9771-93ad068ad938,,metals,processes/01a3f6cf-86fe-5725-9771-93ad068ad938.xml,1,kg,GLO,metals,,,Wet-white metal tanning refers to a variety of processes that avoid the use of chromium. Substitutes,scraped_from_ilcd
e40d497e-59d6-4e53-ba3e-d7bcc15b421a,,metals,processes/e40d497e-59d6-4e53-ba3e-d7bcc15b421a.xml,1,kg,EU+EFTA+UK,metals,,,"Foreground system:
The electricity is either produced in a biogas specific power plants and/or comb",scraped_from_ilcd
077d8da4-0f01-404f-87c6-e1408f97eed6,,metals,processes/077d8da4-0f01-404f-87c6-e1408f97eed6.xml,1,kg,EU+EFTA+UK,metals,,,"Foreground system:
Wire drawing is a metalworking process reducing the diameter of a wire (of the r",scraped_from_ilcd
977c7470-a9a0-43e1-83e1-e13a1f33db35,,metals,processes/977c7470-a9a0-43e1-83e1-e13a1f33db35.xml,1,kg,RAF,metals,,,"Foreground system:
The steel waste is collected and transported to the recycling plant. The materia",scraped_from_ilcd
7136547a-91aa-5c1c-83c3-2de93d2a0620,,metals,processes/7136547a-91aa-5c1c-83c3-2de93d2a0620.xml,1,kg,ML,metals,,,The environmental impact cotton fibre includes cultivation and delintint the Seed cotton. The ginnin,scraped_from_ilcd
0d12c664-5f41-4eb0-8006-d283535c33c6,,metals,processes/0d12c664-5f41-4eb0-8006-d283535c33c6.xml,1,kg,GLO,metals,,,"Foreground system:
Liquid brass, is cast into ingot through DC (Direct chill) casting. Brass is hea",scraped_from_ilcd
a0cfb69f-37c2-4d9c-813f-848c3dd592ee,,metals,processes/a0cfb69f-37c2-4d9c-813f-848c3dd592ee.xml,1,kg,DE,metals,,,"Foreground system:
Cold rolling is a metal forming process in which metal is passed through one or ",scraped_from_ilcd
f1f43474-413d-4324-8492-2554a1cbc00b,,metals,processes/f1f43474-413d-4324-8492-2554a1cbc00b.xml,1,kg,ES,metals,,,"Foreground system:
The electricity is either produced in a natural gasl specific power plants and/o",scraped_from_ilcd
d4d6e38d-703c-4a7c-bd08-9665eaa8c55c,,metals,processes/d4d6e38d-703c-4a7c-bd08-9665eaa8c55c.xml,1,kg,GLO,metals,,,"Foreground system:
Zeolithes are produced by heating a solution containing aluminium hydrate, sodiu",scraped_from_ilcd
aa03502d-b3e2-4b2a-b12f-a7a99aa10879,,metals,processes/aa03502d-b3e2-4b2a-b12f-a7a99aa10879.xml,1,kg,EU+EFTA,metals,,,Copper (both virgin and recycled) used as raw material in the production of photovoltaic panels,scraped_from_ilcd
a903e241-b818-4afe-8dd7-fc40b5a53d05,,metals,processes/a903e241-b818-4afe-8dd7-fc40b5a53d05.xml,1,kg,IS,metals,,,"Foreground system:
The residual mix is the grid attribute (emission, radioactive waste, etc.) avera",scraped_from_ilcd
27545ed7-ae93-4860-bc4e-fc328535af05,,metals,processes/27545ed7-ae93-4860-bc4e-fc328535af05.xml,1,kg,GLO,metals,,,"Foreground system:
Liquid brass, is cast into ingot through DC (Direct chill) casting. Brass is hea",scraped_from_ilcd
aa9afc02-beea-4127-b6a1-b061c6fc3b47,,metals,processes/aa9afc02-beea-4127-b6a1-b061c6fc3b47.xml,1,kg,CZ,metals,,,"Foreground system:
The data set includes an average onshore and offshore wind model. The following ",scraped_from_ilcd
474dc68e-8ce0-5b95-9076-366f2fe9504e,,metals,processes/474dc68e-8ce0-5b95-9076-366f2fe9504e.xml,1,kg,EU+EFTA+UK,metals,,,"Simliar to iron, garment steamer can be adjusted to the suitable temperature of the garment. In garm",scraped_from_ilcd
3f9f3fb2-1aad-4cdf-a419-928c9818d62d,,metals,processes/3f9f3fb2-1aad-4cdf-a419-928c9818d62d.xml,1,kg,EU+EFTA+UK,metals,,,"Foreground system:

PP production
The basis for the production of polypropylene is crude oil. Pol",scraped_from_ilcd
2ebb8ea3-df11-4994-ab8b-23bb6b9e1e11,,metals,processes/2ebb8ea3-df11-4994-ab8b-23bb6b9e1e11.xml,1,kg,EU+EFTA+UK,metals,,,"Foreground system:
The data set represents a typical municipal waste landfill with surface and basi",scraped_from_ilcd
d87e4452-16c2-48d3-aeff-566476d8954f,,metals,processes/d87e4452-16c2-48d3-aeff-566476d8954f.xml,1,kg,DE,metals,,,"Foreground system:
The electricity is either produced in a heavy fuel oil (HFO) specific power plan",scraped_from_ilcd
c7351530-88fa-47b9-bd46-a0d2047f8f10,,metals,processes/c7351530-88fa-47b9-bd46-a0d2047f8f10.xml,1,kg,EU+EFTA+UK,metals,,,"Foreground system:

PP production
The basis for the production of polypropylene is crude oil. Pol",scraped_from_ilcd
2dcf2769-f50e-4b9a-9d4e-32fce6f22ee5,,metals,processes/2dcf2769-f50e-4b9a-9d4e-32fce6f22ee5.xml,1,kg,RU,metals,,,"Foreground system:
Petroleum refineries are complex plants. The combination and sequence of a large",scraped_from_ilcd
87671aa7-aa5c-5e30-8f4e-aec6bfc4bddc,,metals,processes/87671aa7-aa5c-5e30-8f4e-aec6bfc4bddc.xml,1,kg,GLO,metals,,,Wet-white metal-free tanning – a variety of tanning techniques that avoid the use of chromium or hea,scraped_from_ilcd
e6b49806-23c0-487c-a8e1-97f22a493d34,,metals,processes/e6b49806-23c0-487c-a8e1-97f22a493d34.xml,1,kg,GLO,metals,,,"Foreground system:

Extrusion with blowing agent
The process starts with extrusion of molten plas",scraped_from_ilcd
cf75c84e-c53a-4a33-914e-4769428359dd,,metals,processes/cf75c84e-c53a-4a33-914e-4769428359dd.xml,1,kg,EU+EFTA+UK,metals,,,"Foreground system:

PE production
The basis for the production of polyethylene is crude oil. Ther",scraped_from_ilcd
7aeb5a00-122e-4bbf-9abd-ccf0e7510fc3,,metals,processes/7aeb5a00-122e-4bbf-9abd-ccf0e7510fc3.xml,1,kg,GLO,metals,,,"Foreground system:
Stone wool is made out of sediment or magmatic rocks, essentially basalts, and d",scraped_from_ilcd
d0b32a9c-03d5-4744-8064-4dc294703053,,metals,processes/d0b32a9c-03d5-4744-8064-4dc294703053.xml,1,kg,SK,metals,,,"Foreground system:
The electricity is either produced in a coal gas specific power plants and/or co",scraped_from_ilcd
6cd700a3-0065-44ac-ac7c-a10266d36c67,,metals,processes/6cd700a3-0065-44ac-ac7c-a10266d36c67.xml,1,kg,EU+EFTA+UK,metals,,,"Foreground system:
Wood consists of cellulose, hemicellulose and lignin. In contrast to cellulose, ",scraped_from_ilcd
f8f4ff8d-2601-4471-86e4-d3d5704d8ad0,,metals,processes/f8f4ff8d-2601-4471-86e4-d3d5704d8ad0.xml,1,kg,EU+EFTA+UK,metals,,,The average distance to the locations of the shredders in Europe is 1000 km. Therefore the parameter,scraped_from_ilcd
4a0b42ac-5a2e-45a5-88a9-51f78a8dd6a9,,metals,processes/4a0b42ac-5a2e-45a5-88a9-51f78a8dd6a9.xml,1,kg,GLO,metals,,,"Foreground system:
The process ""universal tractor"" had been set up in order to model the general ex",scraped_from_ilcd
086af6e7-4767-4a82-a4cb-c44403ffe2f1,,metals,processes/086af6e7-4767-4a82-a4cb-c44403ffe2f1.xml,1,kg,IN,metals,,,"Foreground system:
Petroleum refineries are complex plants. The combination and sequence of a large",scraped_from_ilcd
7e83cd46-2355-5c61-9da6-c79848205ff6,,metals,processes/7e83cd46-2355-5c61-9da6-c79848205ff6.xml,1,kg,FR,metals,,,"System boundaries include olive farming, olive oil extraction with pomace as a co-product and pomace",scraped_from_ilcd
7132be84-a41d-5cc9-969c-75a32191914f,,metals,processes/7132be84-a41d-5cc9-969c-75a32191914f.xml,1,kg,GLO,metals,,,The process starts by making a bath or water with liquor ratio of 1:20 in a sealed stainless steel t,scraped_from_ilcd
7f71b654-46e4-477e-86ee-071125b3924a,,metals,processes/7f71b654-46e4-477e-86ee-071125b3924a.xml,1,kg,RNA,metals,,,"Foreground system:
Petroleum refineries are complex plants. The combination and sequence of a large",scraped_from_ilcd
7ce6b8c1-3542-4dcd-a038-978cdaee063e,,metals,processes/7ce6b8c1-3542-4dcd-a038-978cdaee063e.xml,1,kg,EU+EFTA+UK,metals,,,"Foreground system:
Wood consists of cellulose, hemicellulose and lignin. In contrast to cellulose, ",scraped_from_ilcd
ca4a444e-aeb4-436f-bbe7-7e942d1680e0,,metals,processes/ca4a444e-aeb4-436f-bbe7-7e942d1680e0.xml,1,kg,AU,metals,,,"Foreground system:
Petroleum refineries are complex plants. The combination and sequence of a large",scraped_from_ilcd
05a26a08-1ab5-4523-b25f-41b9be0ffc76,,metals,processes/05a26a08-1ab5-4523-b25f-41b9be0ffc76.xml,1,kg,EU+EFTA+UK,metals,,,"Foreground system:

PP production
The basis for the production of polypropylene is crude oil. Pol",scraped_from_ilcd
3834e9a2-37b6-4315-a7e9-8a6e01a68d16,,metals,processes/3834e9a2-37b6-4315-a7e9-8a6e01a68d16.xml,1,kg,RNA,metals,,,"Foreground system:
The hydro power plant model consists of three sub-models: These sub-models are: ",scraped_from_ilcd
48692b78-b1bb-505d-9135-e0d918a5899c,,metals,processes/48692b78-b1bb-505d-9135-e0d918a5899c.xml,1,kg,FI,metals,,,Sawdust is produced as a by-product of wood sawing. The sawdust is stored and transported within the,scraped_from_ilcd
f0529d11-796d-4607-aec5-b9b816a37c0e,,metals,processes/f0529d11-796d-4607-aec5-b9b816a37c0e.xml,1,kg,GLO,metals,,,"Foreground system:
The mineral is found in quarrels and has to be mined. It is extracted from the q",scraped_from_ilcd
d46f4b2c-fb32-4f18-b1c0-23a23719fb81,,metals,processes/d46f4b2c-fb32-4f18-b1c0-23a23719fb81.xml,1,kg,RNA,metals,,,"Foreground system:
The glass waste is collected and transported to the recycling plant. The materia",scraped_from_ilcd
7ff54b82-6394-4259-82cb-a87dfe7818c7,,metals,processes/7ff54b82-6394-4259-82cb-a87dfe7818c7.xml,1,kg,RSA,metals,,,"Foreground system:
The country / region specific natural gas consumption mix, mix indigenous produc",scraped_from_ilcd
b61008fe-d114-4417-81ab-d9dab0772b15,,metals,processes/b61008fe-d114-4417-81ab-d9dab0772b15.xml,1,kg,FR,metals,,,"Foreground system:
The model comprises the production of electricity from a mix of pressure water (",scraped_from_ilcd
4b75bb92-fa95-4abd-9c30-4ea81f9c1235,,metals,processes/4b75bb92-fa95-4abd-9c30-4ea81f9c1235.xml,1,kg,EU+EFTA+UK,metals,,,"Foreground system:
The spent cardboard is collected, transported and disposed. The dataset also acc",scraped_from_ilcd
01bdd631-5c7a-4e0f-9b4d-f4a9996f9a5c,,metals,processes/01bdd631-5c7a-4e0f-9b4d-f4a9996f9a5c.xml,1,kg,EU+EFTA+UK,metals,,,"Foreground system:

PET production
Polyethylene terephthalate (abbreviated as PET or PETE, CAS nu",scraped_from_ilcd
3802f1a3-f8bd-4393-81f2-952b076c56f4,,metals,processes/3802f1a3-f8bd-4393-81f2-952b076c56f4.xml,1,kg,GLO,metals,,,"Foreground system:
This dataset describes the installation of a PV system on the roof. It comprises",scraped_from_ilcd
62a119d3-72d9-4f0f-b2d8-29d35f873b7d,,metals,processes/62a119d3-72d9-4f0f-b2d8-29d35f873b7d.xml,1,kg,RAF,metals,,,"Foreground system:
Petroleum refineries are complex plants. The combination and sequence of a large",scraped_from_ilcd
621d9a04-5b24-4e5d-a7fe-756b8f2e4b9e,,metals,processes/621d9a04-5b24-4e5d-a7fe-756b8f2e4b9e.xml,1,kg,EU+EFTA+UK,metals,,,"Foreground system:
Petroleum refineries are complex plants. The combination and sequence of a large",scraped_from_ilcd
0b322453-c984-486a-9704-da6cda328def,,metals,processes/0b322453-c984-486a-9704-da6cda328def.xml,1,kg,CN,metals,,,"Foreground system:
Petroleum refineries are complex plants. The combination and sequence of a large",scraped_from_ilcd
eff12975-a986-4eaa-9039-8ca5442cefd0,,metals,processes/eff12975-a986-4eaa-9039-8ca5442cefd0.xml,1,kg,EU+EFTA+UK,metals,,,The average distance to the locations of the shredders in Europe is 1000 km. Therefore the parameter,scraped_from_ilcd
822b0785-85f9-433d-b1b4-b7b782c2abbe,,metals,processes/822b0785-85f9-433d-b1b4-b7b782c2abbe.xml,1,kg,BG,metals,,,"Foreground system:
The electricity is either produced in a heavy fuel oil (HFO) specific power plan",scraped_from_ilcd
3f6fad60-3418-4ccf-9e74-7c203f936735,,metals,processes/3f6fad60-3418-4ccf-9e74-7c203f936735.xml,1,kg,HU,metals,,,"Foreground system:
The hydro power plant model consists of three sub-models: These sub-models are: ",scraped_from_ilcd
2d675fab-8cc3-5b79-94e1-194478bb2ea4,,metals,processes/2d675fab-8cc3-5b79-94e1-194478bb2ea4.xml,1,kg,GLO,metals,,,The environmental impact cotton fibre includes cultivation and delintint the Seed cotton. The ginnin,scraped_from_ilcd
94579183-d698-433f-a5f4-16395b0dd9ba,,metals,processes/94579183-d698-433f-a5f4-16395b0dd9ba.xml,1,kg,AU,metals,,,"Foreground system:
The electricity is either produced in a coal gas specific power plants and/or co",scraped_from_ilcd
dea82605-1493-44ee-9ef4-4ac5202a56a3,,metals,processes/dea82605-1493-44ee-9ef4-4ac5202a56a3.xml,1,kg,NL,metals,,,"Foreground system:
The hydro power plant model consists of three sub-models: These sub-models are: ",scraped_from_ilcd
d6c20271-11a3-481b-85e4-bf84542e7d83,,metals,processes/d6c20271-11a3-481b-85e4-bf84542e7d83.xml,1,kg,GLO,metals,,,"Foreground system:
Quartz is mined from a quarrel by using construction machines (excavators, dumpe",scraped_from_ilcd
10dee476-2d7f-4e1b-a458-206a18be0fcf,,metals,processes/10dee476-2d7f-4e1b-a458-206a18be0fcf.xml,1,kg,HU,metals,,,"Foreground system:
The electricity is either produced in a coal gas specific power plants and/or co",scraped_from_ilcd
7cc9e02d-4553-458f-bec3-5f7cc44c6ed6,,metals,processes/7cc9e02d-4553-458f-bec3-5f7cc44c6ed6.xml,1,kg,BR,metals,,,"Foreground system:
Petroleum refineries are complex plants. The combination and sequence of a large",scraped_from_ilcd
10e9c138-2b8d-4642-adde-8917043f39e2,,metals,processes/10e9c138-2b8d-4642-adde-8917043f39e2.xml,1,kg,CN,metals,,,"Foreground system:
The electricity is either produced in a coal gas specific power plants and/or co",scraped_from_ilcd
13e80e9e-f556-4cda-9a57-c73ebd0b6127,,metals,processes/13e80e9e-f556-4cda-9a57-c73ebd0b6127.xml,1,kg,BE,metals,,,"Foreground system:
The electricity is either produced in a biogas specific power plants and/or comb",scraped_from_ilcd
2aa39bad-2974-4bad-8bed-1d0517e0d546,,metals,processes/2aa39bad-2974-4bad-8bed-1d0517e0d546.xml,1,kg,GLO,metals,,,"Foreground system:
The dataset can be linked to the component mixer and scaled via parameter by pie",scraped_from_ilcd
d262e73e-701c-404e-8398-e73dd4e795c9,,metals,processes/d262e73e-701c-404e-8398-e73dd4e795c9.xml,1,kg,EU+EFTA+UK,metals,,,"Foreground system:
Wood consists of cellulose, hemicellulose and lignin. In contrast to cellulose, ",scraped_from_ilcd
adaaf933-9dd3-400f-acad-ed51598fa1af,,metals,processes/adaaf933-9dd3-400f-acad-ed51598fa1af.xml,1,kg,CA,metals,,,"Foreground system:
The electricity is either produced in a coal gas specific power plants and/or co",scraped_from_ilcd
0b491057-5549-4a17-8738-193a695bcea5,,metals,processes/0b491057-5549-4a17-8738-193a695bcea5.xml,1,kg,NZ,metals,,,"Foreground system:
The electricity is either produced in a biomass (solid) specific power plants an",scraped_from_ilcd
bdbec970-b8f6-4ba0-b35c-3566a92a1bc7,,metals,processes/bdbec970-b8f6-4ba0-b35c-3566a92a1bc7.xml,1,kg,IN,metals,,,"Foreground system:
Petroleum refineries are complex plants. The combination and sequence of a large",scraped_from_ilcd
00efa381-9301-40cc-9997-3674dd5b5376,,metals,processes/00efa381-9301-40cc-9997-3674dd5b5376.xml,1,kg,LV,metals,,,"Foreground system:
The electricity is either produced in a biomass (solid) specific power plants an",scraped_from_ilcd
916ece6e-8256-57a7-9b3a-f04a65d9c074,,metals,processes/916ece6e-8256-57a7-9b3a-f04a65d9c074.xml,1,kg,CN,metals,,,Sawdust is produced as a by-product of wood sawing. The sawdust is stored and transported within the,scraped_from_ilcd
1fe6ddb4-b23e-42d3-8c51-df9cbe148dce,,metals,processes/1fe6ddb4-b23e-42d3-8c51-df9cbe148dce.xml,1,kg,NL,metals,,,"Foreground system:
The national or regional specific electricity consumption mix is provided by the",scraped_from_ilcd
8632b306-13bd-4ebe-be56-f98f73de5bf3,,metals,processes/8632b306-13bd-4ebe-be56-f98f73de5bf3.xml,1,kg,IN,metals,,,"Foreground system:
Petroleum refineries are complex plants. The combination and sequence of a large",scraped_from_ilcd
0a88dd39-2324-5a87-962d-6557fc6196cb,,metals,processes/0a88dd39-2324-5a87-962d-6557fc6196cb.xml,1,kg,GLO,metals,,,Wet-white metal tanning refers to a variety of processes that avoid the use of chromium. Substitutes,scraped_from_ilcd
c3e80442-1e8a-42c9-bfa1-d64952c436c5,,metals,processes/c3e80442-1e8a-42c9-bfa1-d64952c436c5.xml,1,kg,SE,metals,,,"Foreground system:
The residual mix is the grid attribute (emission, radioactive waste, etc.) avera",scraped_from_ilcd
a44f2af0-f15b-4d46-89a6-5deb49e9f166,,metals,processes/a44f2af0-f15b-4d46-89a6-5deb49e9f166.xml,1,kg,EU+EFTA+UK,metals,,,"Foreground system:
Secondary aluminium is produced by remelting aluminium scrap. The scrap is clean",scraped_from_ilcd
6c73474f-8a9c-5d81-8071-108bd4b0c2f0,,metals,processes/6c73474f-8a9c-5d81-8071-108bd4b0c2f0.xml,1,kg,GLO,metals,,,Even-aged forests of oaks are used for cork plantations and shadow for cattle and goats. Cork harves,scraped_from_ilcd
793a6228-836f-5c10-ab7c-aa8c44042a2e,,metals,processes/793a6228-836f-5c10-ab7c-aa8c44042a2e.xml,1,kg,GLO,metals,,,"The recycling yield is 98%, therefore a waste cotton input of 1.02 kg has to be added.",scraped_from_ilcd
bd2602fa-abc7-4a57-b3f9-d6a012d29b1e,,metals,processes/bd2602fa-abc7-4a57-b3f9-d6a012d29b1e.xml,1,kg,ROW,metals,,,"Foreground system:
Stainless steels are manufactured from mixtures of stainless scrap, carbon steel",scraped_from_ilcd
eb5625c3-a59c-4b47-9e7f-53f814d23db1,,metals,processes/eb5625c3-a59c-4b47-9e7f-53f814d23db1.xml,1,kg,GLO,metals,,,"Foreground system:
Hot air solder leveling. This step requires a thorough pre-treatment of the surf",scraped_from_ilcd
dd7a58e3-a563-400a-b28b-e9e3299fb5d2,,metals,processes/dd7a58e3-a563-400a-b28b-e9e3299fb5d2.xml,1,kg,BG,metals,,,"Foreground system:
The electricity is either produced in a lignite specific power plants and/or com",scraped_from_ilcd
1d139af1-472a-4eab-9c52-715e6c43523d,,metals,processes/1d139af1-472a-4eab-9c52-715e6c43523d.xml,1,kg,JP,metals,,,"Foreground system:
Petroleum refineries are complex plants. The combination and sequence of a large",scraped_from_ilcd
c5dacad9-f6b1-4473-ac89-fc2d87422d6a,,metals,processes/c5dacad9-f6b1-4473-ac89-fc2d87422d6a.xml,1,kg,EU+EFTA+UK,metals,,,"Foreground system:
The data set represents a typical municipal waste landfill with surface and basi",scraped_from_ilcd
4737fbfb-4e39-44d9-8aca-ddb9924d5c31,,metals,processes/4737fbfb-4e39-44d9-8aca-ddb9924d5c31.xml,1,kg,GLO,metals,,,"Foreground system:
The data set represents a diesel generator including other emissions like NOx, D",scraped_from_ilcd
ef85ab02-28c7-51b8-91ea-caa04f715fb7,,metals,processes/ef85ab02-28c7-51b8-91ea-caa04f715fb7.xml,1,kg,AU,metals,,,The environmental impact cotton fibre includes cultivation and delintint the Seed cotton. The ginnin,scraped_from_ilcd
cd904baf-b510-4e0a-958e-2a588a59e8f6,,metals,processes/cd904baf-b510-4e0a-958e-2a588a59e8f6.xml,1,kg,EU+EFTA+UK,metals,,,"All common types of furnace technology and colours of container glass (amber, green, flint and other",scraped_from_ilcd
a11cde02-db7b-4a85-939e-0a6fa05a180a,,metals,processes/a11cde02-db7b-4a85-939e-0a6fa05a180a.xml,1,kg,RAF,metals,,,"Foreground system:
The Sphera landfill model is adapted to the region of this dataset by using info",scraped_from_ilcd
cf7dec25-f71c-409c-b5ea-bc3907a1adfc,,metals,processes/cf7dec25-f71c-409c-b5ea-bc3907a1adfc.xml,1,kg,RAS,metals,,,"Foreground system:
The Sphera landfill model is adapted to the region of this dataset by using info",scraped_from_ilcd
f2b6d074-fef6-4e6d-b9d5-f83ffda98a25,,metals,processes/f2b6d074-fef6-4e6d-b9d5-f83ffda98a25.xml,1,kg,HU,metals,,,"Foreground system:
The electricity is either produced in a biomass (solid) specific power plants an",scraped_from_ilcd
a5a214db-7522-4f31-903e-b7366549f61f,,metals,processes/a5a214db-7522-4f31-903e-b7366549f61f.xml,1,kg,EU+EFTA+UK,metals,,,The average distance to the locations of the shredders in Europe is 1000 km. Therefore the parameter,scraped_from_ilcd
95051bb3-46cc-40c1-8b6d-6d58ac334bb9,,metals,processes/95051bb3-46cc-40c1-8b6d-6d58ac334bb9.xml,1,kg,EU+EFTA+UK,metals,,,"Foreground system:
Wood consists of cellulose, hemicellulose and lignin. In contrast to cellulose, ",scraped_from_ilcd
8d640595-0e0d-56da-ab41-34571e90a3be,,metals,processes/8d640595-0e0d-56da-ab41-34571e90a3be.xml,1,kg,GLO,metals,,,"The recycling yield is 97%, therefore a waste cotton input of 1.031 kg has to be added.",scraped_from_ilcd
d33b520d-caa9-454a-bf9f-fa06d9bb99ca,,metals,processes/d33b520d-caa9-454a-bf9f-fa06d9bb99ca.xml,1,kg,EU+EFTA+UK,metals,,,"Foreground system:

Aluminium production
The common raw material for aluminium production, bauxit",scraped_from_ilcd
7d3306ec-0603-4b52-a2be-dbfec7135837,,metals,processes/7d3306ec-0603-4b52-a2be-dbfec7135837.xml,1,kg,EU+EFTA+UK,metals,,,"Foreground system:
Aluminium profiles are produced through the extrusion (also called deep- drawing",scraped_from_ilcd
d8c45855-55ca-46e8-ab4b-408ac29be593,,metals,processes/d8c45855-55ca-46e8-ab4b-408ac29be593.xml,1,kg,RU,metals,,,"Foreground system:
Petroleum refineries are complex plants. The combination and sequence of a large",scraped_from_ilcd
a2d2742b-cb41-4920-a3c4-5d9f0cd95d0f,,metals,processes/a2d2742b-cb41-4920-a3c4-5d9f0cd95d0f.xml,1,kg,NO,metals,,,"Foreground system:
The residual mix is the grid attribute (emission, radioactive waste, etc.) avera",scraped_from_ilcd
9ad9e45f-ce35-4acb-aaba-9118559a5d0d,,metals,processes/9ad9e45f-ce35-4acb-aaba-9118559a5d0d.xml,1,kg,EU+EFTA+UK,metals,,,"Foreground system:
Both Interfacial Polycondensation and Melt Transesterication process are current",scraped_from_ilcd
67cd13e1-d716-5e16-9261-05ac04e01998,,metals,processes/67cd13e1-d716-5e16-9261-05ac04e01998.xml,1,kg,GLO,metals,,,"Metal button production data covers brass raw material and its shaping processes. During production,",scraped_from_ilcd
7f20b345-c825-4396-890e-d6c900024088,,metals,processes/7f20b345-c825-4396-890e-d6c900024088.xml,1,kg,RSA,metals,,,"Foreground system:
The electricity is either produced in a heavy fuel oil (HFO) specific power plan",scraped_from_ilcd
5bd673bb-4169-487a-a8ae-ea82e3b25d0a,,metals,processes/5bd673bb-4169-487a-a8ae-ea82e3b25d0a.xml,1,kg,EU+EFTA+UK,metals,,,"Foreground system:
The input ""Secondary lead for smelting"" (2/3 of lead input) is concidered to be ",scraped_from_ilcd
fa44b469-9fd7-49e5-8da5-6db1fec582d5,,metals,processes/fa44b469-9fd7-49e5-8da5-6db1fec582d5.xml,1,kg,ES,metals,,,"Foreground system:
The model comprises the production of electricity from a mix of pressure water (",scraped_from_ilcd
1093ea4f-dd2f-4a99-843a-fa6835833497,,metals,processes/1093ea4f-dd2f-4a99-843a-fa6835833497.xml,1,kg,IT,metals,,,"Foreground system:
The hydro power plant model consists of three sub-models: These sub-models are: ",scraped_from_ilcd
5d4a3c62-ffba-4cb9-83a4-287445a1bc05,,metals,processes/5d4a3c62-ffba-4cb9-83a4-287445a1bc05.xml,1,kg,SI,metals,,,"Foreground system:
The electricity is either produced in a biomass (solid) specific power plants an",scraped_from_ilcd
70a378ff-9f4f-4283-93b4-e7097be9d4aa,,metals,processes/70a378ff-9f4f-4283-93b4-e7097be9d4aa.xml,1,kg,HR,metals,,,"Foreground system:
The electricity is either produced in a hard coal specific power plants and/or c",scraped_from_ilcd
f6726ad2-d040-451b-8e10-51d4be9ed969,,metals,processes/f6726ad2-d040-451b-8e10-51d4be9ed969.xml,1,kg,EU+EFTA+UK,metals,,,"Foreground system:
The data set includes an average onshore and offshore wind model. The following ",scraped_from_ilcd
da1f76bf-d6b4-5a3c-a4fa-150b9b715efe,,metals,processes/da1f76bf-d6b4-5a3c-a4fa-150b9b715efe.xml,1,kg,GLO,metals,,,"Polyethylene terephthalate (PET) and aluminum are main raw materials of glitter. To produce glitter,",scraped_from_ilcd
875714f6-25f1-44c8-992a-c43798500c4e,,metals,processes/875714f6-25f1-44c8-992a-c43798500c4e.xml,1,kg,EU+EFTA+UK,metals,,,"Foreground system:
Liquid copper/ brass, is cast into ingot through DC (Direct chill) casting. The ",scraped_from_ilcd
0e19c6f5-eb95-4a50-924d-5d1d1a5d91d0,,metals,processes/0e19c6f5-eb95-4a50-924d-5d1d1a5d91d0.xml,1,kg,NO,metals,,,"Foreground system:
The national or regional specific electricity consumption mix is provided by the",scraped_from_ilcd
dda159ff-e75a-53bd-b313-ed863c483ebc,,metals,processes/dda159ff-e75a-53bd-b313-ed863c483ebc.xml,1,kg,CN,metals,,,Sawdust is produced as a by-product of wood sawing. The sawdust is stored and transported within the,scraped_from_ilcd
114e0e65-327b-49a3-b092-8d979d7ca30d,,metals,processes/114e0e65-327b-49a3-b092-8d979d7ca30d.xml,1,kg,EU+EFTA+UK,metals,,,"Foreground system:
The electricity is either produced in a heavy fuel oil (HFO) specific power plan",scraped_from_ilcd
32a5181c-86b3-46e4-a16e-19e18a3bc965,,metals,processes/32a5181c-86b3-46e4-a16e-19e18a3bc965.xml,1,kg,GLO,metals,,,"Foreground system:
The data represent a low voltage transformer. The transformer consists of a stee",scraped_from_ilcd
30c55ce7-db66-5462-8a0e-e9d54a780fa6,,metals,processes/30c55ce7-db66-5462-8a0e-e9d54a780fa6.xml,1,kg,AU,metals,,,The environmental impact cotton fibre includes cultivation and delintint the Seed cotton. The ginnin,scraped_from_ilcd
a730a0c3-4ea7-4e0c-9519-5c12f5ebf95e,,metals,processes/a730a0c3-4ea7-4e0c-9519-5c12f5ebf95e.xml,1,kg,EU+EFTA+UK,metals,,,"Foreground system:
The plastic granulate is plasticized in the extruder. After the extruder screw, ",scraped_from_ilcd
602bba9c-3262-4555-a0a4-7b9f6bc50f82,,metals,processes/602bba9c-3262-4555-a0a4-7b9f6bc50f82.xml,1,kg,EU+EFTA+UK,metals,,,"Foreground system:
The thermal energy is produced in heavy fuel oil (HFO) specific heat plants. Als",scraped_from_ilcd
86ff0001-4794-4df5-a1d4-083a9d986b62,,metals,processes/86ff0001-4794-4df5-a1d4-083a9d986b62.xml,1,kg,EU+EFTA+UK,metals,,,"Foreground system:
The data set represents a typical municipal waste landfill with surface and basi",scraped_from_ilcd
00ceb901-cace-4a90-8504-98d213f206d1,,metals,processes/00ceb901-cace-4a90-8504-98d213f206d1.xml,1,kg,RU,metals,,,"Foreground system:
Petroleum refineries are complex plants. The combination and sequence of a large",scraped_from_ilcd
f398e770-adec-4859-b0f6-f71133290525,,metals,processes/f398e770-adec-4859-b0f6-f71133290525.xml,1,kg,EU+EFTA+UK,metals,,,"Foreground system:
Brasses are alloys of copper and zinc and are medium and strength engineering ma",scraped_from_ilcd
9ffd8001-7508-4d5c-8472-48940c0e5102,,metals,processes/9ffd8001-7508-4d5c-8472-48940c0e5102.xml,1,kg,EU+EFTA+UK,metals,,,"Foreground system:
The life cycle assessment of sand and gravel covers the quarring of stone and it",scraped_from_ilcd
1bf918e9-4e3e-5c05-b829-d60077eeaf17,,metals,processes/1bf918e9-4e3e-5c05-b829-d60077eeaf17.xml,1,kg,GLO,metals,,,Wet-white metal-free tanning – a variety of tanning techniques that avoid the use of chromium or hea,scraped_from_ilcd
c3bbaed4-1e2a-41d5-97c2-6dc68f83112a,,metals,processes/c3bbaed4-1e2a-41d5-97c2-6dc68f83112a.xml,1,kg,JP,metals,,,"Foreground system:
The electricity is either produced in a coal gas specific power plants and/or co",scraped_from_ilcd
b1655a91-37c4-4f17-9a1d-94b1c3be1ea5,,metals,processes/b1655a91-37c4-4f17-9a1d-94b1c3be1ea5.xml,1,kg,RAF,metals,,,"Foreground system:
The electricity is either produced in a heavy fuel oil (HFO) specific power plan",scraped_from_ilcd
8db23fd4-ea2d-4748-b7cc-0f3ebb867237,,metals,processes/8db23fd4-ea2d-4748-b7cc-0f3ebb867237.xml,1,kg,RAF,metals,,,"Foreground system:
The Sphera landfill model is adapted to the region of this dataset by using info",scraped_from_ilcd
61cfc75a-391f-4512-a907-4f92114058c1,,metals,processes/61cfc75a-391f-4512-a907-4f92114058c1.xml,1,kg,EU+EFTA+UK,metals,,,"Foreground system:
The thermal energy is produced in hard coal specific heat plants. Also considere",scraped_from_ilcd
c15d30a8-0546-5525-8c30-89fafb790798,,metals,processes/c15d30a8-0546-5525-8c30-89fafb790798.xml,1,kg,GLO,metals,,,Wet-white metal-free tanning – a variety of tanning techniques that avoid the use of chromium or hea,scraped_from_ilcd
6e8ee317-e6c5-4316-a329-94f7a629aa72,,metals,processes/6e8ee317-e6c5-4316-a329-94f7a629aa72.xml,1,kg,AU,metals,,,"Foreground system:
The hydro power plant model consists of three sub-models: These sub-models are: ",scraped_from_ilcd
39694291-c8b5-49d1-9fe8-e67e4aade7d7,,metals,processes/39694291-c8b5-49d1-9fe8-e67e4aade7d7.xml,1,kg,EU+EFTA+UK,metals,,,"Foreground system:
Steel scrap and alloy components are melted in an electric furnace and afterward",scraped_from_ilcd
3cf61035-723e-4a02-8d59-2af89b0de9c2,,metals,processes/3cf61035-723e-4a02-8d59-2af89b0de9c2.xml,1,kg,GLO w/o EU+EFTA+UK,metals,,,"Foreground system:
Both Interfacial Polycondensation and Melt Transesterication process are current",scraped_from_ilcd
920b0d1d-0824-4770-a5a9-79dcb03f404e,,metals,processes/920b0d1d-0824-4770-a5a9-79dcb03f404e.xml,1,kg,SI,metals,,,"Foreground system:
The electricity is either produced in a natural gasl specific power plants and/o",scraped_from_ilcd
442c300d-83a9-49f5-90f7-2ae563022fe3,,metals,processes/442c300d-83a9-49f5-90f7-2ae563022fe3.xml,1,kg,GB,metals,,,"Foreground system:
The national or regional specific electricity consumption mix is provided by the",scraped_from_ilcd
fb5f4368-5bfb-5be5-9851-1f2f779581ac,,metals,processes/fb5f4368-5bfb-5be5-9851-1f2f779581ac.xml,1,kg,IT,metals,,,"System boundaries include olive farming, olive oil extraction with pomace as a co-product and pomace",scraped_from_ilcd
59bc1a7a-de23-4803-bd43-692d4e122ba7,,metals,processes/59bc1a7a-de23-4803-bd43-692d4e122ba7.xml,1,kg,CH,metals,,,"Foreground system:
The national or regional specific electricity consumption mix is provided by the",scraped_from_ilcd
a62361e8-f9c6-57ca-9e2e-6ef86e354072,,metals,processes/a62361e8-f9c6-57ca-9e2e-6ef86e354072.xml,1,kg,ES,metals,,,"The recycling yield is 96%, therefore a waste cotton input of 1.042 kg has to be added.",scraped_from_ilcd
9daa5b8d-8134-4ab5-b745-7bb6dab2c6c1,,metals,processes/9daa5b8d-8134-4ab5-b745-7bb6dab2c6c1.xml,1,kg,DE,metals,,,"Foreground system:
The electricity is either produced in a biomass (solid) specific power plants an",scraped_from_ilcd
0c84f271-e64c-57b2-88bc-450e882296d7,,metals,processes/0c84f271-e64c-57b2-88bc-450e882296d7.xml,1,kg,GLO,metals,,,Wet-white metal-free tanning – a variety of tanning techniques that avoid the use of chromium or hea,scraped_from_ilcd
62b54c1f-223d-4be8-a164-ff8671dcd695,,metals,processes/62b54c1f-223d-4be8-a164-ff8671dcd695.xml,1,kg,GLO,metals,,,"Foreground system:

Film extrusion process
The plastic granulate is plasticized in the extruder. ",scraped_from_ilcd
f390a738-024c-4926-bd44-f4f0392c4e6f,,metals,processes/f390a738-024c-4926-bd44-f4f0392c4e6f.xml,1,kg,RAF,metals,,,"Foreground system:
The electricity is either produced in a biomass (solid) specific power plants an",scraped_from_ilcd
2f33d298-3450-5269-a7e0-58c1cbb0ff20,,metals,processes/2f33d298-3450-5269-a7e0-58c1cbb0ff20.xml,1,kg,GLO,metals,,,"The recycling yield is 97%, therefore a waste cotton input of 1.031 kg has to be added.",scraped_from_ilcd
d4f21981-26d4-4fea-b96a-818bcdde4cb8,,metals,processes/d4f21981-26d4-4fea-b96a-818bcdde4cb8.xml,1,kg,EU+EFTA+UK,metals,,,The average distance to the locations of the shredders in Europe is 1000 km. Therefore the parameter,scraped_from_ilcd
62ef01af-abd0-4ccd-97fe-abc7d88bdde9,,metals,processes/62ef01af-abd0-4ccd-97fe-abc7d88bdde9.xml,1,kg,LT,metals,,,"Foreground system:
The hydro power plant model consists of three sub-models: These sub-models are: ",scraped_from_ilcd
8ff24cf9-bcf4-4faa-8e68-b90d59347395,,metals,processes/8ff24cf9-bcf4-4faa-8e68-b90d59347395.xml,1,kg,EU+EFTA+UK,metals,,,"Foreground system:

The mineral is found in quarrels and has to be mined. It is extracted from the",scraped_from_ilcd
08b75381-e4be-4f4f-85b3-9251836f091a,,metals,processes/08b75381-e4be-4f4f-85b3-9251836f091a.xml,1,kg,EU+EFTA+UK,metals,,,The average distance to the locations of the shredders in Europe is 1000 km. Therefore the parameter,scraped_from_ilcd
76b97a5c-34af-4a42-9ca8-420c363bf719,,metals,processes/76b97a5c-34af-4a42-9ca8-420c363bf719.xml,1,kg,GLO,metals,,,"Foreground system:
Using a MIG/MAG-welding (metal-inert gas/metal-active gas) process, the arc is i",scraped_from_ilcd
0b4157cd-7084-4677-9000-d4f50afca58a,,metals,processes/0b4157cd-7084-4677-9000-d4f50afca58a.xml,1,kg,RAS w/o CN,metals,,,"Foreground system:
Petroleum refineries are complex plants. The combination and sequence of a large",scraped_from_ilcd
8b9c5f77-9a81-4638-8af2-4e5a9fc0c1d2,,metals,processes/8b9c5f77-9a81-4638-8af2-4e5a9fc0c1d2.xml,1,kg,GLO,metals,,,"Foreground system:
In the injection mould process, plastics are processed as granules, as powder an",scraped_from_ilcd
d53d7b71-871e-45ac-8268-81f822514f0a,,metals,processes/d53d7b71-871e-45ac-8268-81f822514f0a.xml,1,kg,EU+EFTA+UK,metals,,,"Foreground system:

LDPE production
The basis for the production of polyethylene is crude oil. Th",scraped_from_ilcd
be9d1ad2-9be9-492b-9bac-75f6851a4895,,metals,processes/be9d1ad2-9be9-492b-9bac-75f6851a4895.xml,1,kg,RSA,metals,,,"Foreground system:
Petroleum refineries are complex plants. The combination and sequence of a large",scraped_from_ilcd
5672dff8-6ad2-40fd-a007-27970f84a219,,metals,processes/5672dff8-6ad2-40fd-a007-27970f84a219.xml,1,kg,RAS,metals,,,"Foreground system:
The steel waste is collected and transported to the recycling plant. The materia",scraped_from_ilcd
f1704e65-094c-501c-8458-79d63b114234,,metals,processes/f1704e65-094c-501c-8458-79d63b114234.xml,1,kg,GLO,metals,,,Wet-white metal-free tanning – a variety of tanning techniques that avoid the use of chromium or hea,scraped_from_ilcd
7e7d5e0d-7b7b-5bb4-81da-293b3c1aec3b,,metals,processes/7e7d5e0d-7b7b-5bb4-81da-293b3c1aec3b.xml,1,kg,CA,metals,,,Sawdust is produced as a by-product of wood sawing. The sawdust is stored and transported within the,scraped_from_ilcd
2933b69d-92f3-4c8a-aa75-aa0143be930d,,metals,processes/2933b69d-92f3-4c8a-aa75-aa0143be930d.xml,1,kg,SK,metals,,,"Foreground system:
The electricity is either produced in a lignite specific power plants and/or com",scraped_from_ilcd
6b8a3dec-0d31-441f-9fc2-86741d160f84,,metals,processes/6b8a3dec-0d31-441f-9fc2-86741d160f84.xml,1,kg,HU,metals,,,"Foreground system:
The residual mix is the grid attribute (emission, radioactive waste, etc.) avera",scraped_from_ilcd
b9559213-30ce-4629-8b7e-48d7ce670570,,metals,processes/b9559213-30ce-4629-8b7e-48d7ce670570.xml,1,kg,RNA,metals,,,"Foreground system:
The electricity is either produced in a biomass (solid) specific power plants an",scraped_from_ilcd
72dac319-433f-4861-8bed-0feeac4be255,,metals,processes/72dac319-433f-4861-8bed-0feeac4be255.xml,1,kg,EU+EFTA+UK,metals,,,The average distance to the locations of the shredders in Europe is 1000 km. Therefore the parameter,scraped_from_ilcd
9c7a1364-5a69-483e-b15f-5f6a14e757ce,,metals,processes/9c7a1364-5a69-483e-b15f-5f6a14e757ce.xml,1,kg,HR,metals,,,"Foreground system:
The national or regional specific electricity consumption mix is provided by the",scraped_from_ilcd
49bca533-7001-4aea-b404-35e7b7ac2a31,,metals,processes/49bca533-7001-4aea-b404-35e7b7ac2a31.xml,1,kg,GLO,metals,,,"Foreground system:
Worldwide, nickel ore is mined from ca. 2/3 magmatic sulphide deposits and ca. 1",scraped_from_ilcd
b0c34075-7e97-4018-b0d3-f0fd6fc9a3e8,,metals,processes/b0c34075-7e97-4018-b0d3-f0fd6fc9a3e8.xml,1,kg,EU+EFTA+UK,metals,,,"Foreground system:
Petroleum refineries are complex plants. The combination and sequence of a large",scraped_from_ilcd
fef58712-248e-474f-94f4-5d9e21c21ac7,,metals,processes/fef58712-248e-474f-94f4-5d9e21c21ac7.xml,1,kg,EU+EFTA+UK,metals,,,"Foreground system:
The digging takes place in underground mining as well as in open-pit mines. Meth",scraped_from_ilcd
548cad25-f3fa-4560-9171-65813f350f81,,metals,processes/548cad25-f3fa-4560-9171-65813f350f81.xml,1,kg,MT,metals,,,"Foreground system:
The residual mix is the grid attribute (emission, radioactive waste, etc.) avera",scraped_from_ilcd
318e9a40-6262-46e5-b934-6b568eb5e724,,metals,processes/318e9a40-6262-46e5-b934-6b568eb5e724.xml,1,kg,EE,metals,,,"Foreground system:
The hydro power plant model consists of three sub-models: These sub-models are: ",scraped_from_ilcd
b497baaf-f247-4fba-8a4d-c85e0d1353f6,,metals,processes/b497baaf-f247-4fba-8a4d-c85e0d1353f6.xml,1,kg,RNA,metals,,,"Foreground system:
Petroleum refineries are complex plants. The combination and sequence of a large",scraped_from_ilcd
6db6eb11-a647-4818-970b-fbe1e5d2a990,,metals,processes/6db6eb11-a647-4818-970b-fbe1e5d2a990.xml,1,kg,LV,metals,,,"Foreground system:
The electricity is either produced in a heavy fuel oil (HFO) specific power plan",scraped_from_ilcd
7e58d44e-3a58-4976-99cb-5796481beee9,,metals,processes/7e58d44e-3a58-4976-99cb-5796481beee9.xml,1,kg,BR,metals,,,"Foreground system:
The electricity is either produced in a hard coal specific power plants and/or c",scraped_from_ilcd
917d6481-a7a5-42ca-bd66-6b32964ad1ea,,metals,processes/917d6481-a7a5-42ca-bd66-6b32964ad1ea.xml,1,kg,EU+EFTA+UK,metals,,,"Foreground system:
The data set represents a typical municipal waste landfill with surface and basi",scraped_from_ilcd
43b90722-8311-4c8d-8858-53169fc139bb,,metals,processes/43b90722-8311-4c8d-8858-53169fc139bb.xml,1,kg,RAF,metals,,,"Foreground system:
The Sphera landfill model is adapted to the region of this dataset by using info",scraped_from_ilcd
ef_c5459a8f,,metals,processes/ef_c5459a8f.xml,1,kg,EU+EFTA+UK,metals,,,Most commonly used iron are dry irons and steam irons. Steam irons can also be used for dry ironing.,scraped_from_ilcd
cd9eaef5-79c4-4b6e-8ac5-843a809aa3c8,,metals,processes/cd9eaef5-79c4-4b6e-8ac5-843a809aa3c8.xml,1,kg,LT,metals,,,"Foreground system:
The model comprises the production of electricity from a mix of pressure water (",scraped_from_ilcd
305a7f71-d27c-40bb-b62f-42c00b68cc11,,metals,processes/305a7f71-d27c-40bb-b62f-42c00b68cc11.xml,1,kg,LU,metals,,,"Foreground system:
The national or regional specific electricity consumption mix is provided by the",scraped_from_ilcd
43af5012-50d3-4db2-9651-b860ab8ca5a5,,metals,processes/43af5012-50d3-4db2-9651-b860ab8ca5a5.xml,1,kg,EE,metals,,,"Foreground system:
The national or regional specific electricity consumption mix is provided by the",scraped_from_ilcd
130d47d5-9c93-4f11-9ddc-095f6e30c9cb,,metals,processes/130d47d5-9c93-4f11-9ddc-095f6e30c9cb.xml,1,kg,IT,metals,,,"Foreground system:
The electricity is either produced in a biogas specific power plants and/or comb",scraped_from_ilcd
9d80b313-dc25-53e5-9b13-0874eafd2dc0,,metals,processes/9d80b313-dc25-53e5-9b13-0874eafd2dc0.xml,1,kg,EU+EFTA+UK,metals,,,Most commonly used iron are dry irons and steam irons. Steam irons can also be used for dry ironing.,scraped_from_ilcd
8db1318e-9c96-4a0c-8113-ee7365768830,,metals,processes/8db1318e-9c96-4a0c-8113-ee7365768830.xml,1,kg,GR,metals,,,"Foreground system:
The electricity is either produced in a biogas specific power plants and/or comb",scraped_from_ilcd
945f1132-fa20-457e-a38a-c46852e8146e,,metals,processes/945f1132-fa20-457e-a38a-c46852e8146e.xml,1,kg,CZ,metals,,,"Foreground system:
The model comprises the production of electricity from a mix of pressure water (",scraped_from_ilcd
91b6891e-5183-4578-9e3e-71001c5c424c,,metals,processes/91b6891e-5183-4578-9e3e-71001c5c424c.xml,1,kg,EU+EFTA+UK,metals,,,"Foreground system:

Fiber production
A fiber is produced by melting and continual extrusion of th",scraped_from_ilcd
ee214472-df66-526b-a6db-1fd9e438f8fd,,metals,processes/ee214472-df66-526b-a6db-1fd9e438f8fd.xml,1,kg,IN,metals,,,The environmental impact cotton fibre includes cultivation and delintint the Seed cotton. The ginnin,scraped_from_ilcd
1b12fb23-f471-434e-af3d-0d09698d5584,,metals,processes/1b12fb23-f471-434e-af3d-0d09698d5584.xml,1,kg,AT,metals,,,"Foreground system:
The electricity is either produced in a coal gas specific power plants and/or co",scraped_from_ilcd
eb3db3a8-376d-55da-8c1a-9d8a5e5da1ad,,metals,processes/eb3db3a8-376d-55da-8c1a-9d8a5e5da1ad.xml,1,kg,GLO,metals,,,"The recycling yield is 98%, therefore a waste cotton input of 1.02 kg has to be added.",scraped_from_ilcd
3151cec9-b18f-5c19-9c39-b3f16c9edb35,,metals,processes/3151cec9-b18f-5c19-9c39-b3f16c9edb35.xml,1,kg,GLO,metals,,,Wet-white metal tanning refers to a variety of processes that avoid the use of chromium. Substitutes,scraped_from_ilcd
b357097c-b099-4bf9-b327-ca9badfed426,,metals,processes/b357097c-b099-4bf9-b327-ca9badfed426.xml,1,kg,GLO,metals,,,"Foreground system:
The thermal energy is produced in biomass (solid) specific heat plants. Also con",scraped_from_ilcd
3d5645c2-22f8-4bab-9afd-4effacc5646d,,metals,processes/3d5645c2-22f8-4bab-9afd-4effacc5646d.xml,1,kg,EU+EFTA+UK,metals,,,"Foreground system:

HDPE production
The basis for the production of polyethylene is crude oil. Th",scraped_from_ilcd
c1f05376-ca0c-4e8c-90d4-30820073c4ac,,metals,processes/c1f05376-ca0c-4e8c-90d4-30820073c4ac.xml,1,kg,IT,metals,,,"Foreground system:
The electricity is either produced in a natural gasl specific power plants and/o",scraped_from_ilcd
076d7939-d892-4e12-a60c-ac5ba0db1f56,,metals,processes/076d7939-d892-4e12-a60c-ac5ba0db1f56.xml,1,kg,RNA,metals,,,"Foreground system:
Petroleum refineries are complex plants. The combination and sequence of a large",scraped_from_ilcd
8eda88c3-963d-441d-b175-b054cb4f5509,,metals,processes/8eda88c3-963d-441d-b175-b054cb4f5509.xml,1,kg,EU+EFTA+UK,metals,,,The average distance to the locations of the shredders in Europe is 1000 km. Therefore the parameter,scraped_from_ilcd
fb5dd0f2-6235-4641-be47-cdc852970e69,,metals,processes/fb5dd0f2-6235-4641-be47-cdc852970e69.xml,1,kg,CA,metals,,,"Foreground system:
The electricity is either produced in a biomass (solid) specific power plants an",scraped_from_ilcd
cd103922-0039-4e74-9bbd-490abf0e1943,,metals,processes/cd103922-0039-4e74-9bbd-490abf0e1943.xml,1,kg,IN,metals,,,"Foreground system:
The national or regional specific electricity consumption mix is provided by the",scraped_from_ilcd
7fd5da9a-699f-48a5-8406-7a65ea9a7f24,,metals,processes/7fd5da9a-699f-48a5-8406-7a65ea9a7f24.xml,1,kg,CA,metals,,,"Foreground system:
The electricity is either produced in a hard coal specific power plants and/or c",scraped_from_ilcd
8a4b4584-32a1-4cdc-b531-16234a9fcc26,,metals,processes/8a4b4584-32a1-4cdc-b531-16234a9fcc26.xml,1,kg,JP,metals,,,"Foreground system:
The country / region specific natural gas consumption mix, mix indigenous produc",scraped_from_ilcd
2f84a4f3-8da6-46de-b121-e22195357d28,,metals,processes/2f84a4f3-8da6-46de-b121-e22195357d28.xml,1,kg,CN,metals,,,"Foreground system:
Petroleum refineries are complex plants. The combination and sequence of a large",scraped_from_ilcd
58e6926c-87b3-4f19-b662-b6ce9668937e,,metals,processes/58e6926c-87b3-4f19-b662-b6ce9668937e.xml,1,kg,GLO,metals,,,"Foreground system:
In the foaming process, plastic is extruded, heated until it melts and mixed wit",scraped_from_ilcd
1f502998-53b1-45be-b7c7-f9d97cc0a3ff,,metals,processes/1f502998-53b1-45be-b7c7-f9d97cc0a3ff.xml,1,kg,RSA,metals,,,"Foreground system:
The electricity is either produced in a hard coal specific power plants and/or c",scraped_from_ilcd
8ee590fd-6684-4d23-b6e1-669dc72dfea6,,metals,processes/8ee590fd-6684-4d23-b6e1-669dc72dfea6.xml,1,kg,LV,metals,,,"Foreground system:
The residual mix is the grid attribute (emission, radioactive waste, etc.) avera",scraped_from_ilcd
f835dbd6-8271-462c-8e38-1ab2d9183f71,,metals,processes/f835dbd6-8271-462c-8e38-1ab2d9183f71.xml,1,kg,BG,metals,,,"Foreground system:
The national or regional specific electricity consumption mix is provided by the",scraped_from_ilcd
0609f160-3549-405d-be4d-7d105839f39c,,metals,processes/0609f160-3549-405d-be4d-7d105839f39c.xml,1,kg,DE,metals,,,"Foreground system:
The electricity is either produced in a hard coal specific power plants and/or c",scraped_from_ilcd
964d9e71-6c81-4e25-a137-a9d014581a6f,,metals,processes/964d9e71-6c81-4e25-a137-a9d014581a6f.xml,1,kg,AT,metals,,,"Foreground system:
The hydro power plant model consists of three sub-models: These sub-models are: ",scraped_from_ilcd
3018c133-7b95-412d-b6b8-050c958b52ea,,metals,processes/3018c133-7b95-412d-b6b8-050c958b52ea.xml,1,kg,EU+EFTA+UK,metals,,,"Foreground system:
Secondary aluminium is produced by remelting aluminium scrap. The scrap is clean",scraped_from_ilcd
01b2400a-8de4-4efb-b895-83c29f9461f4,,metals,processes/01b2400a-8de4-4efb-b895-83c29f9461f4.xml,1,kg,GLO,metals,,,"Foreground system:

Film extrusion process
The plastic granulate is plasticized in the extruder. ",scraped_from_ilcd
a54780f4-d2e9-55c6-a900-039c939ed365,,metals,processes/a54780f4-d2e9-55c6-a900-039c939ed365.xml,1,kg,KG,metals,,,The environmental impact cotton fibre includes cultivation and delintint the Seed cotton. The ginnin,scraped_from_ilcd
b9a61061-3c61-48f2-a673-e8b13fbc58ef,,metals,processes/b9a61061-3c61-48f2-a673-e8b13fbc58ef.xml,1,kg,EU+EFTA+UK,metals,,,The average distance to the locations of the shredders in Europe is 1000 km. Therefore the parameter,scraped_from_ilcd
ebfb4abc-38df-42fc-b1eb-c05f79fcfbb2,,metals,processes/ebfb4abc-38df-42fc-b1eb-c05f79fcfbb2.xml,1,kg,EU+EFTA+UK,metals,,,"Foreground system:
While a portion of demand can be met by further distilling isobutane from the ot",scraped_from_ilcd
d2c91901-d8c4-47d6-9cc8-4aa59c4add3b,,metals,processes/d2c91901-d8c4-47d6-9cc8-4aa59c4add3b.xml,1,kg,NL,metals,,,"Foreground system:
The electricity is either produced in a heavy fuel oil (HFO) specific power plan",scraped_from_ilcd
a35859da-26e7-4b8c-93cb-e5ce1ec45936,,metals,processes/a35859da-26e7-4b8c-93cb-e5ce1ec45936.xml,1,kg,GLO,metals,,,"Foreground system:
Mining: Vermiculite mines are surface operations where ore is separated from oth",scraped_from_ilcd
9cb1aa74-c567-4f5e-8e04-c4d49f02cff2,,metals,processes/9cb1aa74-c567-4f5e-8e04-c4d49f02cff2.xml,1,kg,GR,metals,,,"Foreground system:
The hydro power plant model consists of three sub-models: These sub-models are: ",scraped_from_ilcd
a7d1c7c0-f51d-4857-a16e-6f3f173566c4,,metals,processes/a7d1c7c0-f51d-4857-a16e-6f3f173566c4.xml,1,kg,GLO,metals,,,"Foreground system:

Collection and sorting:
The waste is collected, the steel fraction is taken o",scraped_from_ilcd
75a52097-c1bf-4392-b47a-f1888994c569,,metals,processes/75a52097-c1bf-4392-b47a-f1888994c569.xml,1,kg,ROC,metals,,,"Foreground system:
The Sphera landfill model is adapted to the region of this dataset by using info",scraped_from_ilcd
37c5dde7-4882-4749-8a85-024060368ca3,,metals,processes/37c5dde7-4882-4749-8a85-024060368ca3.xml,1,kg,RAS w/o CN,metals,,,"Foreground system:
The hydro power plant model consists of three sub-models: These sub-models are: ",scraped_from_ilcd
808e9009-db29-453b-abbb-8c5f93182731,,metals,processes/808e9009-db29-453b-abbb-8c5f93182731.xml,1,kg,RNA,metals,,,"Foreground system:
The paper waste is collected and transported to the recycling plant. The materia",scraped_from_ilcd
700f49c2-a6d0-4577-85e6-3afa3ae4d162,,metals,processes/700f49c2-a6d0-4577-85e6-3afa3ae4d162.xml,1,kg,GLO,metals,,,"Foreground system:
Wood consists of cellulose, hemicellulose and lignin. In contrast to cellulose, ",scraped_from_ilcd
eb6c15a5-abcd-4d1a-ab7f-fb1cc364a130,,metals,processes/eb6c15a5-abcd-4d1a-ab7f-fb1cc364a130.xml,1,kg,EU+EFTA+UK,metals,,,"Foreground system:
The basis for the production of polypropylene is crude oil. Polypropylene is pol",scraped_from_ilcd
ad9119f2-914d-4ce7-be23-991ef363bdee,,metals,processes/ad9119f2-914d-4ce7-be23-991ef363bdee.xml,1,kg,CY,metals,,,"Foreground system:
The national or regional specific electricity consumption mix is provided by the",scraped_from_ilcd
f25fc2eb-5d99-4fbe-9032-43a7a04ec81b,,metals,processes/f25fc2eb-5d99-4fbe-9032-43a7a04ec81b.xml,1,kg,IN,metals,,,"Foreground system:
The hydro power plant model consists of three sub-models: These sub-models are: ",scraped_from_ilcd
0c9e535a-38d2-497d-b672-eff8ee682acd,,metals,processes/0c9e535a-38d2-497d-b672-eff8ee682acd.xml,1,kg,FR,metals,,,"Foreground system:
The electricity is either produced in a hard coal specific power plants and/or c",scraped_from_ilcd
b48b2818-102a-4b17-9bc2-538d0f358e45,,metals,processes/b48b2818-102a-4b17-9bc2-538d0f358e45.xml,1,kg,FI,metals,,,"Foreground system:
The electricity is either produced in a biomass (solid) specific power plants an",scraped_from_ilcd
58b135a6-c11b-4d43-bd63-3a34045a8999,,metals,processes/58b135a6-c11b-4d43-bd63-3a34045a8999.xml,1,kg,RSA,metals,,,"Foreground system:
The hydro power plant model consists of three sub-models: These sub-models are: ",scraped_from_ilcd
576c7786-c4bb-4cdc-af89-425624cbe736,,metals,processes/576c7786-c4bb-4cdc-af89-425624cbe736.xml,1,kg,ROW,metals,,,"Foreground system:
First continuous casting takes place whereby the liquid steel is cast in continu",scraped_from_ilcd
31d05174-8ad3-49cf-8088-d9061b566b43,,metals,processes/31d05174-8ad3-49cf-8088-d9061b566b43.xml,1,kg,EU+EFTA+UK,metals,,,The dataset describes the production of a wellboat made of steel with a defined size and a defined c,scraped_from_ilcd
c7ae50c6-37e1-5333-889f-446c19b259b7,,metals,processes/c7ae50c6-37e1-5333-889f-446c19b259b7.xml,1,kg,EU+EFTA+UK,metals,,,Most commonly used iron are dry irons and steam irons. Steam irons can also be used for dry ironing.,scraped_from_ilcd
561afba3-dcb8-4c3d-93f3-8d8c1c43badc,,metals,processes/561afba3-dcb8-4c3d-93f3-8d8c1c43badc.xml,1,kg,EU+EFTA+UK,metals,,,"Foreground system:
The Sphera landfill model is adapted to the region of this dataset by using info",scraped_from_ilcd
cca70324-2c82-4594-a8ea-c7623609d290,,metals,processes/cca70324-2c82-4594-a8ea-c7623609d290.xml,1,kg,GLO,metals,,,"Foreground system:
Gallium is produced as a by- product out of the Bayer- Process producing alumini",scraped_from_ilcd
f3f73240-1b92-462f-b9c3-25ae40eca19c,,metals,processes/f3f73240-1b92-462f-b9c3-25ae40eca19c.xml,1,kg,EU+EFTA+UK,metals,,,"Foreground system:
Calendering is a process where plastic is passed through a series of rolls to sm",scraped_from_ilcd
d1e56170-046d-4d17-a349-f5fbb9258eb8,,metals,processes/d1e56170-046d-4d17-a349-f5fbb9258eb8.xml,1,kg,GLO,metals,,,"Foreground system:
Mining: Vermiculite mines are surface operations where ore is separated from oth",scraped_from_ilcd
72b8c59b-044b-448c-a495-bcd541db82c7,,metals,processes/72b8c59b-044b-448c-a495-bcd541db82c7.xml,1,kg,EU+EFTA+UK,metals,,,"Foreground system:
The data set represents a typical municipal waste landfill with surface and basi",scraped_from_ilcd
1e96df1c-0a73-4d57-a3d8-7ab45ba9d8ef,,metals,processes/1e96df1c-0a73-4d57-a3d8-7ab45ba9d8ef.xml,1,kg,GLO,metals,,,"Foreground system:
The process accounted here is the mining of copper ore and the concentration of ",scraped_from_ilcd
7e9c38fe-542e-4d9e-ab74-2c9fa62f9318,,metals,processes/7e9c38fe-542e-4d9e-ab74-2c9fa62f9318.xml,1,kg,GR,metals,,,"Foreground system:
The residual mix is the grid attribute (emission, radioactive waste, etc.) avera",scraped_from_ilcd
99fb7b5a-b681-40ea-9ccb-7b54b336d23c,,metals,processes/99fb7b5a-b681-40ea-9ccb-7b54b336d23c.xml,1,kg,DE,metals,,,"Foreground system:									
The national or regional specific electricity consumption mix is provid",scraped_from_ilcd
f8e0b279-ec44-5cc6-9c5c-b5a7c1ab1fe5,,metals,processes/f8e0b279-ec44-5cc6-9c5c-b5a7c1ab1fe5.xml,1,kg,ES,metals,,,"The recycling yield is 96%, therefore a waste cotton input of 1.042 kg has to be added.",scraped_from_ilcd
ef68e9e4-56ee-4c05-b567-65e27d8bcc07,,metals,processes/ef68e9e4-56ee-4c05-b567-65e27d8bcc07.xml,1,kg,EU+EFTA+UK,metals,,,"Foreground system:
The common raw material for aluminium production, bauxite is composed primarily ",scraped_from_ilcd
c649720c-0fdb-418c-b67c-b8a12687ddce,,metals,processes/c649720c-0fdb-418c-b67c-b8a12687ddce.xml,1,kg,RSA,metals,,,"Foreground system:
The Sphera landfill model is adapted to the region of this dataset by using info",scraped_from_ilcd
c42c1f3f-0578-4c70-99e9-4ada77da3624,,metals,processes/c42c1f3f-0578-4c70-99e9-4ada77da3624.xml,1,kg,AU,metals,,,"Foreground system:
The electricity is either produced in a biogas specific power plants and/or comb",scraped_from_ilcd
6af14cd2-fd8b-408c-a149-849b0d10c195,,metals,processes/6af14cd2-fd8b-408c-a149-849b0d10c195.xml,1,kg,EU+EFTA+UK,metals,,,"Foreground system:
The country / region specific natural gas consumption mix, mix indigenous produc",scraped_from_ilcd
e802abf1-90a4-4a1c-9ef4-447c5848cf46,,metals,processes/e802abf1-90a4-4a1c-9ef4-447c5848cf46.xml,1,kg,PL,metals,,,"Foreground system:
The hydro power plant model consists of three sub-models: These sub-models are: ",scraped_from_ilcd
75822513-003d-402c-8509-b084edb491d8,,metals,processes/75822513-003d-402c-8509-b084edb491d8.xml,1,kg,RSA,metals,,,"Foreground system:
The Sphera landfill model is adapted to the region of this dataset by using info",scraped_from_ilcd
6e7622fe-08ff-51ff-b1d1-ee05340e1703,,metals,processes/6e7622fe-08ff-51ff-b1d1-ee05340e1703.xml,1,kg,SE,metals,,,Sawdust is produced as a by-product of wood sawing. The sawdust is stored and transported within the,scraped_from_ilcd
2933da01-134e-4dee-ba7a-e40a5cb62e0b,,metals,processes/2933da01-134e-4dee-ba7a-e40a5cb62e0b.xml,1,kg,ROW,metals,,,"Foreground system:
Steel scrap and alloy components are melted in an electric furnace and afterward",scraped_from_ilcd
94876d30-88b3-49cd-a886-0c13bb8dac85,,metals,processes/94876d30-88b3-49cd-a886-0c13bb8dac85.xml,1,kg,GLO,metals,,,"Foreground system:
With the process metal sheets are stamped and folded, the material offcut is wit",scraped_from_ilcd
8d9c3fa7-68a0-42cf-bef6-b630bea088c5,,metals,processes/8d9c3fa7-68a0-42cf-bef6-b630bea088c5.xml,1,kg,EU+EFTA+UK,metals,,,"Foreground system:
Cables consist of insulated wire cores, which may either be fused together (in t",scraped_from_ilcd
731132b4-6114-46f2-b13a-09f1beef1c25,,metals,processes/731132b4-6114-46f2-b13a-09f1beef1c25.xml,1,kg,EU+EFTA+UK,metals,,,"Foreground system:
The box is produced by EPS beads moulding.
Expandable Polystyrene (EPS) is prod",scraped_from_ilcd
7c2cd08a-3b9a-43d9-9eba-b57d32bbf0b1,,metals,processes/7c2cd08a-3b9a-43d9-9eba-b57d32bbf0b1.xml,1,kg,DE,metals,,,"Foreground system:
The electricity is either produced in a lignite specific power plants and/or com",scraped_from_ilcd
0cbe5ee6-6bc0-4fdd-b9e6-43cc301e55cf,,metals,processes/0cbe5ee6-6bc0-4fdd-b9e6-43cc301e55cf.xml,1,kg,JP,metals,,,"Foreground system:
Petroleum refineries are complex plants. The combination and sequence of a large",scraped_from_ilcd
77cd43d1-9084-4077-8f91-57bdafde4756,,metals,processes/77cd43d1-9084-4077-8f91-57bdafde4756.xml,1,kg,EU+EFTA+UK,metals,,,The average distance to the locations of the shredders in Europe is 1000 km. Therefore the parameter,scraped_from_ilcd
ae18fcea-cfcc-4b1b-b758-5c5eb7cb08e5,,metals,processes/ae18fcea-cfcc-4b1b-b758-5c5eb7cb08e5.xml,1,kg,EU+EFTA+UK,metals,,,"Foreground system:
Coke is produced in a coke oven. The coke oven is one process within an integrat",scraped_from_ilcd
a71e316a-04e6-48b7-8b76-69fc214c6d5a,,metals,processes/a71e316a-04e6-48b7-8b76-69fc214c6d5a.xml,1,kg,CZ,metals,,,"Foreground system:
The national or regional specific electricity consumption mix is provided by the",scraped_from_ilcd
c6e94a33-e80d-4cb0-8da3-c0f2fafbd82d,,metals,processes/c6e94a33-e80d-4cb0-8da3-c0f2fafbd82d.xml,1,kg,RAS,metals,,,"Foreground system:

1. Rape seed oil methyl ester (RME)
The intensive cultivation of winter rape-",scraped_from_ilcd
6ba9717f-07bb-57d3-bc96-da24aa29c3c0,,metals,processes/6ba9717f-07bb-57d3-bc96-da24aa29c3c0.xml,1,kg,GLO,metals,,,The process starts by making a bath or water with liquor ratio of 1:20 in a sealed stainless steel t,scraped_from_ilcd
9a70c7ca-daa8-52f8-9df5-bb492e8a49e0,,metals,processes/9a70c7ca-daa8-52f8-9df5-bb492e8a49e0.xml,1,kg,GLO,metals,,,Wet-white metal tanning refers to a variety of processes that avoid the use of chromium. Substitutes,scraped_from_ilcd
8deaf1ec-f7d2-4e58-95d9-278adeb27e0e,,metals,processes/8deaf1ec-f7d2-4e58-95d9-278adeb27e0e.xml,1,kg,EU+EFTA+UK,metals,,,The average distance to the locations of the shredders in Europe is 1000 km. Therefore the parameter,scraped_from_ilcd
104038e4-98ae-4696-9568-36abcdbbed3a,,metals,processes/104038e4-98ae-4696-9568-36abcdbbed3a.xml,1,kg,EU+EFTA+UK,metals,,,"Foreground system:
Aluminium casting is carried out by using secondary aluminium (from remelting al",scraped_from_ilcd
f6b9db22-1e6c-47ca-9776-13b139371bf8,,metals,processes/f6b9db22-1e6c-47ca-9776-13b139371bf8.xml,1,kg,RSA,metals,,,"Foreground system:
The model comprises the production of electricity from a mix of pressure water (",scraped_from_ilcd
325da835-94ae-4e66-a0d3-9904c9f4aef9,,metals,processes/325da835-94ae-4e66-a0d3-9904c9f4aef9.xml,1,kg,RAS w/o CN,metals,,,"Foreground system:
The electricity is either produced in a coal gas specific power plants and/or co",scraped_from_ilcd
59db18be-765a-4a05-b8ee-d5b85601b709,,metals,processes/59db18be-765a-4a05-b8ee-d5b85601b709.xml,1,kg,GR,metals,,,"Foreground system:
The data set includes an average onshore and offshore wind model. The following ",scraped_from_ilcd
008412a6-515a-46e8-a89f-dff0ddf22b8f,,metals,processes/008412a6-515a-46e8-a89f-dff0ddf22b8f.xml,1,kg,EU+EFTA+UK,metals,,,"Foreground system:
The production process of wood starts with biological production of wood within ",scraped_from_ilcd
cfecf535-a658-5d3f-bdb3-76b981d7ddab,,metals,processes/cfecf535-a658-5d3f-bdb3-76b981d7ddab.xml,1,kg,KG,metals,,,The environmental impact cotton fibre includes cultivation and delintint the Seed cotton. The ginnin,scraped_from_ilcd
744110bc-7800-4a25-8ab6-dbbd414facab,,metals,processes/744110bc-7800-4a25-8ab6-dbbd414facab.xml,1,kg,RU,metals,,,"Foreground system:
The electricity is either produced in a natural gasl specific power plants and/o",scraped_from_ilcd
1eae4a2f-faa6-4b81-8968-e0e23d18d2c7,,metals,processes/1eae4a2f-faa6-4b81-8968-e0e23d18d2c7.xml,1,kg,CZ,metals,,,"Foreground system:
The electricity is either produced in a heavy fuel oil (HFO) specific power plan",scraped_from_ilcd
4b4f01f5-05bd-433b-96c5-73242a04127d,,metals,processes/4b4f01f5-05bd-433b-96c5-73242a04127d.xml,1,kg,EU+EFTA+UK,metals,,,"Foreground system:
During the washing and stamping processes 60% of the cork occurs as cuttings. Th",scraped_from_ilcd
49a460c3-e85e-4a3a-abb4-e098d6786510,,metals,processes/49a460c3-e85e-4a3a-abb4-e098d6786510.xml,1,kg,EU+EFTA+UK,metals,,,"Foreground system:
The data set represents a typical municipal waste landfill with surface and basi",scraped_from_ilcd
7bd54804-bcc4-4093-94e4-38e4facd4900,,metals,processes/7bd54804-bcc4-4093-94e4-38e4facd4900.xml,1,kg,EU+EFTA+UK,metals,,,"Foreground system:
The metal waste is collected and transported to the recycling plant. The materia",scraped_from_ilcd
e3c43217-9dbd-4ea4-b5b0-2795d9725500,,metals,processes/e3c43217-9dbd-4ea4-b5b0-2795d9725500.xml,1,kg,GLO,metals,,,"Foreground system:
Bauxite ore is the primary raw material source for the aluminium production. Alu",scraped_from_ilcd
78de999e-a301-4763-b205-b3bbe691fb69,,metals,processes/78de999e-a301-4763-b205-b3bbe691fb69.xml,1,kg,GLO,metals,,,"Foreground system:
The dataset describes the construction of a reinforced concrete frame used for b",scraped_from_ilcd
1b99d809-b84b-4e4e-8631-8d009e7f3a17,,metals,processes/1b99d809-b84b-4e4e-8631-8d009e7f3a17.xml,1,kg,PT,metals,,,"Foreground system:
The electricity is either produced in a biomass (solid) specific power plants an",scraped_from_ilcd
cc83291e-2759-4fbd-b2ef-d341be59414c,,metals,processes/cc83291e-2759-4fbd-b2ef-d341be59414c.xml,1,kg,IE,metals,,,"Foreground system:
The electricity is either produced in a hard coal specific power plants and/or c",scraped_from_ilcd
f8d2db96-ff39-4b61-8701-79a28e675bb2,,metals,processes/f8d2db96-ff39-4b61-8701-79a28e675bb2.xml,1,kg,RAF,metals,,,"Foreground system:
Petroleum refineries are complex plants. The combination and sequence of a large",scraped_from_ilcd
68063d30-140c-4088-9058-1105a4fa8244,,metals,processes/68063d30-140c-4088-9058-1105a4fa8244.xml,1,kg,ES,metals,,,"Foreground system:
The electricity is either produced in a coal gas specific power plants and/or co",scraped_from_ilcd
9ec2e890-9550-5503-a80a-dff6d6e98e14,,metals,processes/9ec2e890-9550-5503-a80a-dff6d6e98e14.xml,1,kg,EU+EFTA+UK,metals,,,Most commonly used iron are dry irons and steam irons. Steam irons can also be used for dry ironing.,scraped_from_ilcd
8f55cb68-5c27-5359-affb-31d37e15356e,,metals,processes/8f55cb68-5c27-5359-affb-31d37e15356e.xml,1,kg,EG,metals,,,The environmental impact cotton fibre includes cultivation and delintint the Seed cotton. The ginnin,scraped_from_ilcd
20ae37ad-0352-4b73-a532-084320a7abf2,,metals,processes/20ae37ad-0352-4b73-a532-084320a7abf2.xml,1,kg,SK,metals,,,"Foreground system:
The residual mix is the grid attribute (emission, radioactive waste, etc.) avera",scraped_from_ilcd
c5913555-dcb1-4ddc-95bd-5cc4a6f893d4,,metals,processes/c5913555-dcb1-4ddc-95bd-5cc4a6f893d4.xml,1,kg,RNA,metals,,,"Foreground system:
The model represents the country specific mix of different types of biogas. Thre",scraped_from_ilcd
0da344d3-0f9f-55e5-939a-ef9deda58ae7,,metals,processes/0da344d3-0f9f-55e5-939a-ef9deda58ae7.xml,1,kg,FI,metals,,,Sawdust is produced as a by-product of wood sawing. The sawdust is stored and transported within the,scraped_from_ilcd
fccef65f-2a64-418d-9526-f47e82687d4c,,metals,processes/fccef65f-2a64-418d-9526-f47e82687d4c.xml,1,kg,RO,metals,,,"Foreground system:
The electricity is either produced in a hard coal specific power plants and/or c",scraped_from_ilcd
4ce14a5a-7548-4cd5-8319-c6829f527766,,metals,processes/4ce14a5a-7548-4cd5-8319-c6829f527766.xml,1,kg,RoW,metals,,,"Foreground system:
The process steam is produced in biomass (solid) specific heat plants. Also cons",scraped_from_ilcd
4aef3596-c0f8-492e-a8b9-e1669c54f889,,metals,processes/4aef3596-c0f8-492e-a8b9-e1669c54f889.xml,1,kg,EU+EFTA+UK,metals,,,"Foreground system:
The basis for the production of polyethylene is crude oil. There are a few proce",scraped_from_ilcd
28c979ed-7f01-48c7-b318-3dc715072e09,,metals,processes/28c979ed-7f01-48c7-b318-3dc715072e09.xml,1,kg,ROC,metals,,,"Foreground system:
The Sphera landfill model is adapted to the region of this dataset by using info",scraped_from_ilcd
f1f854d4-91df-4167-8bf1-e1853ca8be15,,metals,processes/f1f854d4-91df-4167-8bf1-e1853ca8be15.xml,1,kg,GLO,metals,,,"Foreground system:
The mineral is transported from the mine to the crushing plant and grinded under",scraped_from_ilcd
01196227-0627-440c-9f2f-94b8f1e7d1ad,,metals,processes/01196227-0627-440c-9f2f-94b8f1e7d1ad.xml,1,kg,EU+EFTA+UK,metals,,,"Foreground system:
The data set represents a typical municipal waste landfill with surface and basi",scraped_from_ilcd
976a4c46-d2e5-4607-838a-4138e9a6c470,,metals,processes/976a4c46-d2e5-4607-838a-4138e9a6c470.xml,1,kg,RU,metals,,,"Foreground system:
The national or regional specific electricity consumption mix is provided by the",scraped_from_ilcd
6581b003-21a0-4929-8107-27c427743118,,metals,processes/6581b003-21a0-4929-8107-27c427743118.xml,1,kg,CN,metals,,,"Foreground system:
The electricity is either produced in a biomass (solid) specific power plants an",scraped_from_ilcd
c6e308c9-61d4-461f-9cee-9f80fcb18f36,,metals,processes/c6e308c9-61d4-461f-9cee-9f80fcb18f36.xml,1,kg,SK,metals,,,"Foreground system:
The electricity is either produced in a biogas specific power plants and/or comb",scraped_from_ilcd
2c42b213-0e00-4d8f-8a02-bda8c3f9b652,,metals,processes/2c42b213-0e00-4d8f-8a02-bda8c3f9b652.xml,1,kg,EU+EFTA+UK,metals,,,"Foreground system:
This data set covers all relevant inputs and outputs from the treatment of incom",scraped_from_ilcd
c8e8466e-fd97-4627-8e71-cbfd3cad0b7e,,metals,processes/c8e8466e-fd97-4627-8e71-cbfd3cad0b7e.xml,1,kg,EU+EFTA+UK,metals,,,"Foreground system:
The reported process extrudes plastic in a first step, a plastic part is then pr",scraped_from_ilcd
ea180e02-7425-405f-a6e6-3bace70f0aac,,metals,processes/ea180e02-7425-405f-a6e6-3bace70f0aac.xml,1,kg,CZ,metals,,,"Foreground system:
The electricity is either produced in a coal gas specific power plants and/or co",scraped_from_ilcd
1c64c9aa-d8b4-5bb2-9365-adad4c790113,,metals,processes/1c64c9aa-d8b4-5bb2-9365-adad4c790113.xml,1,kg,AU,metals,,,The environmental impact cotton fibre includes cultivation and delintint the Seed cotton. The ginnin,scraped_from_ilcd
10b2f4d0-695f-472c-9d44-f10530f6ad9c,,metals,processes/10b2f4d0-695f-472c-9d44-f10530f6ad9c.xml,1,kg,GLO,metals,,,"Foreground system:
The life cycle assessment of sand and gravel covers the quarring of stone and it",scraped_from_ilcd
2d4fe750-8f4c-508d-af57-473fe47e54db,,metals,processes/2d4fe750-8f4c-508d-af57-473fe47e54db.xml,1,kg,GLO,metals,,,"Metal button production data covers brass raw material and its shaping processes. During production,",scraped_from_ilcd
c56ca94e-2bf4-4990-8bed-2d361201b5ef,,metals,processes/c56ca94e-2bf4-4990-8bed-2d361201b5ef.xml,1,kg,GLO,metals,,,"Foreground system:
This dataset comprises the production and End- of- Life of a multi- tunnel green",scraped_from_ilcd
43397385-3094-438e-b636-476767b88114,,metals,processes/43397385-3094-438e-b636-476767b88114.xml,1,kg,EU+EFTA+UK,metals,,,"Foreground system:
Natural cork is produced via the natural growing mechanism of cork oaks. Compare",scraped_from_ilcd
7514382c-5d30-58f3-9dec-4f76ac9fe922,,metals,processes/7514382c-5d30-58f3-9dec-4f76ac9fe922.xml,1,kg,GLO,metals,,,"It is a method of stretching, shrinking and fixing the woven cloth in both length and width before c",scraped_from_ilcd
a7592c31-fe68-4cb6-b001-a69f835880d3,,metals,processes/a7592c31-fe68-4cb6-b001-a69f835880d3.xml,1,kg,GLO,metals,,,"Foreground system:
80% of the mining takes place underground and 20% in open cast operations. Typic",scraped_from_ilcd
e1af997c-8f53-5a03-954c-ca39cee16a79,,metals,processes/e1af997c-8f53-5a03-954c-ca39cee16a79.xml,1,kg,GLO,metals,,,Even-aged forests of oaks are used for cork plantations and shadow for cattle and goats. Cork harves,scraped_from_ilcd
1170395d-ff65-5195-88be-280907f633ea,,metals,processes/1170395d-ff65-5195-88be-280907f633ea.xml,1,kg,GLO,metals,,,Wet-white metal-free tanning – a variety of tanning techniques that avoid the use of chromium or hea,scraped_from_ilcd
6f06614d-fd12-4072-89ff-909caf1d744f,,metals,processes/6f06614d-fd12-4072-89ff-909caf1d744f.xml,1,kg,GLO,metals,,,"Foreground system:
The data set represents the diesel consumption of a construction machine includi",scraped_from_ilcd
34cf036a-7e2a-47f3-8c0b-298ff7a37dd3,,metals,processes/34cf036a-7e2a-47f3-8c0b-298ff7a37dd3.xml,1,kg,EU+EFTA+UK,metals,,,The average distance to the locations of the shredders in Europe is 1000 km. Therefore the parameter,scraped_from_ilcd
c42d8137-ebaa-4ae1-8639-f7811f0d8b00,,metals,processes/c42d8137-ebaa-4ae1-8639-f7811f0d8b00.xml,1,kg,IN,metals,,,"Foreground system:
Petroleum refineries are complex plants. The combination and sequence of a large",scraped_from_ilcd
fc8ebe71-a852-4cc1-8fba-f640b8bbd02d,,metals,processes/fc8ebe71-a852-4cc1-8fba-f640b8bbd02d.xml,1,kg,GLO,metals,,,"Foreground system:
The laser cutter generates a high- power laser jet which is strong enough to mel",scraped_from_ilcd
5892689e-0d7b-40ee-af5c-63bf263e238c,,metals,processes/5892689e-0d7b-40ee-af5c-63bf263e238c.xml,1,kg,CN,metals,,,"Foreground system:
The data set includes an average onshore and offshore wind model. The following ",scraped_from_ilcd
32bccf4c-5988-4bcb-8643-06c63a942a82,,metals,processes/32bccf4c-5988-4bcb-8643-06c63a942a82.xml,1,kg,GLO,metals,,,"Foreground system:
This data set describes the environmental inventory of the  ferro-nickel product",scraped_from_ilcd
be844122-c9d9-4691-b5ef-52316d1d563d,,metals,processes/be844122-c9d9-4691-b5ef-52316d1d563d.xml,1,kg,GLO,metals,,,"Foreground system:
Wood consists of cellulose, hemicellulose and lignin. In contrast to cellulose, ",scraped_from_ilcd
546dc9b6-3ba0-42be-b422-cd164024589b,,metals,processes/546dc9b6-3ba0-42be-b422-cd164024589b.xml,1,kg,ROC,metals,,,"Foreground system:
The Sphera landfill model is adapted to the region of this dataset by using info",scraped_from_ilcd
bec24b54-2ee5-41d3-8cb6-beac6797bfd8,,metals,processes/bec24b54-2ee5-41d3-8cb6-beac6797bfd8.xml,1,kg,BR,metals,,,"Foreground system:
The electricity is either produced in a lignite specific power plants and/or com",scraped_from_ilcd
01efe711-d340-4ff4-9f7e-3bb47ac3ee9a,,metals,processes/01efe711-d340-4ff4-9f7e-3bb47ac3ee9a.xml,1,kg,GLO,metals,,,"Foreground system:
The process accounted here is the mining of copper ore and the concentration of ",scraped_from_ilcd
7fa13e45-2521-46ed-99b6-fc783ef25d28,,metals,processes/7fa13e45-2521-46ed-99b6-fc783ef25d28.xml,1,kg,IN,metals,,,"Foreground system:
Petroleum refineries are complex plants. The combination and sequence of a large",scraped_from_ilcd
6740c326-3e06-44e9-9aee-bcb4802b141a,,metals,processes/6740c326-3e06-44e9-9aee-bcb4802b141a.xml,1,kg,EU+EFTA+UK,metals,,,The average distance to the locations of the shredders in Europe is 1000 km. Therefore the parameter,scraped_from_ilcd
80689a01-c6a0-5e3a-9833-fa8d972d4891,,metals,processes/80689a01-c6a0-5e3a-9833-fa8d972d4891.xml,1,kg,GLO,metals,,,"Metal shoe eyelet production covers brass material production and its metal works.

Global waste col",scraped_from_ilcd
0ab6b6f1-df56-5413-8284-5232d591695b,,metals,processes/0ab6b6f1-df56-5413-8284-5232d591695b.xml,1,kg,GLO,metals,,,Wet-white metal-free tanning – a variety of tanning techniques that avoid the use of chromium or hea,scraped_from_ilcd
43c01e16-695f-565f-bb5d-1ff21bbc0d9a,,metals,processes/43c01e16-695f-565f-bb5d-1ff21bbc0d9a.xml,1,kg,EU+EFTA+UK,metals,,,Most commonly used iron are dry irons and steam irons. Steam irons can also be used for dry ironing.,scraped_from_ilcd
7cc3d13c-07b0-4762-b2a1-9edd20260762,,metals,processes/7cc3d13c-07b0-4762-b2a1-9edd20260762.xml,1,kg,NL,metals,,,"Foreground system:
The electricity is either produced in a coal gas specific power plants and/or co",scraped_from_ilcd
7c09188c-3f6d-4421-8016-4697a2853964,,metals,processes/7c09188c-3f6d-4421-8016-4697a2853964.xml,1,kg,RAF,metals,,,"Foreground system:
Petroleum refineries are complex plants. The combination and sequence of a large",scraped_from_ilcd
ff8a12ef-d399-40e4-ba3d-2a74d0890c49,,metals,processes/ff8a12ef-d399-40e4-ba3d-2a74d0890c49.xml,1,kg,GLO w/o EU+EFTA+UK,metals,,,"Foreground system:
Essential raw materials for Styrene-butadiene-rubber (SBR) production are styren",scraped_from_ilcd
cd75a672-c197-5035-b5e6-03fe376791df,,metals,processes/cd75a672-c197-5035-b5e6-03fe376791df.xml,1,kg,IT,metals,,,"System boundaries include olive farming, olive oil extraction with pomace as a co-product and pomace",scraped_from_ilcd
265c7e3c-1424-4365-aac9-b7d0beb38a15,,metals,processes/265c7e3c-1424-4365-aac9-b7d0beb38a15.xml,1,kg,LV,metals,,,"Foreground system:
The residual mix is the grid attribute (emission, radioactive waste, etc.) avera",scraped_from_ilcd
3e7cd195-257e-51a4-8c62-b15b409dbca0,,metals,processes/3e7cd195-257e-51a4-8c62-b15b409dbca0.xml,1,kg,FR,metals,,,"System boundaries include olive farming, olive oil extraction with pomace as a co-product and pomace",scraped_from_ilcd
3614191d-196d-49db-a0bc-60c5af128a88,,metals,processes/3614191d-196d-49db-a0bc-60c5af128a88.xml,1,kg,ROW,metals,,,"Foreground system:
For the steel production, a mix of the electric arc furnace route and the blast ",scraped_from_ilcd
898a9635-07f1-456e-95fe-14bb8b8ac00c,,metals,processes/898a9635-07f1-456e-95fe-14bb8b8ac00c.xml,1,kg,DE,metals,,,"Foreground system:
The model comprises the production of electricity from a mix of pressure water (",scraped_from_ilcd
35aef22e-6865-45a4-b2b7-a446edcd876a,,metals,processes/35aef22e-6865-45a4-b2b7-a446edcd876a.xml,1,kg,RSA,metals,,,"Foreground system:
The Sphera landfill model is adapted to the region of this dataset by using info",scraped_from_ilcd
3f096314-196c-4a37-ad5d-0547b27057ea,,metals,processes/3f096314-196c-4a37-ad5d-0547b27057ea.xml,1,kg,JP,metals,,,"Foreground system:
The electricity is either produced in a biomass (solid) specific power plants an",scraped_from_ilcd
d11077b7-7644-4d4c-8cef-9f6f0ef17510,,metals,processes/d11077b7-7644-4d4c-8cef-9f6f0ef17510.xml,1,kg,LU,metals,,,"Foreground system:
The residual mix is the grid attribute (emission, radioactive waste, etc.) avera",scraped_from_ilcd
2119402f-3857-4b8d-8096-93deccbda42b,,metals,processes/2119402f-3857-4b8d-8096-93deccbda42b.xml,1,kg,EU+EFTA+UK,metals,,,"Foreground system:
Petroleum refineries are complex plants. The combination and sequence of a large",scraped_from_ilcd
1cb7ee61-6aa6-4681-854b-3582d5e67614,,metals,processes/1cb7ee61-6aa6-4681-854b-3582d5e67614.xml,1,kg,JP,metals,,,"Foreground system:
Petroleum refineries are complex plants. The combination and sequence of a large",scraped_from_ilcd
e62cd55f-21f3-5534-87d2-0e88faad9bcb,,metals,processes/e62cd55f-21f3-5534-87d2-0e88faad9bcb.xml,1,kg,GLO,metals,,,"The recycling yield is 97%, therefore a waste cotton input of 1.031 kg has to be added.",scraped_from_ilcd
5f234246-97de-4ff5-8390-097bfb310d85,,metals,processes/5f234246-97de-4ff5-8390-097bfb310d85.xml,1,kg,GR,metals,,,"Foreground system:
The electricity is either produced in a natural gasl specific power plants and/o",scraped_from_ilcd
e0507248-1c43-4667-b912-1725af6d053f,,metals,processes/e0507248-1c43-4667-b912-1725af6d053f.xml,1,kg,EU+EFTA+UK,metals,,,"Foreground system:
Zinc scrap, which can also contain scrap of other metals, is transported to the ",scraped_from_ilcd
b52b5eb7-2e3b-4d29-94b3-1e26df62b3f3,,metals,processes/b52b5eb7-2e3b-4d29-94b3-1e26df62b3f3.xml,1,kg,PL,metals,,,"Foreground system:
The residual mix is the grid attribute (emission, radioactive waste, etc.) avera",scraped_from_ilcd
c16c3967-2451-5bd0-8b41-9fccbaf2d95b,,metals,processes/c16c3967-2451-5bd0-8b41-9fccbaf2d95b.xml,1,kg,EU+EFTA+UK,metals,,,Most commonly used iron are dry irons and steam irons. Steam irons can also be used for dry ironing.,scraped_from_ilcd
496c7d18-20c6-46da-89e5-fc213f7386be,,metals,processes/496c7d18-20c6-46da-89e5-fc213f7386be.xml,1,kg,LU,metals,,,"Foreground system:
The electricity is either produced in a heavy fuel oil (HFO) specific power plan",scraped_from_ilcd
26461f62-f01f-4c49-8512-b51f689bae3c,,metals,processes/26461f62-f01f-4c49-8512-b51f689bae3c.xml,1,kg,GLO w/o EU+EFTA+UK,metals,,,"Foreground system:

Fiber production
A fiber is produced by melting and continual extrusion of th",scraped_from_ilcd
3df8e256-fc35-537b-a07b-75b6f93d242b,,metals,processes/3df8e256-fc35-537b-a07b-75b6f93d242b.xml,1,kg,GLO,metals,,,Wet-white metal tanning refers to a variety of processes that avoid the use of chromium. Substitutes,scraped_from_ilcd
9adbfa26-a55b-45da-bfdb-88454fa03e4b,,metals,processes/9adbfa26-a55b-45da-bfdb-88454fa03e4b.xml,1,kg,RNA,metals,,,"Foreground system:
The model comprises the production of electricity from a mix of pressure water (",scraped_from_ilcd
d97f52ab-6b7d-4451-946d-515b0bd10158,,metals,processes/d97f52ab-6b7d-4451-946d-515b0bd10158.xml,1,kg,DK,metals,,,"Foreground system:
The electricity is either produced in a natural gasl specific power plants and/o",scraped_from_ilcd
c4655a56-2199-47bc-bbc0-fad17ca6e49e,,metals,processes/c4655a56-2199-47bc-bbc0-fad17ca6e49e.xml,1,kg,IE,metals,,,"Foreground system:
The hydro power plant model consists of three sub-models: These sub-models are: ",scraped_from_ilcd
0996de32-7781-5395-8c4b-ee03c3d583b5,,metals,processes/0996de32-7781-5395-8c4b-ee03c3d583b5.xml,1,kg,GLO,metals,,,Wet-white metal tanning refers to a variety of processes that avoid the use of chromium. Substitutes,scraped_from_ilcd
b6ea8017-44bf-4fde-8f4f-6aafb7788173,,metals,processes/b6ea8017-44bf-4fde-8f4f-6aafb7788173.xml,1,kg,JP,metals,,,"Foreground system:
Petroleum refineries are complex plants. The combination and sequence of a large",scraped_from_ilcd
03dea8f0-44e0-4bf3-a862-bb572c9d5f5e,,metals,processes/03dea8f0-44e0-4bf3-a862-bb572c9d5f5e.xml,1,kg,EU+EFTA+UK,metals,,,"Foreground system:
Wood consists of cellulose, hemicellulose and lignin. In contrast to cellulose, ",scraped_from_ilcd
9dc58350-3c53-4f41-b4c1-f8e0d9777ca7,,metals,processes/9dc58350-3c53-4f41-b4c1-f8e0d9777ca7.xml,1,kg,CN,metals,,,"Foreground system:
Pyro-metallurgical Route
This system represents the cradle to gate analysis to ",scraped_from_ilcd
3f7d5e8a-a112-4585-9e2f-dc8b667d66dc,,metals,processes/3f7d5e8a-a112-4585-9e2f-dc8b667d66dc.xml,1,kg,EU+EFTA+UK,metals,,,"Foreground system:
The data set represents a typical municipal waste landfill with surface and basi",scraped_from_ilcd
e0704c47-dde7-43fd-b4cd-3d065a7525a5,,metals,processes/e0704c47-dde7-43fd-b4cd-3d065a7525a5.xml,1,kg,EU+EFTA+UK,metals,,,"Foreground system:
The process steam is produced in hard coal specific heat plants. Also considered",scraped_from_ilcd
c286c269-4805-5798-846a-a538697f0aab,,metals,processes/c286c269-4805-5798-846a-a538697f0aab.xml,1,kg,PK,metals,,,The environmental impact cotton fibre includes cultivation and delintint the Seed cotton. The ginnin,scraped_from_ilcd
5e8af832-945e-4135-a234-c45166c08d29,,metals,processes/5e8af832-945e-4135-a234-c45166c08d29.xml,1,kg,RAS w/o CN,metals,,,"Foreground system:
Petroleum refineries are complex plants. The combination and sequence of a large",scraped_from_ilcd
370bf89e-7666-491c-8bfc-ca3073532197,,metals,processes/370bf89e-7666-491c-8bfc-ca3073532197.xml,1,kg,ES,metals,,,"Foreground system:
The residual mix is the grid attribute (emission, radioactive waste, etc.) avera",scraped_from_ilcd
e876837f-7797-4a5e-9b94-cc563317f8a1,,metals,processes/e876837f-7797-4a5e-9b94-cc563317f8a1.xml,1,kg,EU+EFTA+UK,metals,,,The average distance to the locations of the shredders in Europe is 1000 km. Therefore the parameter,scraped_from_ilcd
2de159ed-eca1-4d4a-90a2-8cf6c6a7e8de,,metals,processes/2de159ed-eca1-4d4a-90a2-8cf6c6a7e8de.xml,1,kg,NO,metals,,,"Foreground system:
The electricity is either produced in a biomass (solid) specific power plants an",scraped_from_ilcd
c75b70bd-ce4d-43d1-8fd9-f7c539e75302,,metals,processes/c75b70bd-ce4d-43d1-8fd9-f7c539e75302.xml,1,kg,FR,metals,,,"Foreground system:
The electricity is either produced in a biogas specific power plants and/or comb",scraped_from_ilcd
3ae3551a-4e2d-4c8f-8710-598cff1f6264,,metals,processes/3ae3551a-4e2d-4c8f-8710-598cff1f6264.xml,1,kg,EU+EFTA+UK,metals,,,The average distance to the locations of the shredders in Europe is 1000 km. Therefore the parameter,scraped_from_ilcd
d67211f3-2c01-41de-9290-f634910477ba,,metals,processes/d67211f3-2c01-41de-9290-f634910477ba.xml,1,kg,NL,metals,,,"Foreground system:
The residual mix is the grid attribute (emission, radioactive waste, etc.) avera",scraped_from_ilcd
62c20944-18f3-4e0b-96cb-5f62e8765c3e,,metals,processes/62c20944-18f3-4e0b-96cb-5f62e8765c3e.xml,1,kg,IN,metals,,,"Foreground system:
The electricity is either produced in a hard coal specific power plants and/or c",scraped_from_ilcd
2d04b5af-2a4a-4b9c-9202-a02061c03dd1,,metals,processes/2d04b5af-2a4a-4b9c-9202-a02061c03dd1.xml,1,kg,AU,metals,,,"Foreground system:
The country / region specific hard coal consumption mix, mix indigenous produced",scraped_from_ilcd
89508cf6-af21-402a-84b3-ee2b81ed4a9b,,metals,processes/89508cf6-af21-402a-84b3-ee2b81ed4a9b.xml,1,kg,IS,metals,,,"Foreground system:
The national or regional specific electricity consumption mix is provided by the",scraped_from_ilcd
d90c2f39-fef9-44a4-a712-5dbb046da6da,,metals,processes/d90c2f39-fef9-44a4-a712-5dbb046da6da.xml,1,kg,RAF,metals,,,"Foreground system:
The model represents the country specific mix of different types of biogas. Thre",scraped_from_ilcd
d9ccd88a-e4c1-44ee-b7d4-09261112dc16,,metals,processes/d9ccd88a-e4c1-44ee-b7d4-09261112dc16.xml,1,kg,DK,metals,,,"Foreground system:
The residual mix is the grid attribute (emission, radioactive waste, etc.) avera",scraped_from_ilcd
7c59f8b5-1a23-4259-b760-9c094f7c1cb1,,metals,processes/7c59f8b5-1a23-4259-b760-9c094f7c1cb1.xml,1,kg,AU,metals,,,"Foreground system:
The electricity is either produced in a lignite specific power plants and/or com",scraped_from_ilcd
5ccf94ab-173c-4688-bcc8-d434166be45e,,metals,processes/5ccf94ab-173c-4688-bcc8-d434166be45e.xml,1,kg,EU+EFTA+UK,metals,,,"All common types of furnace technology and colours of container glass (amber, green, flint and other",scraped_from_ilcd
19b017a2-575c-42d9-aa19-7b7da6cc0ce4,,metals,processes/19b017a2-575c-42d9-aa19-7b7da6cc0ce4.xml,1,kg,GLO,metals,,,"Foreground system:

Extrusion with blowing agent
The process starts with extrusion of molten plas",scraped_from_ilcd
e97e79d7-52ec-4446-ad16-46103acbb001,,metals,processes/e97e79d7-52ec-4446-ad16-46103acbb001.xml,1,kg,RAF,metals,,,"Foreground system:
Petroleum refineries are complex plants. The combination and sequence of a large",scraped_from_ilcd
0af0a6a8-aebc-4eeb-99f8-5ccf2304b99d,,metals,processes/0af0a6a8-aebc-4eeb-99f8-5ccf2304b99d.xml,1,kg,AT,metals,,,"Foreground system:
The national or regional specific electricity consumption mix is provided by the",scraped_from_ilcd
4a92e324-711c-407d-b03b-77a39e8b7956,,metals,processes/4a92e324-711c-407d-b03b-77a39e8b7956.xml,1,kg,EU+EFTA+UK,metals,,,"Foreground system:
The data set represents a typical municipal waste landfill with surface and basi",scraped_from_ilcd
13586130-8c90-432a-893c-c20e522ef2f6,,metals,processes/13586130-8c90-432a-893c-c20e522ef2f6.xml,1,kg,BR,metals,,,"Foreground system:
Petroleum refineries are complex plants. The combination and sequence of a large",scraped_from_ilcd
c4f7aa36-bf5c-4584-a2e7-51604a06636c,,metals,processes/c4f7aa36-bf5c-4584-a2e7-51604a06636c.xml,1,kg,BE,metals,,,"Foreground system:
The electricity is either produced in a natural gasl specific power plants and/o",scraped_from_ilcd
a0328477-72e0-4973-bebb-542a7f3a0144,,metals,processes/a0328477-72e0-4973-bebb-542a7f3a0144.xml,1,kg,EU+EFTA+UK,metals,,,"Foreground system:

HDPE production
The basis for the production of polyethylene is crude oil. Th",scraped_from_ilcd
27854b52-725c-4f08-beaa-52ef19244437,,metals,processes/27854b52-725c-4f08-beaa-52ef19244437.xml,1,kg,RAS,metals,,,"Foreground system:
The Sphera landfill model is adapted to the region of this dataset by using info",scraped_from_ilcd
6ff333a3-640e-4f11-87e6-d5f164a066ff,,metals,processes/6ff333a3-640e-4f11-87e6-d5f164a066ff.xml,1,kg,SI,metals,,,"Foreground system:
The residual mix is the grid attribute (emission, radioactive waste, etc.) avera",scraped_from_ilcd
a4fe9804-96ba-4397-ab14-e9d296ae7902,,metals,processes/a4fe9804-96ba-4397-ab14-e9d296ae7902.xml,1,kg,CH,metals,,,"Foreground system:
The data set includes an average onshore and offshore wind model. The following ",scraped_from_ilcd
4b5b10ef-1834-474d-87b4-ddc83efb24af,,metals,processes/4b5b10ef-1834-474d-87b4-ddc83efb24af.xml,1,kg,EU+EFTA+UK,metals,,,"Foreground system:
Magnesium casted parts are removed as an extra fraction from spent cars. The sec",scraped_from_ilcd
43ac30de-5fe3-4593-9970-16a9038ba610,,metals,processes/43ac30de-5fe3-4593-9970-16a9038ba610.xml,1,kg,GLO,metals,,,"Foreground system:
The mineral is found in quarrels and has to be mined. It is extracted from the q",scraped_from_ilcd
7d815e9c-d2e7-4da0-aeeb-349f983a1d80,,metals,processes/7d815e9c-d2e7-4da0-aeeb-349f983a1d80.xml,1,kg,GLO,metals,,,"Foreground system:

Container production
The reported process extrudes plastic in a first step, a",scraped_from_ilcd
017de0d2-c8f8-4208-b1b5-357a815f2dd8,,metals,processes/017de0d2-c8f8-4208-b1b5-357a815f2dd8.xml,1,kg,EU+EFTA+UK,metals,,,"Foreground system:

LDPE production
The basis for the production of polyethylene is crude oil. Th",scraped_from_ilcd
d84b9b16-089b-4ece-8a8f-863f58a1c909,,metals,processes/d84b9b16-089b-4ece-8a8f-863f58a1c909.xml,1,kg,JP,metals,,,"Foreground system:
The electricity is either produced in a natural gasl specific power plants and/o",scraped_from_ilcd
a8c5f7f5-cf77-4302-8837-732658df6ddf,,metals,processes/a8c5f7f5-cf77-4302-8837-732658df6ddf.xml,1,kg,NL,metals,,,"Foreground system:
The electricity is either produced in a biogas specific power plants and/or comb",scraped_from_ilcd
8dc46b2b-979f-4528-818e-26c0bcd96ab7,,metals,processes/8dc46b2b-979f-4528-818e-26c0bcd96ab7.xml,1,kg,GLO,metals,,,"Foreground system:
The dataset describes the construction of a building of administration type. The",scraped_from_ilcd
76e18ff1-b9e8-4899-bb67-439709d9224b,,metals,processes/76e18ff1-b9e8-4899-bb67-439709d9224b.xml,1,kg,EU+EFTA+UK,metals,,,The average distance to the locations of the shredders in Europe is 1000 km. Therefore the parameter,scraped_from_ilcd
8999ac8a-445f-406c-a6a5-8a80bd619dfa,,metals,processes/8999ac8a-445f-406c-a6a5-8a80bd619dfa.xml,1,kg,EU+EFTA,metals,,,Gate to gate inventory for the casting of EG-Si and off-grade Si.,scraped_from_ilcd
bc90b626-356a-4ba8-aea8-fec2e0513cc9,,metals,processes/bc90b626-356a-4ba8-aea8-fec2e0513cc9.xml,1,kg,EU+EFTA+UK,metals,,,"Foreground system:
The data set represents a typical municipal waste landfill with surface and basi",scraped_from_ilcd
80bb602f-3029-422e-b33b-44576ba6f886,,metals,processes/80bb602f-3029-422e-b33b-44576ba6f886.xml,1,kg,FR,metals,,,"Foreground system:
The electricity is either produced in a biomass (solid) specific power plants an",scraped_from_ilcd
f25fa9a9-6d7e-48b3-9aa3-f8660e358472,,metals,processes/f25fa9a9-6d7e-48b3-9aa3-f8660e358472.xml,1,kg,EU+EFTA+UK,metals,,,The dataset describes the production of a wellboat made of steel with a defined size and a defined c,scraped_from_ilcd
c929c46e-593c-4ab2-b2d7-87f948de99d3,,metals,processes/c929c46e-593c-4ab2-b2d7-87f948de99d3.xml,1,kg,ES,metals,,,"Foreground system:
The electricity is either produced in a lignite specific power plants and/or com",scraped_from_ilcd
4e5586f7-a6f1-4e02-bc03-414a121f409c,,metals,processes/4e5586f7-a6f1-4e02-bc03-414a121f409c.xml,1,kg,EU+EFTA+UK,metals,,,"Foreground system:
Rolling
Slabs are converted into rectangular (quarto) plates or long coils by r",scraped_from_ilcd
c719be8c-51be-4c23-84c2-e45ea0180db0,,metals,processes/c719be8c-51be-4c23-84c2-e45ea0180db0.xml,1,kg,EU+EFTA+UK,metals,,,"All common types of furnace technology and colours of container glass (amber, green, flint and other",scraped_from_ilcd
0405501b-e12f-4d45-ab51-c5b1f5f12620,,metals,processes/0405501b-e12f-4d45-ab51-c5b1f5f12620.xml,1,kg,EU+EFTA+UK,metals,,,"Foreground system:
Wood consists of cellulose, hemicellulose and lignin. In contrast to cellulose, ",scraped_from_ilcd
87b7082d-4df6-400d-845e-2a117a91c11c,,metals,processes/87b7082d-4df6-400d-845e-2a117a91c11c.xml,1,kg,FR,metals,,,"Foreground system:
The electricity is either produced in a coal gas specific power plants and/or co",scraped_from_ilcd
c64f7227-9966-57c2-9e8f-e17729028606,,metals,processes/c64f7227-9966-57c2-9e8f-e17729028606.xml,1,kg,FR,metals,,,"System boundaries include olive farming, olive oil extraction with pomace as a co-product and pomace",scraped_from_ilcd
eb44d326-a848-42e3-9cbf-eaf9e8673896,,metals,processes/eb44d326-a848-42e3-9cbf-eaf9e8673896.xml,1,kg,EU+EFTA+UK,metals,,,"Foreground system:

LLDPE production
The basis for the production of polyethylene is crude oil. T",scraped_from_ilcd
15b8595f-a84c-46a8-8d00-58cbd361dc33,,metals,processes/15b8595f-a84c-46a8-8d00-58cbd361dc33.xml,1,kg,GR,metals,,,"Foreground system:
The national or regional specific electricity consumption mix is provided by the",scraped_from_ilcd
397b7554-0799-45c7-a338-8130916ec49c,,metals,processes/397b7554-0799-45c7-a338-8130916ec49c.xml,1,kg,RNA,metals,,,"Foreground system:
Petroleum refineries are complex plants. The combination and sequence of a large",scraped_from_ilcd
df061c1f-bc22-57f8-b167-1681b905879f,,metals,processes/df061c1f-bc22-57f8-b167-1681b905879f.xml,1,kg,GLO,metals,,,"Polyethylene terephthalate (PET) and aluminum are main raw materials of glitter. To produce glitter,",scraped_from_ilcd
54e4b286-c4d6-4964-9696-92b4c85db8c0,,metals,processes/54e4b286-c4d6-4964-9696-92b4c85db8c0.xml,1,kg,ROC,metals,,,"Foreground system:
The Sphera landfill model is adapted to the region of this dataset by using info",scraped_from_ilcd
a6d54e6e-92e5-4917-9e1f-c4a02c315206,,metals,processes/a6d54e6e-92e5-4917-9e1f-c4a02c315206.xml,1,kg,BR,metals,,,"Foreground system:
Petroleum refineries are complex plants. The combination and sequence of a large",scraped_from_ilcd
bebd00f2-0ea8-4c91-86b8-873a70529c49,,metals,processes/bebd00f2-0ea8-4c91-86b8-873a70529c49.xml,1,kg,GLO,metals,,,"Foreground system:
The thermal energy is produced in biomass (solid) specific heat plants. Also con",scraped_from_ilcd
0f514514-cf27-4530-bfc6-084b3f8f0384,,metals,processes/0f514514-cf27-4530-bfc6-084b3f8f0384.xml,1,kg,EU+EFTA+UK,metals,,,"Foreground system:
The data set represents a typical municipal waste landfill with surface and basi",scraped_from_ilcd
1548f3eb-bda8-46c5-ade1-637d8d2be87c,,metals,processes/1548f3eb-bda8-46c5-ade1-637d8d2be87c.xml,1,kg,GLO,metals,,,"Foreground system:

Fiber production
A fiber is produced by melting and continual extrusion of th",scraped_from_ilcd
fb6c9c85-11c4-55c7-a6bc-11da6ee14f8c,,metals,processes/fb6c9c85-11c4-55c7-a6bc-11da6ee14f8c.xml,1,kg,IN,metals,,,The environmental impact cotton fibre includes cultivation and delintint the Seed cotton. The ginnin,scraped_from_ilcd
c29e8c86-1754-5dbe-a286-5003a407f118,,metals,processes/c29e8c86-1754-5dbe-a286-5003a407f118.xml,1,kg,GLO,metals,,,"Metal button production data covers brass raw material and its shaping processes. During production,",scraped_from_ilcd
173ed16d-0b71-4c44-aaf7-ac45a0473ef3,,metals,processes/173ed16d-0b71-4c44-aaf7-ac45a0473ef3.xml,1,kg,CH,metals,,,"Foreground system:
The hydro power plant model consists of three sub-models: These sub-models are: ",scraped_from_ilcd
17b43371-cf6b-4316-920e-af5450dfecf6,,metals,processes/17b43371-cf6b-4316-920e-af5450dfecf6.xml,1,kg,GLO w/o EU+EFTA+UK,metals,,,"Foreground system:
Essential raw materials for Styrene-butadiene-rubber (SBR) production are styren",scraped_from_ilcd
4011572e-bf7a-509e-8c22-e16e7ec481d5,,metals,processes/4011572e-bf7a-509e-8c22-e16e7ec481d5.xml,1,kg,EU+EFTA+UK,metals,,,The conventional method of spinning core yarns using a ring spinning frame is reported to produce un,scraped_from_ilcd
0a223e9c-94c2-4acb-917c-4bb5c1fdc92b,,metals,processes/0a223e9c-94c2-4acb-917c-4bb5c1fdc92b.xml,1,kg,EU+EFTA+UK,metals,,,"Foreground system:
The thermal energy is produced in biogas specific heat plants. Also considered a",scraped_from_ilcd
9878b678-6f0d-502f-8240-ca485aba74bb,,metals,processes/9878b678-6f0d-502f-8240-ca485aba74bb.xml,1,kg,GLO,metals,,,"Metal button production data covers brass raw material and its shaping processes. During production,",scraped_from_ilcd
dba4d114-b133-4c5c-a708-ae81ab3d591d,,metals,processes/dba4d114-b133-4c5c-a708-ae81ab3d591d.xml,1,kg,DK,metals,,,"Foreground system:
The hydro power plant model consists of three sub-models: These sub-models are: ",scraped_from_ilcd
444994c5-e882-41be-b0ad-11b2d8d74175,,metals,processes/444994c5-e882-41be-b0ad-11b2d8d74175.xml,1,kg,GR,metals,,,"Foreground system:
The electricity is either produced in a hard coal specific power plants and/or c",scraped_from_ilcd
8ea15f1a-e1d6-5073-aa1b-262f5fb2980d,,metals,processes/8ea15f1a-e1d6-5073-aa1b-262f5fb2980d.xml,1,kg,ES,metals,,,"System boundaries include olive farming, olive oil extraction with pomace as a co-product and pomace",scraped_from_ilcd
8f4935c9-f98c-4ca3-8dcc-12204a86e3b1,,metals,processes/8f4935c9-f98c-4ca3-8dcc-12204a86e3b1.xml,1,kg,CA,metals,,,"Foreground system:
The model comprises the production of electricity from a mix of pressure water (",scraped_from_ilcd
8582ca2e-70e5-41e7-98e8-3a23d271161f,,metals,processes/8582ca2e-70e5-41e7-98e8-3a23d271161f.xml,1,kg,CN,metals,,,"Foreground system:
Petroleum refineries are complex plants. The combination and sequence of a large",scraped_from_ilcd
63df4f93-7d1c-41a7-95a9-b8a3ba6f50b8,,metals,processes/63df4f93-7d1c-41a7-95a9-b8a3ba6f50b8.xml,1,kg,EU+EFTA+UK,metals,,,The average distance to the locations of the shredders in Europe is 1000 km. Therefore the parameter,scraped_from_ilcd
d21217ec-e6db-4324-9544-023d5dd454d5,,metals,processes/d21217ec-e6db-4324-9544-023d5dd454d5.xml,1,kg,BR,metals,,,"Foreground system:
Petroleum refineries are complex plants. The combination and sequence of a large",scraped_from_ilcd
a00f86a9-7070-4e24-a0ff-d5b4583f15dc,,metals,processes/a00f86a9-7070-4e24-a0ff-d5b4583f15dc.xml,1,kg,SK,metals,,,"Foreground system:
The electricity is either produced in a hard coal specific power plants and/or c",scraped_from_ilcd
180619e8-2518-5f07-a48e-fc14aa89ebab,,metals,processes/180619e8-2518-5f07-a48e-fc14aa89ebab.xml,1,kg,IT,metals,,,"System boundaries include olive farming, olive oil extraction with pomace as a co-product and pomace",scraped_from_ilcd
bc8c10af-6e3b-44a9-925d-181d1d4f605b,,metals,processes/bc8c10af-6e3b-44a9-925d-181d1d4f605b.xml,1,kg,EU+EFTA+UK,metals,,,"Foreground system:

HDPE production
The basis for the production of polyethylene is crude oil. Th",scraped_from_ilcd
a7857685-ec3a-451e-9720-48fd4fe5e837,,metals,processes/a7857685-ec3a-451e-9720-48fd4fe5e837.xml,1,kg,FI,metals,,,"Foreground system:
The model comprises the production of electricity from a mix of pressure water (",scraped_from_ilcd
02c34f2d-8049-477f-be87-85f4a68dfbac,,metals,processes/02c34f2d-8049-477f-be87-85f4a68dfbac.xml,1,kg,EU+EFTA+UK,metals,,,"Metal scrap (pre-consumer, mono-grade) is generated in the process. The amount is 319g of scrap per ",scraped_from_ilcd
a1c1216b-7fc1-4847-be8f-bb8a13ad8ab8,,metals,processes/a1c1216b-7fc1-4847-be8f-bb8a13ad8ab8.xml,1,kg,FI,metals,,,"Foreground system:
The residual mix is the grid attribute (emission, radioactive waste, etc.) avera",scraped_from_ilcd
0dc8bdca-a526-43fa-8f9d-38b86b7b90f1,,metals,processes/0dc8bdca-a526-43fa-8f9d-38b86b7b90f1.xml,1,kg,RU,metals,,,"Foreground system:
Petroleum refineries are complex plants. The combination and sequence of a large",scraped_from_ilcd
39aa9fa7-a941-5947-9cb1-7ad0463c1d30,,metals,processes/39aa9fa7-a941-5947-9cb1-7ad0463c1d30.xml,1,kg,GLO,metals,,,The process starts by making a bath or water with liquor ratio of 1:20 in a sealed stainless steel t,scraped_from_ilcd
0f4c116c-13c6-467a-86e3-d4bb9d2984ca,,metals,processes/0f4c116c-13c6-467a-86e3-d4bb9d2984ca.xml,1,kg,DE,metals,,,"Foreground system:
The electricity is either produced in a biogas specific power plants and/or comb",scraped_from_ilcd
18dde5bf-c66c-4eb0-b1ce-66a4fd185dbd,,metals,processes/18dde5bf-c66c-4eb0-b1ce-66a4fd185dbd.xml,1,kg,RSA,metals,,,"Foreground system:
Petroleum refineries are complex plants. The combination and sequence of a large",scraped_from_ilcd
d938bfb2-60a3-41b5-bfd9-e945cf7e6d93,,metals,processes/d938bfb2-60a3-41b5-bfd9-e945cf7e6d93.xml,1,kg,CZ,metals,,,"Foreground system:
The hydro power plant model consists of three sub-models: These sub-models are: ",scraped_from_ilcd
9b96bfc1-cb13-48f8-8b44-ec99c784196e,,metals,processes/9b96bfc1-cb13-48f8-8b44-ec99c784196e.xml,1,kg,RSA,metals,,,"Foreground system:
The electricity is either produced in a biogas specific power plants and/or comb",scraped_from_ilcd
4002cb91-df19-4721-b3ac-b80905592e75,,metals,processes/4002cb91-df19-4721-b3ac-b80905592e75.xml,1,kg,LV,metals,,,"Foreground system:
The hydro power plant model consists of three sub-models: These sub-models are: ",scraped_from_ilcd
da712396-6ab4-4918-a478-214f9512c029,,metals,processes/da712396-6ab4-4918-a478-214f9512c029.xml,1,kg,GR,metals,,,"Foreground system:
The electricity is either produced in a heavy fuel oil (HFO) specific power plan",scraped_from_ilcd
45cf20e5-ae90-4d4f-a7a7-2d9102874bf7,,metals,processes/45cf20e5-ae90-4d4f-a7a7-2d9102874bf7.xml,1,kg,EU+EFTA+UK,metals,,,The average distance to the locations of the shredders in Europe is 1000 km. Therefore the parameter,scraped_from_ilcd
d6d62f68-6db0-43db-91f7-213802151367,,metals,processes/d6d62f68-6db0-43db-91f7-213802151367.xml,1,kg,EU+EFTA+UK,metals,,,The average distance to the locations of the shredders in Europe is 1000 km. Therefore the parameter,scraped_from_ilcd
737dad9b-61d4-461c-8ce5-923541690d6c,,metals,processes/737dad9b-61d4-461c-8ce5-923541690d6c.xml,1,kg,GLO,metals,,,"Foreground system:
Hot air solder leveling. This dataset is a processing step and excludes the PWB.",scraped_from_ilcd
a4c035b8-d1fb-46cf-8af9-dfcae752bb4b,,metals,processes/a4c035b8-d1fb-46cf-8af9-dfcae752bb4b.xml,1,kg,BG,metals,,,"Foreground system:
The residual mix is the grid attribute (emission, radioactive waste, etc.) avera",scraped_from_ilcd
ac24889a-ffe9-440c-b6e3-f96921911113,,metals,processes/ac24889a-ffe9-440c-b6e3-f96921911113.xml,1,kg,GLO,metals,,,"Foreground system:
The toner module consists of the toner (colour) which is stored in the cartridge",scraped_from_ilcd
cff45686-d2e5-4723-a8a3-0af990c4766c,,metals,processes/cff45686-d2e5-4723-a8a3-0af990c4766c.xml,1,kg,EU+EFTA+UK,metals,,,The average distance to the locations of the shredders in Europe is 1000 km. Therefore the parameter,scraped_from_ilcd
eb8ab48a-4a15-44a7-b50e-cdd4317ed49b,,metals,processes/eb8ab48a-4a15-44a7-b50e-cdd4317ed49b.xml,1,kg,PT,metals,,,"Foreground system:
The residual mix is the grid attribute (emission, radioactive waste, etc.) avera",scraped_from_ilcd
b0c798c5-4a8d-4004-995b-56f456d568a6,,metals,processes/b0c798c5-4a8d-4004-995b-56f456d568a6.xml,1,kg,ROW,metals,,,"Foreground system:
The thermal energy is produced in liquefied petroleum gas (LPG) specific heat pl",scraped_from_ilcd
2dd38e16-d61e-5014-9dcf-585e5abb18ed,,metals,processes/2dd38e16-d61e-5014-9dcf-585e5abb18ed.xml,1,kg,GLO,metals,,,"Metal shoe eyelet production covers brass material production and its metal works.

Global waste col",scraped_from_ilcd
dcebdc16-7179-435d-856f-7553175d8795,,metals,processes/dcebdc16-7179-435d-856f-7553175d8795.xml,1,kg,EU+EFTA+UK,metals,,,"Foreground system:
The common raw material for aluminium production, bauxite is composed primarily ",scraped_from_ilcd
3fe16e08-bdaf-42af-b95c-3c0ee55076f7,,metals,processes/3fe16e08-bdaf-42af-b95c-3c0ee55076f7.xml,1,kg,RAF,metals,,,"Foreground system:
Petroleum refineries are complex plants. The combination and sequence of a large",scraped_from_ilcd
95c59a79-5c0c-47be-882b-4cfa1e9d41c9,,metals,processes/95c59a79-5c0c-47be-882b-4cfa1e9d41c9.xml,1,kg,EU+EFTA+UK,metals,,,"Foreground system:

PE production
The basis for the production of polyethylene is crude oil. Ther",scraped_from_ilcd
b076f8b9-5047-5ddc-986f-bb7b75e83ca7,,metals,processes/b076f8b9-5047-5ddc-986f-bb7b75e83ca7.xml,1,kg,GLO,metals,,,Wet-white metal-free tanning – a variety of tanning techniques that avoid the use of chromium or hea,scraped_from_ilcd
d0d64d48-9d50-4c72-98fb-30c97f3ca975,,metals,processes/d0d64d48-9d50-4c72-98fb-30c97f3ca975.xml,1,kg,NO,metals,,,"Foreground system:
The electricity is either produced in a biogas specific power plants and/or comb",scraped_from_ilcd
7db01ade-8476-4c20-9c0b-7faff30d9f9f,,metals,processes/7db01ade-8476-4c20-9c0b-7faff30d9f9f.xml,1,kg,EU+EFTA+UK,metals,,,"Foreground system:

Paper production
Wood consists of cellulose, hemicellulose and lignin. In con",scraped_from_ilcd
709d8a4e-eece-47f8-97bd-090c60606124,,metals,processes/709d8a4e-eece-47f8-97bd-090c60606124.xml,1,kg,GLO,metals,,,"Foreground system:
Sand is dredged by ship at ocean coastline. The dataset considers diesel consump",scraped_from_ilcd
b676118f-5575-41d4-94b1-e9bd8406cb39,,metals,processes/b676118f-5575-41d4-94b1-e9bd8406cb39.xml,1,kg,CN,metals,,,"Foreground system:
The electricity is either produced in a hard coal specific power plants and/or c",scraped_from_ilcd
0cfa3483-3576-4abf-9669-6f2b36527957,,metals,processes/0cfa3483-3576-4abf-9669-6f2b36527957.xml,1,kg,BE,metals,,,"Foreground system:
The model comprises the production of electricity from a mix of pressure water (",scraped_from_ilcd
6a617055-a965-4d91-ac8a-952ccbf09b7b,,metals,processes/6a617055-a965-4d91-ac8a-952ccbf09b7b.xml,1,kg,RSA,metals,,,"Foreground system:
The paper waste is collected and transported to the recycling plant. The materia",scraped_from_ilcd
b8dc5183-2d07-4377-b5b2-d9374ae5a084,,metals,processes/b8dc5183-2d07-4377-b5b2-d9374ae5a084.xml,1,kg,AU,metals,,,"Foreground system:
The national or regional specific electricity consumption mix is provided by the",scraped_from_ilcd
6c2dd9a2-9970-4d88-9b4f-43e41b967887,,metals,processes/6c2dd9a2-9970-4d88-9b4f-43e41b967887.xml,1,kg,RNA,metals,,,"Foreground system:
The electricity is either produced in a coal gas specific power plants and/or co",scraped_from_ilcd
4a159bda-7bf7-464c-891d-ae1162a9e413,,metals,processes/4a159bda-7bf7-464c-891d-ae1162a9e413.xml,1,kg,EU+EFTA+UK,metals,,,The average distance to the locations of the shredders in Europe is 1000 km. Therefore the parameter,scraped_from_ilcd
e8394bd6-2ca4-401e-a770-52a28a54e248,,metals,processes/e8394bd6-2ca4-401e-a770-52a28a54e248.xml,1,kg,EU+EFTA+UK,metals,,,"Foreground system:
The data set represents a typical municipal waste landfill with surface and basi",scraped_from_ilcd
0dbdfd1d-39e5-42d8-803d-c2c7bb424bf1,,metals,processes/0dbdfd1d-39e5-42d8-803d-c2c7bb424bf1.xml,1,kg,GLO,metals,,,"Foreground system:
The component name contains following information: Number of layers, e.g. 1-laye",scraped_from_ilcd
75f35e49-1094-4f3b-a87b-9bf4941039d7,,metals,processes/75f35e49-1094-4f3b-a87b-9bf4941039d7.xml,1,kg,LU,metals,,,"Foreground system:
The electricity is either produced in a natural gasl specific power plants and/o",scraped_from_ilcd
a27f275b-f0db-4690-bf96-982eb97b15b1,,metals,processes/a27f275b-f0db-4690-bf96-982eb97b15b1.xml,1,kg,EU+EFTA+UK,metals,,,"Foreground system:
In contrast to other materials it is not simple to list the raw materials for th",scraped_from_ilcd
ec4d5852-d003-4359-90d0-da52c093b79e,,metals,processes/ec4d5852-d003-4359-90d0-da52c093b79e.xml,1,kg,IN,metals,,,"Foreground system:
The country / region specific hard coal consumption mix, mix indigenous produced",scraped_from_ilcd
5ad4c845-187a-4ff9-9b92-837bae162282,,metals,processes/5ad4c845-187a-4ff9-9b92-837bae162282.xml,1,kg,RU,metals,,,"Foreground system:
Petroleum refineries are complex plants. The combination and sequence of a large",scraped_from_ilcd
f5ec4a19-70da-406d-be31-a7eeef2f8372,,metals,processes/f5ec4a19-70da-406d-be31-a7eeef2f8372.xml,1,kg,EU+EFTA+UK,metals,,,"Foreground system:
This data set covers all relevant inputs and outputs from the treatment of incom",scraped_from_ilcd
69f08d7f-f5b4-4f55-9648-5f57b7a65008,,metals,processes/69f08d7f-f5b4-4f55-9648-5f57b7a65008.xml,1,kg,LU,metals,,,"Foreground system:
The hydro power plant model consists of three sub-models: These sub-models are: ",scraped_from_ilcd
0294b098-25bd-57a5-b0a7-1946f55e1e61,,metals,processes/0294b098-25bd-57a5-b0a7-1946f55e1e61.xml,1,kg,EU+EFTA+UK,metals,,,Most commonly used iron are dry irons and steam irons. Steam irons can also be used for dry ironing.,scraped_from_ilcd
9e9560c0-b27c-4e9c-ad22-cc18a19e611b,,metals,processes/9e9560c0-b27c-4e9c-ad22-cc18a19e611b.xml,1,kg,ROC,metals,,,"Foreground system:
The Sphera landfill model is adapted to the region of this dataset by using info",scraped_from_ilcd
37222eac-7457-4f21-b8e0-525ef0ef3c8d,,metals,processes/37222eac-7457-4f21-b8e0-525ef0ef3c8d.xml,1,kg,EU+EFTA+UK,metals,,,"Foreground system:
Antimony containg scrap especially from batteries is remelted in a rotary furnac",scraped_from_ilcd
968b5d8c-3e12-4936-ac01-846a3808f4f7,,metals,processes/968b5d8c-3e12-4936-ac01-846a3808f4f7.xml,1,kg,EU+EFTA+UK,metals,,,"Foreground system:
The electricity is either produced in a lignite specific power plants and/or com",scraped_from_ilcd
36c60ab2-6379-40e2-bd0e-fb1d625a2040,,metals,processes/36c60ab2-6379-40e2-bd0e-fb1d625a2040.xml,1,kg,PT,metals,,,"Foreground system:
The residual mix is the grid attribute (emission, radioactive waste, etc.) avera",scraped_from_ilcd
f6eb894f-11ee-4a2b-8660-dfd562e5402c,,metals,processes/f6eb894f-11ee-4a2b-8660-dfd562e5402c.xml,1,kg,ES,metals,,,"Foreground system:
The electricity is either produced in a hard coal specific power plants and/or c",scraped_from_ilcd
241958ff-c238-48e0-a451-a1adbd82889c,,metals,processes/241958ff-c238-48e0-a451-a1adbd82889c.xml,1,kg,EU+EFTA+UK,metals,,,"Foreground system:
Secondary aluminium is produced by remelting aluminium scrap. The scrap is clean",scraped_from_ilcd
fc50a271-4e12-4708-a33d-fa7deb17e963,,metals,processes/fc50a271-4e12-4708-a33d-fa7deb17e963.xml,1,kg,JP,metals,,,"Foreground system:
The model represents the country specific mix of different types of biogas. Thre",scraped_from_ilcd
a4bf1011-2d85-4666-b434-7e9f887da32a,,metals,processes/a4bf1011-2d85-4666-b434-7e9f887da32a.xml,1,kg,GLO,metals,,,"Foreground system:
The mineral is found in quarrels and has to be mined. It is extracted from the q",scraped_from_ilcd
c3c7f8ac-a88a-4bab-a0bc-d32e1cc1c5f4,,metals,processes/c3c7f8ac-a88a-4bab-a0bc-d32e1cc1c5f4.xml,1,kg,EU+EFTA+UK,metals,,,"Foreground system:

Aluminium production
The common raw material for aluminium production, bauxit",scraped_from_ilcd
b3454ee3-3da6-4938-8b46-b6bcf8741505,,metals,processes/b3454ee3-3da6-4938-8b46-b6bcf8741505.xml,1,kg,NO,metals,,,"Foreground system:
The residual mix is the grid attribute (emission, radioactive waste, etc.) avera",scraped_from_ilcd
ed2a5aa0-fab4-496d-9aab-c8404863ba30,,metals,processes/ed2a5aa0-fab4-496d-9aab-c8404863ba30.xml,1,kg,GLO,metals,,,"Foreground system:
The toner module consists of the toner (black) which is stored in the cartridge ",scraped_from_ilcd
02d4fa3a-8ed2-4bf3-8565-dc9a84a9af04,,metals,processes/02d4fa3a-8ed2-4bf3-8565-dc9a84a9af04.xml,1,kg,GLO,metals,,,"Foreground system:
This dataset comprises the production and End- of- Life of an irrigation system.",scraped_from_ilcd
46c89734-d246-4f43-b4c2-1b60fa6dbce5,,metals,processes/46c89734-d246-4f43-b4c2-1b60fa6dbce5.xml,1,kg,EU+EFTA+UK,metals,,,"Foreground system:
The data set represents a typical municipal waste landfill with surface and basi",scraped_from_ilcd
9935e771-79c8-457f-b743-a4ee5a126b4a,,metals,processes/9935e771-79c8-457f-b743-a4ee5a126b4a.xml,1,kg,GLO,metals,,,"Foreground system:
In the foaming process, plastic is extruded, heated until it melts and mixed wit",scraped_from_ilcd
01aa6440-d5eb-4124-a791-973a7dcb790b,,metals,processes/01aa6440-d5eb-4124-a791-973a7dcb790b.xml,1,kg,EU+EFTA+UK,metals,,,The average distance to the locations of the shredders in Europe is 1000 km. Therefore the parameter,scraped_from_ilcd
c4f3bfde-c15f-4f7f-8d35-bed6241704db,,metals,processes/c4f3bfde-c15f-4f7f-8d35-bed6241704db.xml,1,kg,EU+EFTA+UK,metals,,,"Foreground system:
The metal waste is collected and transported to the recycling plant. The materia",scraped_from_ilcd
27fb48a3-43e7-4235-9975-3074b5ddd2d2,,metals,processes/27fb48a3-43e7-4235-9975-3074b5ddd2d2.xml,1,kg,GLO,metals,,,"Foreground system:
This dataset is a mix of mix of calcium ammonium nitrate, gypsum and limestone.",scraped_from_ilcd
1abebab6-32e8-46a7-baf6-d9ad9c229c67,,metals,processes/1abebab6-32e8-46a7-baf6-d9ad9c229c67.xml,1,kg,RAS w/o CN,metals,,,"Foreground system:
Petroleum refineries are complex plants. The combination and sequence of a large",scraped_from_ilcd
fc72a73c-5c31-5faf-be2a-2a9092aaa33c,,metals,processes/fc72a73c-5c31-5faf-be2a-2a9092aaa33c.xml,1,kg,DE,metals,,,Sawdust is produced as a by-product of wood sawing. The sawdust is stored and transported within the,scraped_from_ilcd
65d92c54-6aa6-4c94-80d5-0a26e7089af1,,metals,processes/65d92c54-6aa6-4c94-80d5-0a26e7089af1.xml,1,kg,RO,metals,,,"Foreground system:
The electricity is either produced in a lignite specific power plants and/or com",scraped_from_ilcd
9fb38c03-b60d-483a-a9f4-e3dc489919c4,,metals,processes/9fb38c03-b60d-483a-a9f4-e3dc489919c4.xml,1,kg,HU,metals,,,"Foreground system:
The data set includes an average onshore and offshore wind model. The following ",scraped_from_ilcd
bc4d5cac-f90d-427f-81f3-97080c766d58,,metals,processes/bc4d5cac-f90d-427f-81f3-97080c766d58.xml,1,kg,CY,metals,,,"Foreground system:
The residual mix is the grid attribute (emission, radioactive waste, etc.) avera",scraped_from_ilcd
aadf67e1-9e2b-4da3-96f9-786c63e10d10,,metals,processes/aadf67e1-9e2b-4da3-96f9-786c63e10d10.xml,1,kg,EU+EFTA+UK,metals,,,"Foreground system:
The process steam is produced in biogas specific heat plants. Also considered ar",scraped_from_ilcd
798a67ea-11cb-4781-82c1-e3dc8e6ffc30,,metals,processes/798a67ea-11cb-4781-82c1-e3dc8e6ffc30.xml,1,kg,CA,metals,,,"Foreground system:
The hydro power plant model consists of three sub-models: These sub-models are: ",scraped_from_ilcd
9cd1f280-531d-4315-86b7-9c9dba51255e,,metals,processes/9cd1f280-531d-4315-86b7-9c9dba51255e.xml,1,kg,IE,metals,,,"Foreground system:
The electricity is either produced in a natural gasl specific power plants and/o",scraped_from_ilcd
9078be35-1005-4ccc-bbcd-e519e0dd8ed0,,metals,processes/9078be35-1005-4ccc-bbcd-e519e0dd8ed0.xml,1,kg,GLO,metals,,,"Foreground system:
The data set includes the train production (gross tonne weight 1000t / 726t payl",scraped_from_ilcd
d03a5809-bbe3-4739-864b-a5bb2166ac02,,metals,processes/d03a5809-bbe3-4739-864b-a5bb2166ac02.xml,1,kg,PL,metals,,,"Foreground system:
The electricity is either produced in a coal gas specific power plants and/or co",scraped_from_ilcd
9cedbde9-ec34-5b13-b404-e4747cbfb1a1,,metals,processes/9cedbde9-ec34-5b13-b404-e4747cbfb1a1.xml,1,kg,GLO,metals,,,"The carbonization process take place within two high temperature furnaces, LT (Low Temperature) and ",scraped_from_ilcd
046bb2aa-3959-4d6e-b276-209427461e89,,metals,processes/046bb2aa-3959-4d6e-b276-209427461e89.xml,1,kg,BG,metals,,,"Foreground system:
The data set includes an average onshore and offshore wind model. The following ",scraped_from_ilcd
916784d2-7617-58a7-9614-b3e1b6fcc966,,metals,processes/916784d2-7617-58a7-9614-b3e1b6fcc966.xml,1,kg,GLO,metals,,,Wet-white metal-free tanning – a variety of tanning techniques that avoid the use of chromium or hea,scraped_from_ilcd
99a6832b-3e71-458b-9bcf-588214923cef,,metals,processes/99a6832b-3e71-458b-9bcf-588214923cef.xml,1,kg,RU,metals,,,"Foreground system:
The data set includes an average onshore and offshore wind model. The following ",scraped_from_ilcd
24342861-7818-410f-ad68-616f686b2949,,metals,processes/24342861-7818-410f-ad68-616f686b2949.xml,1,kg,EU+EFTA+UK,metals,,,The average distance to the locations of the shredders in Europe is 1000 km. Therefore the parameter,scraped_from_ilcd
f3b3a155-c3db-4413-9aab-34b0f979db5a,,metals,processes/f3b3a155-c3db-4413-9aab-34b0f979db5a.xml,1,kg,NO,metals,,,"Foreground system:
The data set includes an average onshore and offshore wind model. The following ",scraped_from_ilcd
da90c83b-06f5-4b82-a61b-fbb73afe9cdd,,metals,processes/da90c83b-06f5-4b82-a61b-fbb73afe9cdd.xml,1,kg,AU,metals,,,"Foreground system:
Petroleum refineries are complex plants. The combination and sequence of a large",scraped_from_ilcd
3d62b6ec-ac57-4989-9cee-519339ab7e3f,,metals,processes/3d62b6ec-ac57-4989-9cee-519339ab7e3f.xml,1,kg,SE,metals,,,"Foreground system:
The data set includes an average onshore and offshore wind model. The following ",scraped_from_ilcd
08b1dd03-825d-4b2e-b822-eab7c9ff99c8,,metals,processes/08b1dd03-825d-4b2e-b822-eab7c9ff99c8.xml,1,kg,AT,metals,,,"Foreground system:
The electricity is either produced in a biomass (solid) specific power plants an",scraped_from_ilcd
26c8c453-8b15-4583-889c-fa4fb56a5771,,metals,processes/26c8c453-8b15-4583-889c-fa4fb56a5771.xml,1,kg,EU+EFTA+UK,metals,,,"Foreground system:
Copper Cathode production uses copper concentrate via roasting, converting, refi",scraped_from_ilcd
79011f12-f8b5-4272-b9f3-d50d220d84ce,,metals,processes/79011f12-f8b5-4272-b9f3-d50d220d84ce.xml,1,kg,IE,metals,,,"Foreground system:
The data set includes an average onshore and offshore wind model. The following ",scraped_from_ilcd
46e7b334-88e9-4441-aefb-dbe3d63846b1,,metals,processes/46e7b334-88e9-4441-aefb-dbe3d63846b1.xml,1,kg,HU,metals,,,"Foreground system:
The electricity is either produced in a natural gasl specific power plants and/o",scraped_from_ilcd
ae4f5431-a992-4b0a-afe5-06ce079313ab,,metals,processes/ae4f5431-a992-4b0a-afe5-06ce079313ab.xml,1,kg,IT,metals,,,"Foreground system:
The electricity is either produced in a lignite specific power plants and/or com",scraped_from_ilcd
bf8d232f-c8e3-44e4-b03e-d94a3eceec79,,metals,processes/bf8d232f-c8e3-44e4-b03e-d94a3eceec79.xml,1,kg,RSA,metals,,,"Foreground system:
The metal waste is collected and transported to the recycling plant. The materia",scraped_from_ilcd
ba1f9d4b-30ee-45ea-952f-98aa484303ee,,metals,processes/ba1f9d4b-30ee-45ea-952f-98aa484303ee.xml,1,kg,EU+EFTA+UK,metals,,,"Foreground system:
The Sphera landfill model is adapted to the region of this dataset by using info",scraped_from_ilcd
1e60fc12-93ee-4b7d-8831-164739013900,,metals,processes/1e60fc12-93ee-4b7d-8831-164739013900.xml,1,kg,AT,metals,,,"Foreground system:
The residual mix is the grid attribute (emission, radioactive waste, etc.) avera",scraped_from_ilcd
714c0ff0-d445-4b13-8ab5-5d8ccc2a1af2,,metals,processes/714c0ff0-d445-4b13-8ab5-5d8ccc2a1af2.xml,1,kg,RO,metals,,,"Foreground system:
The electricity is either produced in a natural gasl specific power plants and/o",scraped_from_ilcd
d562b34e-de63-44b5-9626-45a40cffec04,,metals,processes/d562b34e-de63-44b5-9626-45a40cffec04.xml,1,kg,RNA,metals,,,"Foreground system:
The electricity is either produced in a hard coal specific power plants and/or c",scraped_from_ilcd
83e5a717-f8e3-46a9-a8c8-9f73a3853030,,metals,processes/83e5a717-f8e3-46a9-a8c8-9f73a3853030.xml,1,kg,GLO,metals,,,"Foreground system:
The mineral is found in quarrels and has to be mined. It is extracted from the q",scraped_from_ilcd
2b4a0ad6-a534-40a3-ba3f-cbfde3f8dd34,,metals,processes/2b4a0ad6-a534-40a3-ba3f-cbfde3f8dd34.xml,1,kg,ROW,metals,,,"Foreground system:
The process steam is produced in biogas specific heat plants. Also considered ar",scraped_from_ilcd
82b00bba-fd53-4820-9bad-7b3f7334fbd2,,metals,processes/82b00bba-fd53-4820-9bad-7b3f7334fbd2.xml,1,kg,RAS w/o CN,metals,,,"Foreground system:
The electricity is either produced in a biogas specific power plants and/or comb",scraped_from_ilcd
2adb804e-0486-47a5-8eeb-6ba642ee1e95,,metals,processes/2adb804e-0486-47a5-8eeb-6ba642ee1e95.xml,1,kg,BE,metals,,,"Foreground system:
The data set includes an average onshore and offshore wind model. The following ",scraped_from_ilcd
61204f68-8e88-41ca-bab6-19def38bb718,,metals,processes/61204f68-8e88-41ca-bab6-19def38bb718.xml,1,kg,IN,metals,,,"Foreground system:
The electricity is either produced in a coal gas specific power plants and/or co",scraped_from_ilcd
0fc276e8-f0a3-450e-9ac4-9f8fcdbce601,,metals,processes/0fc276e8-f0a3-450e-9ac4-9f8fcdbce601.xml,1,kg,BR,metals,,,"Foreground system:
The model represents the country specific mix of different types of biogas. Thre",scraped_from_ilcd
4c7df0b1-8479-4038-8331-3622b0d7e852,,metals,processes/4c7df0b1-8479-4038-8331-3622b0d7e852.xml,1,kg,GB,metals,,,"Foreground system:
The model comprises the production of electricity from a mix of pressure water (",scraped_from_ilcd
4ba086ca-8d06-53d5-b746-f643616b8160,,metals,processes/4ba086ca-8d06-53d5-b746-f643616b8160.xml,1,kg,GLO,metals,,,Wet-white metal tanning refers to a variety of processes that avoid the use of chromium. Substitutes,scraped_from_ilcd
d0648efe-d98a-5c3e-96ff-20665cda717e,,metals,processes/d0648efe-d98a-5c3e-96ff-20665cda717e.xml,1,kg,GLO,metals,,,"The carbonization process take place within two high temperature furnaces, LT (Low Temperature) and ",scraped_from_ilcd
52da9c72-111d-4bd8-af60-f95b83140273,,metals,processes/52da9c72-111d-4bd8-af60-f95b83140273.xml,1,kg,CZ,metals,,,"Foreground system:
The electricity is either produced in a lignite specific power plants and/or com",scraped_from_ilcd
b8fb71b3-f7a5-4d2c-971b-c199cb9b842d,,metals,processes/b8fb71b3-f7a5-4d2c-971b-c199cb9b842d.xml,1,kg,ROC,metals,,,"Foreground system:
The glass waste is collected and transported to the recycling plant. The materia",scraped_from_ilcd
1a327839-b24f-471f-bd26-f317b65ac546,,metals,processes/1a327839-b24f-471f-bd26-f317b65ac546.xml,1,kg,EU+EFTA+UK,metals,,,"Foreground system:
In this case, secondary magnesium ingot is obtained from magnesium scrap. This i",scraped_from_ilcd
fa66ef29-4abb-4852-a36d-9eb44ee2954b,,metals,processes/fa66ef29-4abb-4852-a36d-9eb44ee2954b.xml,1,kg,DK,metals,,,"Foreground system:
The residual mix is the grid attribute (emission, radioactive waste, etc.) avera",scraped_from_ilcd
9f3a2b89-ea35-52c8-8ecd-caf6d7bbbd13,,metals,processes/9f3a2b89-ea35-52c8-8ecd-caf6d7bbbd13.xml,1,kg,KG,metals,,,The environmental impact cotton fibre includes cultivation and delintint the Seed cotton. The ginnin,scraped_from_ilcd
aed5f274-5888-4e80-b990-d8aec3467d06,,metals,processes/aed5f274-5888-4e80-b990-d8aec3467d06.xml,1,kg,RSA,metals,,,"Foreground system:

1. Rape seed oil methyl ester (RME)
The intensive cultivation of winter rape-",scraped_from_ilcd
363cf837-48c2-546a-bf1d-149c30983143,,metals,processes/363cf837-48c2-546a-bf1d-149c30983143.xml,1,kg,GLO,metals,,,"System boundaries include olive farming, olive oil extraction with pomace as a co-product and pomace",scraped_from_ilcd
941e13cf-d8ad-494e-bfc8-e37e40a65b72,,metals,processes/941e13cf-d8ad-494e-bfc8-e37e40a65b72.xml,1,kg,SK,metals,,,"Foreground system:
The electricity is either produced in a natural gasl specific power plants and/o",scraped_from_ilcd
2ea01a95-d19e-4002-8ce1-07cc2976553f,,metals,processes/2ea01a95-d19e-4002-8ce1-07cc2976553f.xml,1,kg,SE,metals,,,"Foreground system:
The electricity is either produced in a coal gas specific power plants and/or co",scraped_from_ilcd
06b13c34-26ce-48d9-b3fc-85954abb08e7,,metals,processes/06b13c34-26ce-48d9-b3fc-85954abb08e7.xml,1,kg,EU+EFTA+UK,metals,,,"Foreground system:
The plastic granulate is plasticized in the extruder. After the extruder screw, ",scraped_from_ilcd
4f385d7c-2b2d-5c9f-a75c-7c68b4d0b8f2,,metals,processes/4f385d7c-2b2d-5c9f-a75c-7c68b4d0b8f2.xml,1,kg,TJ,metals,,,The environmental impact cotton fibre includes cultivation and delintint the Seed cotton. The ginnin,scraped_from_ilcd
98c3b374-3bd0-476d-980a-5d9dc132f2d3,,metals,processes/98c3b374-3bd0-476d-980a-5d9dc132f2d3.xml,1,kg,ROW,metals,,,"Foreground system:
The thermal energy is produced in biogas specific heat plants. Also considered a",scraped_from_ilcd
4e735559-c63e-4641-ad6f-04c3b098d5f1,,metals,processes/4e735559-c63e-4641-ad6f-04c3b098d5f1.xml,1,kg,EE,metals,,,"Foreground system:
The electricity is either produced in a biogas specific power plants and/or comb",scraped_from_ilcd
69bdd9a5-64ff-4eb8-bdba-671586e8ed50,,metals,processes/69bdd9a5-64ff-4eb8-bdba-671586e8ed50.xml,1,kg,EU+EFTA+UK,metals,,,"Foreground system:

OPP production
Biaxial oriented polypropylene films are a strechted form of p",scraped_from_ilcd
044e50c8-f441-4175-810b-a04c22e6ee1a,,metals,processes/044e50c8-f441-4175-810b-a04c22e6ee1a.xml,1,kg,NL,metals,,,"Foreground system:
The electricity is either produced in a natural gasl specific power plants and/o",scraped_from_ilcd
c2ad036f-58d0-4c27-9a8f-aa5f8d4cb9a0,,metals,processes/c2ad036f-58d0-4c27-9a8f-aa5f8d4cb9a0.xml,1,kg,RU,metals,,,"Foreground system:
The electricity is either produced in a lignite specific power plants and/or com",scraped_from_ilcd
e51d169e-e241-407b-a505-0048f2709368,,metals,processes/e51d169e-e241-407b-a505-0048f2709368.xml,1,kg,SI,metals,,,"Foreground system:
The electricity is either produced in a biogas specific power plants and/or comb",scraped_from_ilcd
3730fe40-2621-4bd2-818d-aec555323d95,,metals,processes/3730fe40-2621-4bd2-818d-aec555323d95.xml,1,kg,RAF,metals,,,"Foreground system:
The paper waste is collected and transported to the recycling plant. The materia",scraped_from_ilcd
5c894ee2-bb5c-5dba-b4cd-9734e9cf80e9,,metals,processes/5c894ee2-bb5c-5dba-b4cd-9734e9cf80e9.xml,1,kg,EU+EFTA+UK,metals,,,Pulp is produced in a thermomechanical process where wood particles are softened by steam before ent,scraped_from_ilcd
8509ca59-302c-4f30-b31a-1ec8a2ad38db,,metals,processes/8509ca59-302c-4f30-b31a-1ec8a2ad38db.xml,1,kg,RU,metals,,,"Foreground system:
The country / region specific lignite consumption mix, mix indigenous produced l",scraped_from_ilcd
c51687d7-a7ef-4ca0-9144-26bba037a9f3,,metals,processes/c51687d7-a7ef-4ca0-9144-26bba037a9f3.xml,1,kg,EU+EFTA+UK,metals,,,"Foreground system:
First continuous casting takes place whereby the liquid steel is cast in continu",scraped_from_ilcd
3f36f7bd-4bf4-46fc-aba8-4650e286ae6c,,metals,processes/3f36f7bd-4bf4-46fc-aba8-4650e286ae6c.xml,1,kg,EU+EFTA+UK,metals,,,"Foreground system:
First the continuous casting takes place whereby the liquid steel is cast in con",scraped_from_ilcd
