uuid,dataset_name,process_type,lci_file,fu_amount,fu_unit,region,classification,kg_per_m2,temp_c,technology,notes
42afbf78-5509-446a-b65b-8f53c49bc5dc,,utilities,processes/42afbf78-5509-446a-b65b-8f53c49bc5dc.xml,1,kg,RAF,utilities,,,"The data set represents the incineration of waste, details about the waste composition, water conten",scraped_from_ilcd
29badb80-d1f6-4591-94d7-ab92a9f5e9bf,,utilities,processes/29badb80-d1f6-4591-94d7-ab92a9f5e9bf.xml,1,kg,BE,utilities,,,"The data set represents the incineration of waste, details about the waste composition, water conten",scraped_from_ilcd
d348dff3-3a81-4312-adda-6826c62d1f6d,,utilities,processes/d348dff3-3a81-4312-adda-6826c62d1f6d.xml,1,kg,RAS,utilities,,,"The data set represents the incineration of waste, details about the waste composition, water conten",scraped_from_ilcd
cebe69c7-5866-55b8-9141-51ca9238b7cf,,utilities,processes/cebe69c7-5866-55b8-9141-51ca9238b7cf.xml,1,kg,"WORLD (WITHOUT EU+EFTA+UK, US AND CA)",utilities,,,The activity starts with the dried sawn wood from air and kiln drying with a gravimetric water conte,scraped_from_ilcd
96377442-d4f0-4810-a238-5d94e65b8363,,utilities,processes/96377442-d4f0-4810-a238-5d94e65b8363.xml,1,kg,IT,utilities,,,"The data set represents the incineration of waste, details about the waste composition, water conten",scraped_from_ilcd
458c9141-0247-4504-bd84-cff77c402552,,utilities,processes/458c9141-0247-4504-bd84-cff77c402552.xml,1,kg,IE,utilities,,,"The data set represents the incineration of waste, details about the waste composition, water conten",scraped_from_ilcd
fe47b897-1fff-594f-a6a3-7737f00693c6,,utilities,processes/fe47b897-1fff-594f-a6a3-7737f00693c6.xml,1,kg,FI,utilities,,,The activity starts with the dried sawn wood from air and kiln drying with a gravimetric water conte,scraped_from_ilcd
6b0ce8b1-6ab7-4cca-b65a-33a80a341b74,,utilities,processes/6b0ce8b1-6ab7-4cca-b65a-33a80a341b74.xml,1,kg,SE,utilities,,,"The data set represents the incineration of waste, details about the waste composition, water conten",scraped_from_ilcd
e32ae633-f94f-4493-83a5-b600a91a6669,,utilities,processes/e32ae633-f94f-4493-83a5-b600a91a6669.xml,1,kg,GLO,utilities,,,"The data set represents the incineration of waste, details about the waste composition, water conten",scraped_from_ilcd
6e69a3e6-984b-5826-96bb-a835d3bc967d,,utilities,processes/6e69a3e6-984b-5826-96bb-a835d3bc967d.xml,1,kg,EU+EFTA+UK,utilities,,,The activity starts with the dried sawn wood from air and kiln drying with a gravimetric water conte,scraped_from_ilcd
d288f9c1-6ca9-48a5-adbc-1100c303153e,,utilities,processes/d288f9c1-6ca9-48a5-adbc-1100c303153e.xml,1,kg,ES,utilities,,,"The data set represents the incineration of waste, details about the waste composition, water conten",scraped_from_ilcd
b561dd3d-156f-4bca-afc7-cac598f56825,,utilities,processes/b561dd3d-156f-4bca-afc7-cac598f56825.xml,1,kg,ROC,utilities,,,"The data set represents the incineration of waste, details about the waste composition, water conten",scraped_from_ilcd
cf50afa6-d85d-476c-b9d4-6783c47e31b5,,utilities,processes/cf50afa6-d85d-476c-b9d4-6783c47e31b5.xml,1,kg,LT,utilities,,,"The data set represents the incineration of waste, details about the waste composition, water conten",scraped_from_ilcd
9027b367-6fff-4119-a258-fc816400e529,,utilities,processes/9027b367-6fff-4119-a258-fc816400e529.xml,1,kg,HU,utilities,,,"The data set represents the incineration of waste, details about the waste composition, water conten",scraped_from_ilcd
57cc235c-e17b-44dd-92d1-deb93bcd48db,,utilities,processes/57cc235c-e17b-44dd-92d1-deb93bcd48db.xml,1,kg,NO,utilities,,,"The data set represents the incineration of waste, details about the waste composition, water conten",scraped_from_ilcd
951855b9-4387-446e-8c1e-d1f560989d6f,,utilities,processes/951855b9-4387-446e-8c1e-d1f560989d6f.xml,1,kg,EE,utilities,,,"The data set represents the incineration of waste, details about the waste composition, water conten",scraped_from_ilcd
fe26da3a-972b-43c3-820e-7ea1c1d7779a,,utilities,processes/fe26da3a-972b-43c3-820e-7ea1c1d7779a.xml,1,kg,AT,utilities,,,"The data set represents the incineration of waste, details about the waste composition, water conten",scraped_from_ilcd
e358dc52-db9b-4910-8534-e0e4fa6f40a2,,utilities,processes/e358dc52-db9b-4910-8534-e0e4fa6f40a2.xml,1,kg,EE,utilities,,,"The data set represents the incineration of waste, details about the waste composition, water conten",scraped_from_ilcd
c8eccb47-1cd5-407c-9dc6-70ef8ba531f3,,utilities,processes/c8eccb47-1cd5-407c-9dc6-70ef8ba531f3.xml,1,kg,CH,utilities,,,"The data set represents the incineration of waste, details about the waste composition, water conten",scraped_from_ilcd
a0ff1875-ab91-43ff-96f5-1daeca07d625,,utilities,processes/a0ff1875-ab91-43ff-96f5-1daeca07d625.xml,1,kg,LU,utilities,,,"The data set represents the incineration of waste, details about the waste composition, water conten",scraped_from_ilcd
3e1c1433-a79f-47e7-bcd0-be45781f7ed7,,utilities,processes/3e1c1433-a79f-47e7-bcd0-be45781f7ed7.xml,1,kg,RNA,utilities,,,"The data set represents the incineration of waste, details about the waste composition, water conten",scraped_from_ilcd
2033c556-fbf3-4955-92c3-01a606db6cfd,,utilities,processes/2033c556-fbf3-4955-92c3-01a606db6cfd.xml,1,kg,IT,utilities,,,"The data set represents the incineration of waste, details about the waste composition, water conten",scraped_from_ilcd
6e1f7ce8-6d70-49e7-9417-477151f4bba8,,utilities,processes/6e1f7ce8-6d70-49e7-9417-477151f4bba8.xml,1,kg,GLO,utilities,,,"The data set represents the incineration of waste, details about the waste composition, water conten",scraped_from_ilcd
f9e61502-dc9d-4c5c-adfd-6141a71379d7,,utilities,processes/f9e61502-dc9d-4c5c-adfd-6141a71379d7.xml,1,kg,FR,utilities,,,"The data set represents the incineration of waste, details about the waste composition, water conten",scraped_from_ilcd
0a1bc8da-ef57-4464-9065-b156cdf3a458,,utilities,processes/0a1bc8da-ef57-4464-9065-b156cdf3a458.xml,1,kg,NL,utilities,,,"The data set represents the incineration of waste, details about the waste composition, water conten",scraped_from_ilcd
ac549d05-b59a-4a4e-81f5-90352bedfaab,,utilities,processes/ac549d05-b59a-4a4e-81f5-90352bedfaab.xml,1,kg,PL,utilities,,,"The data set represents the incineration of waste, details about the waste composition, water conten",scraped_from_ilcd
7074b8ad-cef4-4769-94e4-c6bc8562e452,,utilities,processes/7074b8ad-cef4-4769-94e4-c6bc8562e452.xml,1,kg,DE,utilities,,,"The data set represents the incineration of waste, details about the waste composition, water conten",scraped_from_ilcd
295ae54e-fe12-42cb-ae36-edcdd36843e8,,utilities,processes/295ae54e-fe12-42cb-ae36-edcdd36843e8.xml,1,kg,DK,utilities,,,"The data set represents the incineration of waste, details about the waste composition, water conten",scraped_from_ilcd
5af5e0a1-7bcd-413d-ba27-cf35b62c73aa,,utilities,processes/5af5e0a1-7bcd-413d-ba27-cf35b62c73aa.xml,1,kg,NL,utilities,,,"The data set represents the incineration of waste, details about the waste composition, water conten",scraped_from_ilcd
c4244f60-ea36-4a51-afe9-af0f1a44e8a4,,utilities,processes/c4244f60-ea36-4a51-afe9-af0f1a44e8a4.xml,1,kg,HU,utilities,,,"The data set represents the incineration of waste, details about the waste composition, water conten",scraped_from_ilcd
545a3c0e-10e0-4a42-ad99-3fc2f49e3c25,,utilities,processes/545a3c0e-10e0-4a42-ad99-3fc2f49e3c25.xml,1,kg,EU+EFTA+UK,utilities,,,"The data set represents the incineration of waste, details about the waste composition, water conten",scraped_from_ilcd
83d368b5-a60c-4c0c-8160-e072808f4deb,,utilities,processes/83d368b5-a60c-4c0c-8160-e072808f4deb.xml,1,kg,RAS,utilities,,,"The data set represents the incineration of waste, details about the waste composition, water conten",scraped_from_ilcd
a9e65981-4c43-4235-a5c4-76b9af9af1a1,,utilities,processes/a9e65981-4c43-4235-a5c4-76b9af9af1a1.xml,1,kg,IE,utilities,,,"The data set represents the incineration of waste, details about the waste composition, water conten",scraped_from_ilcd
4d827d37-af2b-4413-a786-0832257ee19f,,utilities,processes/4d827d37-af2b-4413-a786-0832257ee19f.xml,1,kg,NO,utilities,,,"The data set represents the incineration of waste, details about the waste composition, water conten",scraped_from_ilcd
10313241-6d55-421c-a743-adbef60dc97d,,utilities,processes/10313241-6d55-421c-a743-adbef60dc97d.xml,1,kg,ROC,utilities,,,"The data set represents the incineration of waste, details about the waste composition, water conten",scraped_from_ilcd
6fc40594-f2f3-404f-bd9c-04836e2b14ed,,utilities,processes/6fc40594-f2f3-404f-bd9c-04836e2b14ed.xml,1,kg,DK,utilities,,,"The data set represents the incineration of waste, details about the waste composition, water conten",scraped_from_ilcd
7219a399-83da-4634-9cb6-58386fa2953f,,utilities,processes/7219a399-83da-4634-9cb6-58386fa2953f.xml,1,kg,DK,utilities,,,"The data set represents the incineration of waste, details about the waste composition, water conten",scraped_from_ilcd
b9281330-1129-4824-b06a-6471716c5a80,,utilities,processes/b9281330-1129-4824-b06a-6471716c5a80.xml,1,kg,DE,utilities,,,"The data set represents the incineration of waste, details about the waste composition, water conten",scraped_from_ilcd
71e54c33-b815-4489-8c87-a3f93c872201,,utilities,processes/71e54c33-b815-4489-8c87-a3f93c872201.xml,1,kg,GB,utilities,,,"The data set represents the incineration of waste, details about the waste composition, water conten",scraped_from_ilcd
d1119684-8978-4f06-a81c-fc5ce022db71,,utilities,processes/d1119684-8978-4f06-a81c-fc5ce022db71.xml,1,kg,SK,utilities,,,"The data set represents the incineration of waste, details about the waste composition, water conten",scraped_from_ilcd
9e6fede1-fe99-426a-99a4-886cfc1a8706,,utilities,processes/9e6fede1-fe99-426a-99a4-886cfc1a8706.xml,1,kg,CZ,utilities,,,"The data set represents the incineration of waste, details about the waste composition, water conten",scraped_from_ilcd
425bbcb8-a52e-5e8e-8c89-623b07cdbf07,,utilities,processes/425bbcb8-a52e-5e8e-8c89-623b07cdbf07.xml,1,kg,SE,utilities,,,The activity starts with the dried sawn wood from air and kiln drying with a gravimetric water conte,scraped_from_ilcd
f4e6720c-92ca-575e-9f0f-df7846c31dc4,,utilities,processes/f4e6720c-92ca-575e-9f0f-df7846c31dc4.xml,1,kg,"WORLD (WITHOUT EU+EFTA+UK, US AND CA)",utilities,,,The activity starts with the dried sawn wood from air and kiln drying with a gravimetric water conte,scraped_from_ilcd
2a6f3975-4d04-416f-abc5-d0753f980760,,utilities,processes/2a6f3975-4d04-416f-abc5-d0753f980760.xml,1,kg,AT,utilities,,,"The data set represents the incineration of waste, details about the waste composition, water conten",scraped_from_ilcd
13ed5110-6e62-557f-ab9f-668bddca78c3,,utilities,processes/13ed5110-6e62-557f-ab9f-668bddca78c3.xml,1,kg,EU+EFTA+UK,utilities,,,40 celcius degree is classified as warm water washing and also commonly used by consumers. This sett,scraped_from_ilcd
6f2c3f23-7947-518a-97c5-f84598bf25ca,,utilities,processes/6f2c3f23-7947-518a-97c5-f84598bf25ca.xml,1,kg,EU+EFTA+UK,utilities,,,The activity starts with the dried sawn wood from air and kiln drying with a gravimetric water conte,scraped_from_ilcd
40011374-0ecd-4f6d-940b-18c511333fa2,,utilities,processes/40011374-0ecd-4f6d-940b-18c511333fa2.xml,1,kg,IE,utilities,,,"The data set represents the incineration of waste, details about the waste composition, water conten",scraped_from_ilcd
bd376854-be18-46bd-9002-0eb7e7be4774,,utilities,processes/bd376854-be18-46bd-9002-0eb7e7be4774.xml,1,kg,FI,utilities,,,"The data set represents the incineration of waste, details about the waste composition, water conten",scraped_from_ilcd
4b98c5bb-6ff2-497e-9374-f515582be317,,utilities,processes/4b98c5bb-6ff2-497e-9374-f515582be317.xml,1,kg,FR,utilities,,,"The data set represents the incineration of waste, details about the waste composition, water conten",scraped_from_ilcd
161c6016-f499-49f8-a13d-70cd9d9dc4f7,,utilities,processes/161c6016-f499-49f8-a13d-70cd9d9dc4f7.xml,1,kg,HU,utilities,,,"The data set represents the incineration of waste, details about the waste composition, water conten",scraped_from_ilcd
4793374b-af11-4151-8434-5c5e0c9a2b3b,,utilities,processes/4793374b-af11-4151-8434-5c5e0c9a2b3b.xml,1,kg,AT,utilities,,,"The data set represents the incineration of waste, details about the waste composition, water conten",scraped_from_ilcd
69494f98-6a89-4183-af02-05d5eef94fbd,,utilities,processes/69494f98-6a89-4183-af02-05d5eef94fbd.xml,1,kg,LU,utilities,,,"The data set represents the incineration of waste, details about the waste composition, water conten",scraped_from_ilcd
a579f0d4-d29d-43bf-b693-ce79609eacde,,utilities,processes/a579f0d4-d29d-43bf-b693-ce79609eacde.xml,1,kg,CZ,utilities,,,"The data set represents the incineration of waste, details about the waste composition, water conten",scraped_from_ilcd
541bda3f-0028-42a3-907d-cf65a5e3cbbf,,utilities,processes/541bda3f-0028-42a3-907d-cf65a5e3cbbf.xml,1,kg,HU,utilities,,,"The data set represents the incineration of waste, details about the waste composition, water conten",scraped_from_ilcd
99f0f1db-4a22-4d7e-afbe-f9c8a24d09c2,,utilities,processes/99f0f1db-4a22-4d7e-afbe-f9c8a24d09c2.xml,1,kg,HU,utilities,,,"The data set represents the incineration of waste, details about the waste composition, water conten",scraped_from_ilcd
0370baaf-8923-4e26-b3b8-abcebb89f974,,utilities,processes/0370baaf-8923-4e26-b3b8-abcebb89f974.xml,1,kg,EU+EFTA+UK,utilities,,,"The data set represents the incineration of waste, details about the waste composition, water conten",scraped_from_ilcd
161136d1-6d84-41ab-a968-6094f32465f8,,utilities,processes/161136d1-6d84-41ab-a968-6094f32465f8.xml,1,kg,EU+EFTA+UK,utilities,,,"The data set represents the incineration of waste, details about the waste composition, water conten",scraped_from_ilcd
abaf4e6b-0f85-426e-81fa-c5840a8b7d80,,utilities,processes/abaf4e6b-0f85-426e-81fa-c5840a8b7d80.xml,1,kg,NL,utilities,,,"The data set represents the incineration of waste, details about the waste composition, water conten",scraped_from_ilcd
94e40142-0694-4466-b4d4-aa6a5cf07822,,utilities,processes/94e40142-0694-4466-b4d4-aa6a5cf07822.xml,1,kg,RNA,utilities,,,"The data set represents the incineration of waste, details about the waste composition, water conten",scraped_from_ilcd
dcbf6774-4120-4b92-8a58-29f305120a92,,utilities,processes/dcbf6774-4120-4b92-8a58-29f305120a92.xml,1,kg,BE,utilities,,,"The data set represents the incineration of waste, details about the waste composition, water conten",scraped_from_ilcd
d32f9c17-8e20-4d25-8341-4fffe58d75ef,,utilities,processes/d32f9c17-8e20-4d25-8341-4fffe58d75ef.xml,1,kg,HU,utilities,,,"The data set represents the incineration of waste, details about the waste composition, water conten",scraped_from_ilcd
d5f839a6-3d5b-47c4-9f9d-09809bf8c2de,,utilities,processes/d5f839a6-3d5b-47c4-9f9d-09809bf8c2de.xml,1,kg,AT,utilities,,,"The data set represents the incineration of waste, details about the waste composition, water conten",scraped_from_ilcd
775d3919-5f81-4997-8120-2db404d2bad9,,utilities,processes/775d3919-5f81-4997-8120-2db404d2bad9.xml,1,kg,PT,utilities,,,"The data set represents the incineration of waste, details about the waste composition, water conten",scraped_from_ilcd
f096c9d7-7076-50d3-9d53-2ffc9360e036,,utilities,processes/f096c9d7-7076-50d3-9d53-2ffc9360e036.xml,1,kg,GLO,utilities,,,"In this model, the bio-polishing treatment is done with cold rinsing and drying followed. Cellulase ",scraped_from_ilcd
48e8512f-401b-4759-a7d1-482d3c3d7b0a,,utilities,processes/48e8512f-401b-4759-a7d1-482d3c3d7b0a.xml,1,kg,ROC,utilities,,,"The data set represents the incineration of waste, details about the waste composition, water conten",scraped_from_ilcd
a6600268-20bd-4063-9dd1-124b1254800e,,utilities,processes/a6600268-20bd-4063-9dd1-124b1254800e.xml,1,kg,NO,utilities,,,"The data set represents the incineration of waste, details about the waste composition, water conten",scraped_from_ilcd
e1a68fa1-682e-5c2a-a79a-435531fc03aa,,utilities,processes/e1a68fa1-682e-5c2a-a79a-435531fc03aa.xml,1,kg,GLO,utilities,,,Plasma treatment can be performed in an evacuated enclosure or chamber. The air is pumped out and ga,scraped_from_ilcd
f2d18ddd-89c7-5a84-9e64-9cd1d26d60fd,,utilities,processes/f2d18ddd-89c7-5a84-9e64-9cd1d26d60fd.xml,1,kg,GLO,utilities,,,"In this model, the bio-polishing treatment is done with cold rinsing and drying followed. Cellulase ",scraped_from_ilcd
036307fb-9c35-4762-b6a7-322849ff73d9,,utilities,processes/036307fb-9c35-4762-b6a7-322849ff73d9.xml,1,kg,CZ,utilities,,,"The data set represents the incineration of waste, details about the waste composition, water conten",scraped_from_ilcd
c7cd7a5d-bb36-48f4-a600-519cc32d9271,,utilities,processes/c7cd7a5d-bb36-48f4-a600-519cc32d9271.xml,1,kg,SE,utilities,,,"The data set represents the incineration of waste, details about the waste composition, water conten",scraped_from_ilcd
93b6915e-351e-5610-8ce1-55c4a518d854,,utilities,processes/93b6915e-351e-5610-8ce1-55c4a518d854.xml,1,kg,EU+EFTA+UK,utilities,,,40 celcius degree is classified as warm water washing and also commonly used by consumers. This sett,scraped_from_ilcd
7b042fac-f27b-55b2-a597-58ea18edcd03,,utilities,processes/7b042fac-f27b-55b2-a597-58ea18edcd03.xml,1,kg,RNA,utilities,,,The activity starts with the dried sawn wood from air and kiln drying with a gravimetric water conte,scraped_from_ilcd
9ff10500-6582-4629-8b98-9d0c68b3a2c5,,utilities,processes/9ff10500-6582-4629-8b98-9d0c68b3a2c5.xml,1,kg,RAS,utilities,,,"The data set represents the incineration of waste, details about the waste composition, water conten",scraped_from_ilcd
c246a02c-cef5-40c1-b480-ad215b2290da,,utilities,processes/c246a02c-cef5-40c1-b480-ad215b2290da.xml,1,kg,IT,utilities,,,"The data set represents the incineration of waste, details about the waste composition, water conten",scraped_from_ilcd
e419a646-ba8a-448c-9ce7-054b2c7bd314,,utilities,processes/e419a646-ba8a-448c-9ce7-054b2c7bd314.xml,1,kg,GB,utilities,,,"The data set represents the incineration of waste, details about the waste composition, water conten",scraped_from_ilcd
f53605f6-81e9-4b73-b793-d0078aa68b24,,utilities,processes/f53605f6-81e9-4b73-b793-d0078aa68b24.xml,1,kg,GLO,utilities,,,"The data set represents the incineration of waste, details about the waste composition, water conten",scraped_from_ilcd
59006015-be52-4365-b8de-f3b9eb09cc75,,utilities,processes/59006015-be52-4365-b8de-f3b9eb09cc75.xml,1,kg,LT,utilities,,,"The data set represents the incineration of waste, details about the waste composition, water conten",scraped_from_ilcd
a7b945c4-d0e6-44b4-bd04-c90776019069,,utilities,processes/a7b945c4-d0e6-44b4-bd04-c90776019069.xml,1,kg,RAF,utilities,,,"The data set represents the incineration of waste, details about the waste composition, water conten",scraped_from_ilcd
cc8f4081-f713-4584-86de-8745beb60ecb,,utilities,processes/cc8f4081-f713-4584-86de-8745beb60ecb.xml,1,kg,NL,utilities,,,"The data set represents the incineration of waste, details about the waste composition, water conten",scraped_from_ilcd
8137b889-a1d8-4109-8aa7-e2aaee38fa5f,,utilities,processes/8137b889-a1d8-4109-8aa7-e2aaee38fa5f.xml,1,kg,EU+EFTA+UK,utilities,,,"The data set represents the incineration of waste, details about the waste composition, water conten",scraped_from_ilcd
6f141655-0abf-4f71-a860-3fa2da6dd110,,utilities,processes/6f141655-0abf-4f71-a860-3fa2da6dd110.xml,1,kg,ES,utilities,,,"The data set represents the incineration of waste, details about the waste composition, water conten",scraped_from_ilcd
77f3b460-d6ca-47ef-a8d2-1e04d8175b41,,utilities,processes/77f3b460-d6ca-47ef-a8d2-1e04d8175b41.xml,1,kg,RAF,utilities,,,"The data set represents the incineration of waste, details about the waste composition, water conten",scraped_from_ilcd
ed6c9e86-bc53-472b-8aee-fae444f6666a,,utilities,processes/ed6c9e86-bc53-472b-8aee-fae444f6666a.xml,1,kg,PT,utilities,,,"The data set represents the incineration of waste, details about the waste composition, water conten",scraped_from_ilcd
53c10e11-4611-4991-b4bf-9223189bad0a,,utilities,processes/53c10e11-4611-4991-b4bf-9223189bad0a.xml,1,kg,PL,utilities,,,"The data set represents the incineration of waste, details about the waste composition, water conten",scraped_from_ilcd
da271d09-03ba-46fd-91ae-b2fa15279633,,utilities,processes/da271d09-03ba-46fd-91ae-b2fa15279633.xml,1,kg,IT,utilities,,,"The data set represents the incineration of waste, details about the waste composition, water conten",scraped_from_ilcd
e22f6af0-f302-4bf5-8c72-da2f3dfe5d21,,utilities,processes/e22f6af0-f302-4bf5-8c72-da2f3dfe5d21.xml,1,kg,GB,utilities,,,"The data set represents the incineration of waste, details about the waste composition, water conten",scraped_from_ilcd
a163c0e5-9797-4d7c-9ba6-49665a1a6816,,utilities,processes/a163c0e5-9797-4d7c-9ba6-49665a1a6816.xml,1,kg,DK,utilities,,,"The data set represents the incineration of waste, details about the waste composition, water conten",scraped_from_ilcd
c15514fb-e592-52be-8929-0adec40b53d1,,utilities,processes/c15514fb-e592-52be-8929-0adec40b53d1.xml,1,kg,RNA,utilities,,,The activity starts with the dried sawn wood from air and kiln drying with a gravimetric water conte,scraped_from_ilcd
0da60adb-6858-473e-a443-d52d02d2f079,,utilities,processes/0da60adb-6858-473e-a443-d52d02d2f079.xml,1,kg,FR,utilities,,,"The data set represents the incineration of waste, details about the waste composition, water conten",scraped_from_ilcd
9d0478e7-ef4d-4f16-bbe4-0448fb5df7fc,,utilities,processes/9d0478e7-ef4d-4f16-bbe4-0448fb5df7fc.xml,1,kg,NO,utilities,,,"The data set represents the incineration of waste, details about the waste composition, water conten",scraped_from_ilcd
0de4fddf-2c23-4abd-b484-b001b8f14277,,utilities,processes/0de4fddf-2c23-4abd-b484-b001b8f14277.xml,1,kg,FR,utilities,,,"The data set represents the incineration of waste, details about the waste composition, water conten",scraped_from_ilcd
363462fc-4060-447e-9764-25cfa664c25c,,utilities,processes/363462fc-4060-447e-9764-25cfa664c25c.xml,1,kg,FR,utilities,,,"The data set represents the incineration of waste, details about the waste composition, water conten",scraped_from_ilcd
d1d23eaf-f3a8-5b4a-97db-98dfe29777f6,,utilities,processes/d1d23eaf-f3a8-5b4a-97db-98dfe29777f6.xml,1,kg,EU+EFTA+UK,utilities,,,40 celcius degree is classified as warm water washing and also commonly used by consumers. This sett,scraped_from_ilcd
f6d62384-2fc9-41cc-ba55-67e82596a77c,,utilities,processes/f6d62384-2fc9-41cc-ba55-67e82596a77c.xml,1,kg,BE,utilities,,,"The data set represents the incineration of waste, details about the waste composition, water conten",scraped_from_ilcd
f655c7ca-e55b-4a7b-9f5e-47daa78295b2,,utilities,processes/f655c7ca-e55b-4a7b-9f5e-47daa78295b2.xml,1,kg,SK,utilities,,,"The data set represents the incineration of waste, details about the waste composition, water conten",scraped_from_ilcd
ab1972f5-410c-4103-9f1f-3f8f32e1dc03,,utilities,processes/ab1972f5-410c-4103-9f1f-3f8f32e1dc03.xml,1,kg,LT,utilities,,,"The data set represents the incineration of waste, details about the waste composition, water conten",scraped_from_ilcd
b8ec5409-c1e6-5ad6-b560-9c14805665cd,,utilities,processes/b8ec5409-c1e6-5ad6-b560-9c14805665cd.xml,1,kg,GLO,utilities,,,Water pressure is used for bonding in leisure and sports shoes using hydraulic pressure to press com,scraped_from_ilcd
5295ebe0-38cd-4fb7-99ab-29a183a391dc,,utilities,processes/5295ebe0-38cd-4fb7-99ab-29a183a391dc.xml,1,kg,NO,utilities,,,"The data set represents the incineration of waste, details about the waste composition, water conten",scraped_from_ilcd
e84286a5-67a3-4417-97d1-dd7a19923163,,utilities,processes/e84286a5-67a3-4417-97d1-dd7a19923163.xml,1,kg,CH,utilities,,,"The data set represents the incineration of waste, details about the waste composition, water conten",scraped_from_ilcd
161f3f3a-5587-45c7-8e10-49044e12a7c2,,utilities,processes/161f3f3a-5587-45c7-8e10-49044e12a7c2.xml,1,kg,CZ,utilities,,,"The data set represents the incineration of waste, details about the waste composition, water conten",scraped_from_ilcd
405299c2-8bd1-52b9-821d-cc4f38d3dfd9,,utilities,processes/405299c2-8bd1-52b9-821d-cc4f38d3dfd9.xml,1,kg,SE,utilities,,,The activity starts with the dried sawn wood from air and kiln drying with a gravimetric water conte,scraped_from_ilcd
9f3c73cc-5403-48ef-967c-b524a882bf19,,utilities,processes/9f3c73cc-5403-48ef-967c-b524a882bf19.xml,1,kg,RAS,utilities,,,"The data set represents the incineration of waste, details about the waste composition, water conten",scraped_from_ilcd
a4a2abe5-d791-472c-bd8f-b6b51d8b4598,,utilities,processes/a4a2abe5-d791-472c-bd8f-b6b51d8b4598.xml,1,kg,RNA,utilities,,,"The data set represents the incineration of waste, details about the waste composition, water conten",scraped_from_ilcd
3410d895-4f2d-44c1-9520-1578af06bb59,,utilities,processes/3410d895-4f2d-44c1-9520-1578af06bb59.xml,1,kg,PL,utilities,,,"The data set represents the incineration of waste, details about the waste composition, water conten",scraped_from_ilcd
7dbeb39f-0435-4d27-884c-4858f37aceb8,,utilities,processes/7dbeb39f-0435-4d27-884c-4858f37aceb8.xml,1,kg,ROC,utilities,,,"The data set represents the incineration of waste, details about the waste composition, water conten",scraped_from_ilcd
6feaa4ff-6b8d-41d8-99e8-1cf88ea1a071,,utilities,processes/6feaa4ff-6b8d-41d8-99e8-1cf88ea1a071.xml,1,kg,PL,utilities,,,"The data set represents the incineration of waste, details about the waste composition, water conten",scraped_from_ilcd
09fc0557-5097-55fd-9810-7e7a58eb098a,,utilities,processes/09fc0557-5097-55fd-9810-7e7a58eb098a.xml,1,kg,RNA,utilities,,,The activity starts with the dried sawn wood from air and kiln drying with a gravimetric water conte,scraped_from_ilcd
1e4d3d69-0ab3-48f0-9408-fd4f06664f6b,,utilities,processes/1e4d3d69-0ab3-48f0-9408-fd4f06664f6b.xml,1,kg,AT,utilities,,,"The data set represents the incineration of waste, details about the waste composition, water conten",scraped_from_ilcd
be70aea1-02a1-4e9c-8503-42b2d7142eb2,,utilities,processes/be70aea1-02a1-4e9c-8503-42b2d7142eb2.xml,1,kg,BE,utilities,,,"The data set represents the incineration of waste, details about the waste composition, water conten",scraped_from_ilcd
cc21f6a9-5052-407c-802e-83bf261d6419,,utilities,processes/cc21f6a9-5052-407c-802e-83bf261d6419.xml,1,kg,CZ,utilities,,,"The data set represents the incineration of waste, details about the waste composition, water conten",scraped_from_ilcd
d0059b28-9a28-43c0-ab8d-f70437e8cde6,,utilities,processes/d0059b28-9a28-43c0-ab8d-f70437e8cde6.xml,1,kg,GB,utilities,,,"The data set represents the incineration of waste, details about the waste composition, water conten",scraped_from_ilcd
0aa135f4-8d08-460c-8ebb-b253250414e4,,utilities,processes/0aa135f4-8d08-460c-8ebb-b253250414e4.xml,1,kg,BE,utilities,,,"The data set represents the incineration of waste, details about the waste composition, water conten",scraped_from_ilcd
06dcd41a-f021-4ca2-86ff-fd87dcae6f8b,,utilities,processes/06dcd41a-f021-4ca2-86ff-fd87dcae6f8b.xml,1,kg,ES,utilities,,,"The data set represents the incineration of waste, details about the waste composition, water conten",scraped_from_ilcd
61568d5a-79fb-429c-a531-7b1e48a0326a,,utilities,processes/61568d5a-79fb-429c-a531-7b1e48a0326a.xml,1,kg,EU+EFTA+UK,utilities,,,"The data set represents the incineration of waste, details about the waste composition, water conten",scraped_from_ilcd
5f3476c1-da1c-4fd2-bf0d-0f3449e020c7,,utilities,processes/5f3476c1-da1c-4fd2-bf0d-0f3449e020c7.xml,1,kg,RAS,utilities,,,"The data set represents the incineration of waste, details about the waste composition, water conten",scraped_from_ilcd
361a072c-8997-46ee-a832-3ad848a2acdb,,utilities,processes/361a072c-8997-46ee-a832-3ad848a2acdb.xml,1,kg,EE,utilities,,,"The data set represents the incineration of waste, details about the waste composition, water conten",scraped_from_ilcd
815ea719-76f2-4a56-a1d6-c793b868c5ee,,utilities,processes/815ea719-76f2-4a56-a1d6-c793b868c5ee.xml,1,kg,FI,utilities,,,"The data set represents the incineration of waste, details about the waste composition, water conten",scraped_from_ilcd
77f5e536-f4b8-4f22-ad8b-b9ae1d9b5bd7,,utilities,processes/77f5e536-f4b8-4f22-ad8b-b9ae1d9b5bd7.xml,1,kg,IE,utilities,,,"The data set represents the incineration of waste, details about the waste composition, water conten",scraped_from_ilcd
11792c2b-5d94-453b-9d6c-7d7a4fe63578,,utilities,processes/11792c2b-5d94-453b-9d6c-7d7a4fe63578.xml,1,kg,IT,utilities,,,"The data set represents the incineration of waste, details about the waste composition, water conten",scraped_from_ilcd
2c799082-b597-4336-886d-79bc5a37830a,,utilities,processes/2c799082-b597-4336-886d-79bc5a37830a.xml,1,kg,NL,utilities,,,"The data set represents the incineration of waste, details about the waste composition, water conten",scraped_from_ilcd
8b9889ef-547e-4beb-a05e-b4e2745480c5,,utilities,processes/8b9889ef-547e-4beb-a05e-b4e2745480c5.xml,1,kg,RAF,utilities,,,"The data set represents the incineration of waste, details about the waste composition, water conten",scraped_from_ilcd
a087159d-e521-47cd-b30c-29180a91e1c7,,utilities,processes/a087159d-e521-47cd-b30c-29180a91e1c7.xml,1,kg,BE,utilities,,,"The data set represents the incineration of waste, details about the waste composition, water conten",scraped_from_ilcd
43162ca2-b418-44a5-be98-f56a302622aa,,utilities,processes/43162ca2-b418-44a5-be98-f56a302622aa.xml,1,kg,EE,utilities,,,"The data set represents the incineration of waste, details about the waste composition, water conten",scraped_from_ilcd
33dd2f0f-05b8-411c-a1b3-5420d74095bf,,utilities,processes/33dd2f0f-05b8-411c-a1b3-5420d74095bf.xml,1,kg,PL,utilities,,,"The data set represents the incineration of waste, details about the waste composition, water conten",scraped_from_ilcd
233fbf4e-1a77-49a3-bdb5-dbe3bec8e65c,,utilities,processes/233fbf4e-1a77-49a3-bdb5-dbe3bec8e65c.xml,1,kg,CH,utilities,,,"The data set represents the incineration of waste, details about the waste composition, water conten",scraped_from_ilcd
14c7e8b5-b685-5cd6-a6ce-a506b17d8679,,utilities,processes/14c7e8b5-b685-5cd6-a6ce-a506b17d8679.xml,1,kg,GLO,utilities,,,Plasma treatment can be performed in an evacuated enclosure or chamber. The air is pumped out and ga,scraped_from_ilcd
b021d9fc-1ea4-519b-b1dc-f5e32f8c1a15,,utilities,processes/b021d9fc-1ea4-519b-b1dc-f5e32f8c1a15.xml,1,kg,"WORLD (WITHOUT EU+EFTA+UK, US AND CA)",utilities,,,The activity starts with the dried sawn wood from air and kiln drying with a gravimetric water conte,scraped_from_ilcd
65b65994-ab80-4227-873b-7e7086e28558,,utilities,processes/65b65994-ab80-4227-873b-7e7086e28558.xml,1,kg,HU,utilities,,,"The data set represents the incineration of waste, details about the waste composition, water conten",scraped_from_ilcd
5c22fd77-12e5-4d76-966d-0f390d5d3df0,,utilities,processes/5c22fd77-12e5-4d76-966d-0f390d5d3df0.xml,1,kg,ROC,utilities,,,"The data set represents the incineration of waste, details about the waste composition, water conten",scraped_from_ilcd
a738ac06-6a3a-4c19-8272-a84b9db3f13e,,utilities,processes/a738ac06-6a3a-4c19-8272-a84b9db3f13e.xml,1,kg,FR,utilities,,,"The data set represents the incineration of waste, details about the waste composition, water conten",scraped_from_ilcd
09693da3-dcc7-493c-8b4d-8410f1c1964a,,utilities,processes/09693da3-dcc7-493c-8b4d-8410f1c1964a.xml,1,kg,BE,utilities,,,"The data set represents the incineration of waste, details about the waste composition, water conten",scraped_from_ilcd
6f8e5587-e50c-4a08-bd2c-0a926e623153,,utilities,processes/6f8e5587-e50c-4a08-bd2c-0a926e623153.xml,1,kg,LT,utilities,,,"The data set represents the incineration of waste, details about the waste composition, water conten",scraped_from_ilcd
4b34fe62-33b1-4c3d-a07d-df7732f4a9a4,,utilities,processes/4b34fe62-33b1-4c3d-a07d-df7732f4a9a4.xml,1,kg,HU,utilities,,,"The data set represents the incineration of waste, details about the waste composition, water conten",scraped_from_ilcd
014e46d4-4d3a-4f2e-a763-518d4de2e24e,,utilities,processes/014e46d4-4d3a-4f2e-a763-518d4de2e24e.xml,1,kg,CZ,utilities,,,"The data set represents the incineration of waste, details about the waste composition, water conten",scraped_from_ilcd
8976e476-b273-4913-a976-cf2575c6f793,,utilities,processes/8976e476-b273-4913-a976-cf2575c6f793.xml,1,kg,SE,utilities,,,"The data set represents the incineration of waste, details about the waste composition, water conten",scraped_from_ilcd
ca9032be-a50b-4210-a72b-51c1d518f1bc,,utilities,processes/ca9032be-a50b-4210-a72b-51c1d518f1bc.xml,1,kg,GB,utilities,,,"The data set represents the incineration of waste, details about the waste composition, water conten",scraped_from_ilcd
ed910ad7-276a-45a4-9db7-3a5e4375239b,,utilities,processes/ed910ad7-276a-45a4-9db7-3a5e4375239b.xml,1,kg,RNA,utilities,,,"The data set represents the incineration of waste, details about the waste composition, water conten",scraped_from_ilcd
b90be7d6-c176-4b36-bc40-5b912c3a9c1c,,utilities,processes/b90be7d6-c176-4b36-bc40-5b912c3a9c1c.xml,1,kg,ES,utilities,,,"The data set represents the incineration of waste, details about the waste composition, water conten",scraped_from_ilcd
773b8f01-2263-4d3d-a6f9-11dd316d4a58,,utilities,processes/773b8f01-2263-4d3d-a6f9-11dd316d4a58.xml,1,kg,EU+EFTA+UK,utilities,,,"The data set represents the incineration of waste, details about the waste composition, water conten",scraped_from_ilcd
a6ff6068-abe1-4409-89e8-e5f370f3f231,,utilities,processes/a6ff6068-abe1-4409-89e8-e5f370f3f231.xml,1,kg,ES,utilities,,,"The data set represents the incineration of waste, details about the waste composition, water conten",scraped_from_ilcd
18ec50d6-0084-4a14-b10a-88d4dbbee868,,utilities,processes/18ec50d6-0084-4a14-b10a-88d4dbbee868.xml,1,kg,LT,utilities,,,"The data set represents the incineration of waste, details about the waste composition, water conten",scraped_from_ilcd
f8068236-c001-4cfb-b09d-e1e26a0602f1,,utilities,processes/f8068236-c001-4cfb-b09d-e1e26a0602f1.xml,1,kg,FI,utilities,,,"The data set represents the incineration of waste, details about the waste composition, water conten",scraped_from_ilcd
f7f901df-00b5-4b60-bf66-cf0336235dd0,,utilities,processes/f7f901df-00b5-4b60-bf66-cf0336235dd0.xml,1,kg,EU+EFTA+UK,utilities,,,"The data set represents the incineration of waste, details about the waste composition, water conten",scraped_from_ilcd
2cbdc30b-e608-4fcf-a380-fdda30b1834e,,utilities,processes/2cbdc30b-e608-4fcf-a380-fdda30b1834e.xml,1,kg,EU+EFTA+UK,utilities,,,"The data set represents the incineration of waste, details about the waste composition, water conten",scraped_from_ilcd
75147ad3-1e62-49ef-8505-c2dd4826456c,,utilities,processes/75147ad3-1e62-49ef-8505-c2dd4826456c.xml,1,kg,FI,utilities,,,"The data set represents the incineration of waste, details about the waste composition, water conten",scraped_from_ilcd
5ddf025e-70fd-4f2b-ad77-5bad560fc261,,utilities,processes/5ddf025e-70fd-4f2b-ad77-5bad560fc261.xml,1,kg,GB,utilities,,,"The data set represents the incineration of waste, details about the waste composition, water conten",scraped_from_ilcd
82f8afcc-0eda-452e-bb35-caf32dee20b9,,utilities,processes/82f8afcc-0eda-452e-bb35-caf32dee20b9.xml,1,kg,LT,utilities,,,"The data set represents the incineration of waste, details about the waste composition, water conten",scraped_from_ilcd
82c488b5-adeb-4e32-ac94-dc0951ace6e5,,utilities,processes/82c488b5-adeb-4e32-ac94-dc0951ace6e5.xml,1,kg,AT,utilities,,,"The data set represents the incineration of waste, details about the waste composition, water conten",scraped_from_ilcd
02df6e94-b173-5509-ada6-15f64b0f13ce,,utilities,processes/02df6e94-b173-5509-ada6-15f64b0f13ce.xml,1,kg,GLO,utilities,,,Water pressure is used for bonding in leisure and sports shoes using hydraulic pressure to press com,scraped_from_ilcd
70f28618-a372-42eb-9b55-4035c440f770,,utilities,processes/70f28618-a372-42eb-9b55-4035c440f770.xml,1,kg,CZ,utilities,,,"The data set represents the incineration of waste, details about the waste composition, water conten",scraped_from_ilcd
988d3170-fea0-4587-8db3-fa20442d8162,,utilities,processes/988d3170-fea0-4587-8db3-fa20442d8162.xml,1,kg,CZ,utilities,,,"The data set represents the incineration of waste, details about the waste composition, water conten",scraped_from_ilcd
61a9a820-4449-4713-bf15-f6fbd093b7d7,,utilities,processes/61a9a820-4449-4713-bf15-f6fbd093b7d7.xml,1,kg,AT,utilities,,,"The data set represents the incineration of waste, details about the waste composition, water conten",scraped_from_ilcd
e37951f1-ce09-48aa-b929-61827859838e,,utilities,processes/e37951f1-ce09-48aa-b929-61827859838e.xml,1,kg,NO,utilities,,,"The data set represents the incineration of waste, details about the waste composition, water conten",scraped_from_ilcd
87be1640-0aa8-4ca7-96e1-0e4b0b80c555,,utilities,processes/87be1640-0aa8-4ca7-96e1-0e4b0b80c555.xml,1,kg,SE,utilities,,,"The data set represents the incineration of waste, details about the waste composition, water conten",scraped_from_ilcd
a8d4e0c1-dc19-4720-b761-9f2432bf44c7,,utilities,processes/a8d4e0c1-dc19-4720-b761-9f2432bf44c7.xml,1,kg,ES,utilities,,,"The data set represents the incineration of waste, details about the waste composition, water conten",scraped_from_ilcd
a63b9e5f-4f5e-5057-9cd9-8dbf945886fa,,utilities,processes/a63b9e5f-4f5e-5057-9cd9-8dbf945886fa.xml,1,kg,GLO,utilities,,,"The drying machine used in this process does not produce any sewage in the drying process, saving en",scraped_from_ilcd
c1d2d859-25d9-49e2-b8d8-774d00b1371b,,utilities,processes/c1d2d859-25d9-49e2-b8d8-774d00b1371b.xml,1,kg,SE,utilities,,,"The data set represents the incineration of waste, details about the waste composition, water conten",scraped_from_ilcd
57da3ebb-6732-483d-a4cb-6cd2e3a90e37,,utilities,processes/57da3ebb-6732-483d-a4cb-6cd2e3a90e37.xml,1,kg,RAS,utilities,,,"The data set represents the incineration of waste, details about the waste composition, water conten",scraped_from_ilcd
ef_2baf17e3,,utilities,processes/ef_2baf17e3.xml,1,kg,EU+EFTA+UK,utilities,,,"60 celcius degree is classified as hot water washing and also commonly used by consumers. However,  ",scraped_from_ilcd
1ea1eb32-bfe7-458c-97af-cf5298bccd14,,utilities,processes/1ea1eb32-bfe7-458c-97af-cf5298bccd14.xml,1,kg,SE,utilities,,,"The data set represents the incineration of waste, details about the waste composition, water conten",scraped_from_ilcd
353a9801-a5b9-45f4-988a-18d81efbfe4c,,utilities,processes/353a9801-a5b9-45f4-988a-18d81efbfe4c.xml,1,kg,GLO,utilities,,,"The data set represents the incineration of waste, details about the waste composition, water conten",scraped_from_ilcd
9b04fd08-b69c-55fe-bc1c-29ba727bd7ca,,utilities,processes/9b04fd08-b69c-55fe-bc1c-29ba727bd7ca.xml,1,kg,EU+EFTA+UK,utilities,,,The activity starts with the dried sawn wood from air and kiln drying with a gravimetric water conte,scraped_from_ilcd
17207520-e8bf-4835-a192-f397e93c444d,,utilities,processes/17207520-e8bf-4835-a192-f397e93c444d.xml,1,kg,BE,utilities,,,"The data set represents the incineration of waste, details about the waste composition, water conten",scraped_from_ilcd
053d283e-ae80-41c1-876e-b0ec1cf35942,,utilities,processes/053d283e-ae80-41c1-876e-b0ec1cf35942.xml,1,kg,CZ,utilities,,,"The data set represents the incineration of waste, details about the waste composition, water conten",scraped_from_ilcd
a52af3c9-08b7-48ab-9309-74da8356245d,,utilities,processes/a52af3c9-08b7-48ab-9309-74da8356245d.xml,1,kg,DK,utilities,,,"The data set represents the incineration of waste, details about the waste composition, water conten",scraped_from_ilcd
29505d4e-27e0-4462-8b29-e2c657e04d99,,utilities,processes/29505d4e-27e0-4462-8b29-e2c657e04d99.xml,1,kg,SE,utilities,,,"The data set represents the incineration of waste, details about the waste composition, water conten",scraped_from_ilcd
1f5bb110-7b85-42f7-857e-802ff0c95ff6,,utilities,processes/1f5bb110-7b85-42f7-857e-802ff0c95ff6.xml,1,kg,EU+EFTA+UK,utilities,,,"The data set represents the incineration of waste, details about the waste composition, water conten",scraped_from_ilcd
a4035a59-c383-4b2b-8720-dbe971c1812a,,utilities,processes/a4035a59-c383-4b2b-8720-dbe971c1812a.xml,1,kg,LU,utilities,,,"The data set represents the incineration of waste, details about the waste composition, water conten",scraped_from_ilcd
795a2c47-78ed-4679-93d1-e81915ae1b41,,utilities,processes/795a2c47-78ed-4679-93d1-e81915ae1b41.xml,1,kg,IT,utilities,,,"The data set represents the incineration of waste, details about the waste composition, water conten",scraped_from_ilcd
5ac6e56a-aeb9-4a10-98e3-1953fc8b77f4,,utilities,processes/5ac6e56a-aeb9-4a10-98e3-1953fc8b77f4.xml,1,kg,EU+EFTA+UK,utilities,,,"The data set represents the incineration of waste, details about the waste composition, water conten",scraped_from_ilcd
bf4f564f-1f60-4ab6-9c2f-dbd19c2b6f20,,utilities,processes/bf4f564f-1f60-4ab6-9c2f-dbd19c2b6f20.xml,1,kg,EU+EFTA+UK,utilities,,,"The data set represents the incineration of waste, details about the waste composition, water conten",scraped_from_ilcd
837caf42-0ac5-46d9-bb6a-928797058d15,,utilities,processes/837caf42-0ac5-46d9-bb6a-928797058d15.xml,1,kg,LU,utilities,,,"The data set represents the incineration of waste, details about the waste composition, water conten",scraped_from_ilcd
4e8abe2e-4ed8-46e2-859a-ae8008993df6,,utilities,processes/4e8abe2e-4ed8-46e2-859a-ae8008993df6.xml,1,kg,SE,utilities,,,"The data set represents the incineration of waste, details about the waste composition, water conten",scraped_from_ilcd
72addc59-c8bc-4727-8635-db78bf28580b,,utilities,processes/72addc59-c8bc-4727-8635-db78bf28580b.xml,1,kg,PT,utilities,,,"The data set represents the incineration of waste, details about the waste composition, water conten",scraped_from_ilcd
d2d9d8a3-1082-4d48-8707-4749c50a977e,,utilities,processes/d2d9d8a3-1082-4d48-8707-4749c50a977e.xml,1,kg,PT,utilities,,,"The data set represents the incineration of waste, details about the waste composition, water conten",scraped_from_ilcd
cca95289-ae25-4e4e-a780-3b54cc0f45ba,,utilities,processes/cca95289-ae25-4e4e-a780-3b54cc0f45ba.xml,1,kg,AT,utilities,,,"The data set represents the incineration of waste, details about the waste composition, water conten",scraped_from_ilcd
c4711a8c-dc08-4978-8275-68357d9c50ab,,utilities,processes/c4711a8c-dc08-4978-8275-68357d9c50ab.xml,1,kg,EU+EFTA+UK,utilities,,,"The data set represents the incineration of waste, details about the waste composition, water conten",scraped_from_ilcd
e1b64857-3e94-4356-93ef-fcb9bec2fe99,,utilities,processes/e1b64857-3e94-4356-93ef-fcb9bec2fe99.xml,1,kg,GB,utilities,,,"The data set represents the incineration of waste, details about the waste composition, water conten",scraped_from_ilcd
67daa21e-ea56-4c2d-9ca4-0a2def034fd2,,utilities,processes/67daa21e-ea56-4c2d-9ca4-0a2def034fd2.xml,1,kg,CZ,utilities,,,"The data set represents the incineration of waste, details about the waste composition, water conten",scraped_from_ilcd
9d4d8326-3dc0-590e-96d2-9d37e74c65c0,,utilities,processes/9d4d8326-3dc0-590e-96d2-9d37e74c65c0.xml,1,kg,FI,utilities,,,The activity starts with the dried sawn wood from air and kiln drying with a gravimetric water conte,scraped_from_ilcd
d3ce70e4-aaec-470e-916d-8ce409ae97a2,,utilities,processes/d3ce70e4-aaec-470e-916d-8ce409ae97a2.xml,1,kg,IT,utilities,,,"The data set represents the incineration of waste, details about the waste composition, water conten",scraped_from_ilcd
914e441f-7fa4-4d61-b162-adc2bc153aef,,utilities,processes/914e441f-7fa4-4d61-b162-adc2bc153aef.xml,1,kg,LT,utilities,,,"The data set represents the incineration of waste, details about the waste composition, water conten",scraped_from_ilcd
69b39a11-9bef-4e02-a8a6-4e5887a3f39d,,utilities,processes/69b39a11-9bef-4e02-a8a6-4e5887a3f39d.xml,1,kg,EU+EFTA+UK,utilities,,,"The data set represents the incineration of waste, details about the waste composition, water conten",scraped_from_ilcd
660f1073-0d6e-4089-a7c7-ece68f597123,,utilities,processes/660f1073-0d6e-4089-a7c7-ece68f597123.xml,1,kg,LU,utilities,,,"The data set represents the incineration of waste, details about the waste composition, water conten",scraped_from_ilcd
010702b1-b39e-4d64-bcbc-dd826ee8654b,,utilities,processes/010702b1-b39e-4d64-bcbc-dd826ee8654b.xml,1,kg,IT,utilities,,,"The data set represents the incineration of waste, details about the waste composition, water conten",scraped_from_ilcd
9c96713f-0e7a-4d30-8cb9-e5c9049579d3,,utilities,processes/9c96713f-0e7a-4d30-8cb9-e5c9049579d3.xml,1,kg,AT,utilities,,,"The data set represents the incineration of waste, details about the waste composition, water conten",scraped_from_ilcd
e4216b5b-45cf-49d0-ad45-20b03e050704,,utilities,processes/e4216b5b-45cf-49d0-ad45-20b03e050704.xml,1,kg,IE,utilities,,,"The data set represents the incineration of waste, details about the waste composition, water conten",scraped_from_ilcd
5cff77d3-2e54-48b3-ac6f-b78613f6899a,,utilities,processes/5cff77d3-2e54-48b3-ac6f-b78613f6899a.xml,1,kg,LU,utilities,,,"The data set represents the incineration of waste, details about the waste composition, water conten",scraped_from_ilcd
bab0fb17-39a6-4171-b16a-a318a482ee20,,utilities,processes/bab0fb17-39a6-4171-b16a-a318a482ee20.xml,1,kg,EU+EFTA+UK,utilities,,,"The data set represents the incineration of waste, details about the waste composition, water conten",scraped_from_ilcd
88aba2df-3224-47e8-bceb-cf9cc3ab882c,,utilities,processes/88aba2df-3224-47e8-bceb-cf9cc3ab882c.xml,1,kg,ROC,utilities,,,"The data set represents the incineration of waste, details about the waste composition, water conten",scraped_from_ilcd
c779388a-654a-5998-ad5e-2249891afe4c,,utilities,processes/c779388a-654a-5998-ad5e-2249891afe4c.xml,1,kg,GLO,utilities,,,"This process includes a heat treatment that imparts shape retention, creates resistance, resilience,",scraped_from_ilcd
25f02396-7d64-45fb-b650-6e587898e5b9,,utilities,processes/25f02396-7d64-45fb-b650-6e587898e5b9.xml,1,kg,FR,utilities,,,"The data set represents the incineration of waste, details about the waste composition, water conten",scraped_from_ilcd
c0b34c11-a229-5521-b8b8-0c63d6f3cc91,,utilities,processes/c0b34c11-a229-5521-b8b8-0c63d6f3cc91.xml,1,kg,EU+EFTA+UK,utilities,,,The activity starts with the dried sawn wood from air and kiln drying with a gravimetric water conte,scraped_from_ilcd
e8fc1f90-e1b9-44ce-b76e-8be6f7f40d5c,,utilities,processes/e8fc1f90-e1b9-44ce-b76e-8be6f7f40d5c.xml,1,kg,PT,utilities,,,"The data set represents the incineration of waste, details about the waste composition, water conten",scraped_from_ilcd
ff36053f-825c-449d-91dd-d66be3c9f523,,utilities,processes/ff36053f-825c-449d-91dd-d66be3c9f523.xml,1,kg,ES,utilities,,,"The data set represents the incineration of waste, details about the waste composition, water conten",scraped_from_ilcd
fca45061-a4d6-4665-b583-8ec95c407fb5,,utilities,processes/fca45061-a4d6-4665-b583-8ec95c407fb5.xml,1,kg,DK,utilities,,,"The data set represents the incineration of waste, details about the waste composition, water conten",scraped_from_ilcd
b0789f72-3530-4842-831c-558901b5d1bc,,utilities,processes/b0789f72-3530-4842-831c-558901b5d1bc.xml,1,kg,GB,utilities,,,"The data set represents the incineration of waste, details about the waste composition, water conten",scraped_from_ilcd
c8350094-8be9-48e7-8054-c3e10249a157,,utilities,processes/c8350094-8be9-48e7-8054-c3e10249a157.xml,1,kg,FI,utilities,,,"The data set represents the incineration of waste, details about the waste composition, water conten",scraped_from_ilcd
5548ce0f-2cab-4560-ae94-fc868fd7fc49,,utilities,processes/5548ce0f-2cab-4560-ae94-fc868fd7fc49.xml,1,kg,FR,utilities,,,"The data set represents the incineration of waste, details about the waste composition, water conten",scraped_from_ilcd
a8127e22-f751-4e32-b2f3-c397bc8bae78,,utilities,processes/a8127e22-f751-4e32-b2f3-c397bc8bae78.xml,1,kg,SK,utilities,,,"The data set represents the incineration of waste, details about the waste composition, water conten",scraped_from_ilcd
adb72feb-0ac6-4bc5-9840-40d11d1aec78,,utilities,processes/adb72feb-0ac6-4bc5-9840-40d11d1aec78.xml,1,kg,PT,utilities,,,"The data set represents the incineration of waste, details about the waste composition, water conten",scraped_from_ilcd
82fac635-7534-470e-8cf6-463cc27f53f5,,utilities,processes/82fac635-7534-470e-8cf6-463cc27f53f5.xml,1,kg,NO,utilities,,,"The data set represents the incineration of waste, details about the waste composition, water conten",scraped_from_ilcd
9a44d834-b7f9-48b7-bda3-ce7c1ff3e53c,,utilities,processes/9a44d834-b7f9-48b7-bda3-ce7c1ff3e53c.xml,1,kg,BE,utilities,,,"The data set represents the incineration of waste, details about the waste composition, water conten",scraped_from_ilcd
aae47eb2-ddc3-41f6-af9c-87d889801174,,utilities,processes/aae47eb2-ddc3-41f6-af9c-87d889801174.xml,1,kg,LT,utilities,,,"The data set represents the incineration of waste, details about the waste composition, water conten",scraped_from_ilcd
82d6aae7-8fc5-4dfd-aebc-24616da261fe,,utilities,processes/82d6aae7-8fc5-4dfd-aebc-24616da261fe.xml,1,kg,LU,utilities,,,"The data set represents the incineration of waste, details about the waste composition, water conten",scraped_from_ilcd
7f1cf31a-cf95-4296-a923-e247a2cac515,,utilities,processes/7f1cf31a-cf95-4296-a923-e247a2cac515.xml,1,kg,CH,utilities,,,"The data set represents the incineration of waste, details about the waste composition, water conten",scraped_from_ilcd
39f38c77-f328-4f0b-b089-6a6c5f282b41,,utilities,processes/39f38c77-f328-4f0b-b089-6a6c5f282b41.xml,1,kg,HU,utilities,,,"The data set represents the incineration of waste, details about the waste composition, water conten",scraped_from_ilcd
ee968d02-2ff6-427b-870b-20675ea7b197,,utilities,processes/ee968d02-2ff6-427b-870b-20675ea7b197.xml,1,kg,FI,utilities,,,"The data set represents the incineration of waste, details about the waste composition, water conten",scraped_from_ilcd
7ab0c483-6324-4e4b-9bae-08b416a8f4cf,,utilities,processes/7ab0c483-6324-4e4b-9bae-08b416a8f4cf.xml,1,kg,PL,utilities,,,"The data set represents the incineration of waste, details about the waste composition, water conten",scraped_from_ilcd
16a86d5d-68d1-44f6-a201-614af7bdc5da,,utilities,processes/16a86d5d-68d1-44f6-a201-614af7bdc5da.xml,1,kg,LU,utilities,,,"The data set represents the incineration of waste, details about the waste composition, water conten",scraped_from_ilcd
8236a1b0-679f-4c8f-a3ac-c05b57a8cc33,,utilities,processes/8236a1b0-679f-4c8f-a3ac-c05b57a8cc33.xml,1,kg,IT,utilities,,,"The data set represents the incineration of waste, details about the waste composition, water conten",scraped_from_ilcd
2d606529-acbd-4518-a982-7cdc4ce4848a,,utilities,processes/2d606529-acbd-4518-a982-7cdc4ce4848a.xml,1,kg,CZ,utilities,,,"The data set represents the incineration of waste, details about the waste composition, water conten",scraped_from_ilcd
1fd842a3-12c4-45ee-9a84-a9a95e2d8f2e,,utilities,processes/1fd842a3-12c4-45ee-9a84-a9a95e2d8f2e.xml,1,kg,NL,utilities,,,"The data set represents the incineration of waste, details about the waste composition, water conten",scraped_from_ilcd
bd9072d9-d3bb-4594-9df4-a57aacdcf440,,utilities,processes/bd9072d9-d3bb-4594-9df4-a57aacdcf440.xml,1,kg,CH,utilities,,,"The data set represents the incineration of waste, details about the waste composition, water conten",scraped_from_ilcd
50459960-c600-4be0-a2a9-49a9e88f8f93,,utilities,processes/50459960-c600-4be0-a2a9-49a9e88f8f93.xml,1,kg,DK,utilities,,,"The data set represents the incineration of waste, details about the waste composition, water conten",scraped_from_ilcd
263d4e6f-c472-4fed-8f40-e484afa34fc8,,utilities,processes/263d4e6f-c472-4fed-8f40-e484afa34fc8.xml,1,kg,ES,utilities,,,"The data set represents the incineration of waste, details about the waste composition, water conten",scraped_from_ilcd
8f017fe3-74b6-433c-ab95-4d6696cb9553,,utilities,processes/8f017fe3-74b6-433c-ab95-4d6696cb9553.xml,1,kg,NL,utilities,,,"The data set represents the incineration of waste, details about the waste composition, water conten",scraped_from_ilcd
895f3719-4046-42ea-b43f-52993aa2c053,,utilities,processes/895f3719-4046-42ea-b43f-52993aa2c053.xml,1,kg,LU,utilities,,,"The data set represents the incineration of waste, details about the waste composition, water conten",scraped_from_ilcd
6fd56d7f-412f-51bf-83cb-4d6d5ee3a63d,,utilities,processes/6fd56d7f-412f-51bf-83cb-4d6d5ee3a63d.xml,1,kg,FI,utilities,,,The activity starts with the dried sawn wood from air and kiln drying with a gravimetric water conte,scraped_from_ilcd
e7193591-6424-55ae-bad9-a59a41a789c1,,utilities,processes/e7193591-6424-55ae-bad9-a59a41a789c1.xml,1,kg,GLO,utilities,,,"This process includes a heat treatment that imparts shape retention, creates resistance, resilience,",scraped_from_ilcd
c44171c4-dd04-4500-b56b-f1db25c027b9,,utilities,processes/c44171c4-dd04-4500-b56b-f1db25c027b9.xml,1,kg,PL,utilities,,,"The data set represents the incineration of waste, details about the waste composition, water conten",scraped_from_ilcd
3099c82c-db25-4819-9cc7-d05a948d4929,,utilities,processes/3099c82c-db25-4819-9cc7-d05a948d4929.xml,1,kg,RAS,utilities,,,"The data set represents the incineration of waste, details about the waste composition, water conten",scraped_from_ilcd
f791f436-5526-46e9-95fd-fa499ebbc469,,utilities,processes/f791f436-5526-46e9-95fd-fa499ebbc469.xml,1,kg,GB,utilities,,,"The data set represents the incineration of waste, details about the waste composition, water conten",scraped_from_ilcd
f2c7614e-a50c-4f77-b49c-76472649acd6,,utilities,processes/f2c7614e-a50c-4f77-b49c-76472649acd6.xml,1,kg,EU+EFTA+UK,utilities,,,"The data set represents the incineration of waste, details about the waste composition, water conten",scraped_from_ilcd
655c4bb8-c95d-4e4a-afbb-44ec4bdf0dde,,utilities,processes/655c4bb8-c95d-4e4a-afbb-44ec4bdf0dde.xml,1,kg,HU,utilities,,,"The data set represents the incineration of waste, details about the waste composition, water conten",scraped_from_ilcd
54a67fa6-6395-42d8-bcaf-04e44e85c317,,utilities,processes/54a67fa6-6395-42d8-bcaf-04e44e85c317.xml,1,kg,ES,utilities,,,"The data set represents the incineration of waste, details about the waste composition, water conten",scraped_from_ilcd
cbf9fd02-6ee4-5f65-a9d5-153046184724,,utilities,processes/cbf9fd02-6ee4-5f65-a9d5-153046184724.xml,1,kg,"WORLD (WITHOUT EU+EFTA+UK, US AND CA)",utilities,,,The activity starts with the dried sawn wood from air and kiln drying with a gravimetric water conte,scraped_from_ilcd
1b4cdb73-5acb-4264-a72f-a998cf759671,,utilities,processes/1b4cdb73-5acb-4264-a72f-a998cf759671.xml,1,kg,HU,utilities,,,"The data set represents the incineration of waste, details about the waste composition, water conten",scraped_from_ilcd
bda553dc-8a48-482b-88c3-76bb4c352ada,,utilities,processes/bda553dc-8a48-482b-88c3-76bb4c352ada.xml,1,kg,EU+EFTA+UK,utilities,,,"The data set represents the incineration of waste, details about the waste composition, water conten",scraped_from_ilcd
854c7ec3-04c4-46d1-b3fa-8849978ea2f1,,utilities,processes/854c7ec3-04c4-46d1-b3fa-8849978ea2f1.xml,1,kg,PT,utilities,,,"The data set represents the incineration of waste, details about the waste composition, water conten",scraped_from_ilcd
e767681a-7b0e-4359-8d31-caacd57432bb,,utilities,processes/e767681a-7b0e-4359-8d31-caacd57432bb.xml,1,kg,SK,utilities,,,"The data set represents the incineration of waste, details about the waste composition, water conten",scraped_from_ilcd
0ba395cf-da94-4075-8daa-7a354cd3b89f,,utilities,processes/0ba395cf-da94-4075-8daa-7a354cd3b89f.xml,1,kg,PT,utilities,,,"The data set represents the incineration of waste, details about the waste composition, water conten",scraped_from_ilcd
b1068f23-9fad-519f-b333-a9ca5c4da897,,utilities,processes/b1068f23-9fad-519f-b333-a9ca5c4da897.xml,1,kg,GLO,utilities,,,"The treatment is carried out using caustic soda, which determines the contraction and swelling of th",scraped_from_ilcd
9d0386f6-3208-47d1-bb39-b5277c6a4b13,,utilities,processes/9d0386f6-3208-47d1-bb39-b5277c6a4b13.xml,1,kg,IE,utilities,,,"The data set represents the incineration of waste, details about the waste composition, water conten",scraped_from_ilcd
8ebf7f72-2e64-427e-9c1c-ce2e448bd628,,utilities,processes/8ebf7f72-2e64-427e-9c1c-ce2e448bd628.xml,1,kg,EE,utilities,,,"The data set represents the incineration of waste, details about the waste composition, water conten",scraped_from_ilcd
a6ea33b2-6c8c-426a-b04d-24668462ccab,,utilities,processes/a6ea33b2-6c8c-426a-b04d-24668462ccab.xml,1,kg,SK,utilities,,,"The data set represents the incineration of waste, details about the waste composition, water conten",scraped_from_ilcd
9ef4dd4d-575a-4fe2-a2b9-76f55f74f090,,utilities,processes/9ef4dd4d-575a-4fe2-a2b9-76f55f74f090.xml,1,kg,LT,utilities,,,"The data set represents the incineration of waste, details about the waste composition, water conten",scraped_from_ilcd
c726123c-f6ab-4953-84f9-5128243c9b07,,utilities,processes/c726123c-f6ab-4953-84f9-5128243c9b07.xml,1,kg,EU+EFTA+UK,utilities,,,"The data set represents the incineration of waste, details about the waste composition, water conten",scraped_from_ilcd
6dec1953-f10f-4355-89ec-fa0ece9ebe68,,utilities,processes/6dec1953-f10f-4355-89ec-fa0ece9ebe68.xml,1,kg,EU+EFTA+UK,utilities,,,"The data set represents the incineration of waste, details about the waste composition, water conten",scraped_from_ilcd
c13287e3-ad32-4239-8933-3705ede10e53,,utilities,processes/c13287e3-ad32-4239-8933-3705ede10e53.xml,1,kg,SK,utilities,,,"The data set represents the incineration of waste, details about the waste composition, water conten",scraped_from_ilcd
951ee62b-0e9b-49b5-a0ed-86af2e3ac78b,,utilities,processes/951ee62b-0e9b-49b5-a0ed-86af2e3ac78b.xml,1,kg,GLO,utilities,,,"The data set represents the incineration of waste, details about the waste composition, water conten",scraped_from_ilcd
a3c8e4b0-aa51-5ecc-817b-ae1f4bb56dcc,,utilities,processes/a3c8e4b0-aa51-5ecc-817b-ae1f4bb56dcc.xml,1,kg,GLO,utilities,,,Uses Same technology as Anti Microbial treatment. Acarid (dust mite) treatment works because it remo,scraped_from_ilcd
9725fe12-0553-4d2f-b7a7-e107b26a59c0,,utilities,processes/9725fe12-0553-4d2f-b7a7-e107b26a59c0.xml,1,kg,LT,utilities,,,"The data set represents the incineration of waste, details about the waste composition, water conten",scraped_from_ilcd
81572528-4dee-4d7a-87be-7b05469d10d9,,utilities,processes/81572528-4dee-4d7a-87be-7b05469d10d9.xml,1,kg,CH,utilities,,,"The data set represents the incineration of waste, details about the waste composition, water conten",scraped_from_ilcd
36fd5ced-7475-4a4c-81c3-609771524178,,utilities,processes/36fd5ced-7475-4a4c-81c3-609771524178.xml,1,kg,NO,utilities,,,"The data set represents the incineration of waste, details about the waste composition, water conten",scraped_from_ilcd
9ac657ef-692a-427b-9fbf-0db794bf136e,,utilities,processes/9ac657ef-692a-427b-9fbf-0db794bf136e.xml,1,kg,EU+EFTA+UK,utilities,,,"The data set represents the incineration of waste, details about the waste composition, water conten",scraped_from_ilcd
856e1a11-eb9d-41fa-888d-d4e72f9091e2,,utilities,processes/856e1a11-eb9d-41fa-888d-d4e72f9091e2.xml,1,kg,NO,utilities,,,"The data set represents the incineration of waste, details about the waste composition, water conten",scraped_from_ilcd
cf960c2a-06db-4189-a1d4-d8b6fed1b1ce,,utilities,processes/cf960c2a-06db-4189-a1d4-d8b6fed1b1ce.xml,1,kg,GB,utilities,,,"The data set represents the incineration of waste, details about the waste composition, water conten",scraped_from_ilcd
b8167120-0c3d-4e1b-8867-b4818c39418d,,utilities,processes/b8167120-0c3d-4e1b-8867-b4818c39418d.xml,1,kg,NO,utilities,,,"The data set represents the incineration of waste, details about the waste composition, water conten",scraped_from_ilcd
0b35e28e-7520-4047-b7cb-7ebf9fc778a0,,utilities,processes/0b35e28e-7520-4047-b7cb-7ebf9fc778a0.xml,1,kg,SK,utilities,,,"The data set represents the incineration of waste, details about the waste composition, water conten",scraped_from_ilcd
8650aac7-2bb4-5e8a-bef8-4cae6e726a35,,utilities,processes/8650aac7-2bb4-5e8a-bef8-4cae6e726a35.xml,1,kg,EU+EFTA+UK,utilities,,,"60 celcius degree is classified as hot water washing and also commonly used by consumers. However,  ",scraped_from_ilcd
3a3bb214-d137-47af-9b85-95d9aac2fe64,,utilities,processes/3a3bb214-d137-47af-9b85-95d9aac2fe64.xml,1,kg,EE,utilities,,,"The data set represents the incineration of waste, details about the waste composition, water conten",scraped_from_ilcd
bc6295df-eda2-50a8-b3ab-31bece927585,,utilities,processes/bc6295df-eda2-50a8-b3ab-31bece927585.xml,1,kg,SE,utilities,,,The activity starts with the dried sawn wood from air and kiln drying with a gravimetric water conte,scraped_from_ilcd
15eab50d-177a-46a6-815f-805200411487,,utilities,processes/15eab50d-177a-46a6-815f-805200411487.xml,1,kg,EU+EFTA+UK,utilities,,,"The data set represents the incineration of waste, details about the waste composition, water conten",scraped_from_ilcd
8af3a17f-f252-44cc-947d-67ec848afed0,,utilities,processes/8af3a17f-f252-44cc-947d-67ec848afed0.xml,1,kg,RNA,utilities,,,"The data set represents the incineration of waste, details about the waste composition, water conten",scraped_from_ilcd
2583170c-0db6-44df-a8cc-26abf4d35af3,,utilities,processes/2583170c-0db6-44df-a8cc-26abf4d35af3.xml,1,kg,NL,utilities,,,"The data set represents the incineration of waste, details about the waste composition, water conten",scraped_from_ilcd
dc0a4def-7144-4454-a193-881d56060916,,utilities,processes/dc0a4def-7144-4454-a193-881d56060916.xml,1,kg,NL,utilities,,,"The data set represents the incineration of waste, details about the waste composition, water conten",scraped_from_ilcd
be4047b1-d672-4452-b533-19f43246352b,,utilities,processes/be4047b1-d672-4452-b533-19f43246352b.xml,1,kg,DK,utilities,,,"The data set represents the incineration of waste, details about the waste composition, water conten",scraped_from_ilcd
b3782079-b792-4584-9f29-e2cf8a1742e1,,utilities,processes/b3782079-b792-4584-9f29-e2cf8a1742e1.xml,1,kg,EE,utilities,,,"The data set represents the incineration of waste, details about the waste composition, water conten",scraped_from_ilcd
0715a10a-0594-4c2a-9ff5-fde51711f10e,,utilities,processes/0715a10a-0594-4c2a-9ff5-fde51711f10e.xml,1,kg,LT,utilities,,,"The data set represents the incineration of waste, details about the waste composition, water conten",scraped_from_ilcd
018e7c9f-17e1-4802-93e8-2908a2541800,,utilities,processes/018e7c9f-17e1-4802-93e8-2908a2541800.xml,1,kg,NL,utilities,,,"The data set represents the incineration of waste, details about the waste composition, water conten",scraped_from_ilcd
763a6b26-72a1-4d83-baf6-03ccc09b4f26,,utilities,processes/763a6b26-72a1-4d83-baf6-03ccc09b4f26.xml,1,kg,SK,utilities,,,"The data set represents the incineration of waste, details about the waste composition, water conten",scraped_from_ilcd
848b79e6-0a60-4ed7-a202-25f646d6ffa2,,utilities,processes/848b79e6-0a60-4ed7-a202-25f646d6ffa2.xml,1,kg,CH,utilities,,,"The data set represents the incineration of waste, details about the waste composition, water conten",scraped_from_ilcd
3d75c3f2-5fb8-4e6a-b738-ac911263f6f5,,utilities,processes/3d75c3f2-5fb8-4e6a-b738-ac911263f6f5.xml,1,kg,DE,utilities,,,"The data set represents the incineration of waste, details about the waste composition, water conten",scraped_from_ilcd
6695fc08-d3c5-4f03-a7d5-363d63d01b6f,,utilities,processes/6695fc08-d3c5-4f03-a7d5-363d63d01b6f.xml,1,kg,RAF,utilities,,,"The data set represents the incineration of waste, details about the waste composition, water conten",scraped_from_ilcd
8692660d-a021-4261-b872-ad7977fa698a,,utilities,processes/8692660d-a021-4261-b872-ad7977fa698a.xml,1,kg,DE,utilities,,,"The data set represents the incineration of waste, details about the waste composition, water conten",scraped_from_ilcd
401d8c72-3ef1-4ca3-a46b-4e67df159212,,utilities,processes/401d8c72-3ef1-4ca3-a46b-4e67df159212.xml,1,kg,FR,utilities,,,"The data set represents the incineration of waste, details about the waste composition, water conten",scraped_from_ilcd
ac307d60-05a6-430e-9117-d5476f3cab6f,,utilities,processes/ac307d60-05a6-430e-9117-d5476f3cab6f.xml,1,kg,NL,utilities,,,"The data set represents the incineration of waste, details about the waste composition, water conten",scraped_from_ilcd
c8ffb049-5f01-5de4-adf3-71c5e23a84e9,,utilities,processes/c8ffb049-5f01-5de4-adf3-71c5e23a84e9.xml,1,kg,RNA,utilities,,,The activity starts with the dried sawn wood from air and kiln drying with a gravimetric water conte,scraped_from_ilcd
4d573dd6-2eb9-40ea-ba18-7b9e01834b7d,,utilities,processes/4d573dd6-2eb9-40ea-ba18-7b9e01834b7d.xml,1,kg,EE,utilities,,,"The data set represents the incineration of waste, details about the waste composition, water conten",scraped_from_ilcd
93dee3d1-1e7e-4331-a073-a38087db37a1,,utilities,processes/93dee3d1-1e7e-4331-a073-a38087db37a1.xml,1,kg,IE,utilities,,,"The data set represents the incineration of waste, details about the waste composition, water conten",scraped_from_ilcd
93331d8f-dc08-4a9f-91e8-ba3be8b3c7b2,,utilities,processes/93331d8f-dc08-4a9f-91e8-ba3be8b3c7b2.xml,1,kg,GB,utilities,,,"The data set represents the incineration of waste, details about the waste composition, water conten",scraped_from_ilcd
5757bd42-e7e8-492d-8993-4fffd4b84d2f,,utilities,processes/5757bd42-e7e8-492d-8993-4fffd4b84d2f.xml,1,kg,PT,utilities,,,"The data set represents the incineration of waste, details about the waste composition, water conten",scraped_from_ilcd
bd2b41d0-77cf-45a3-9ebb-25a86bd945b2,,utilities,processes/bd2b41d0-77cf-45a3-9ebb-25a86bd945b2.xml,1,kg,HU,utilities,,,"The data set represents the incineration of waste, details about the waste composition, water conten",scraped_from_ilcd
b97c05ea-96a9-4d7b-a163-130ca61bf0a7,,utilities,processes/b97c05ea-96a9-4d7b-a163-130ca61bf0a7.xml,1,kg,AT,utilities,,,"The data set represents the incineration of waste, details about the waste composition, water conten",scraped_from_ilcd
846411fe-d1db-4fa1-920f-9f14a2ce5b70,,utilities,processes/846411fe-d1db-4fa1-920f-9f14a2ce5b70.xml,1,kg,NL,utilities,,,"The data set represents the incineration of waste, details about the waste composition, water conten",scraped_from_ilcd
5c802f17-a523-457a-a401-a084b61befa0,,utilities,processes/5c802f17-a523-457a-a401-a084b61befa0.xml,1,kg,NO,utilities,,,"The data set represents the incineration of waste, details about the waste composition, water conten",scraped_from_ilcd
4eef8409-cbe6-4d2a-89f8-fc3756fc003d,,utilities,processes/4eef8409-cbe6-4d2a-89f8-fc3756fc003d.xml,1,kg,BE,utilities,,,"The data set represents the incineration of waste, details about the waste composition, water conten",scraped_from_ilcd
05e1a706-b242-52d8-9cd9-ea683ab34496,,utilities,processes/05e1a706-b242-52d8-9cd9-ea683ab34496.xml,1,kg,GLO,utilities,,,"In this model, the bio-polishing treatment is done with cold rinsing and drying followed. Cellulase ",scraped_from_ilcd
5acb37ae-fc21-447f-96a3-3e8169da987f,,utilities,processes/5acb37ae-fc21-447f-96a3-3e8169da987f.xml,1,kg,ES,utilities,,,"The data set represents the incineration of waste, details about the waste composition, water conten",scraped_from_ilcd
0f7777f1-ed3b-4ae5-86f1-1da457a4c771,,utilities,processes/0f7777f1-ed3b-4ae5-86f1-1da457a4c771.xml,1,kg,PL,utilities,,,"The data set represents the incineration of waste, details about the waste composition, water conten",scraped_from_ilcd
0a166756-709a-4258-ba24-af04c99c426b,,utilities,processes/0a166756-709a-4258-ba24-af04c99c426b.xml,1,kg,RAF,utilities,,,"The data set represents the incineration of waste, details about the waste composition, water conten",scraped_from_ilcd
5273849a-76ce-5bac-8f4f-742e684313d3,,utilities,processes/5273849a-76ce-5bac-8f4f-742e684313d3.xml,1,kg,EU+EFTA+UK,utilities,,,"60 celcius degree is classified as hot water washing and also commonly used by consumers. However,  ",scraped_from_ilcd
f629f31e-ef79-4915-b525-9408fd3397ff,,utilities,processes/f629f31e-ef79-4915-b525-9408fd3397ff.xml,1,kg,NO,utilities,,,"The data set represents the incineration of waste, details about the waste composition, water conten",scraped_from_ilcd
a8157e3e-e627-4c8f-95db-44a53e14e241,,utilities,processes/a8157e3e-e627-4c8f-95db-44a53e14e241.xml,1,kg,IT,utilities,,,"The data set represents the incineration of waste, details about the waste composition, water conten",scraped_from_ilcd
60ba05e1-e330-5d10-9b29-321cf0f07eed,,utilities,processes/60ba05e1-e330-5d10-9b29-321cf0f07eed.xml,1,kg,GLO,utilities,,,"The drying machine used in this process does not produce any sewage in the drying process, saving en",scraped_from_ilcd
d3704027-b9e1-4e28-bf1c-2fe9290b9461,,utilities,processes/d3704027-b9e1-4e28-bf1c-2fe9290b9461.xml,1,kg,RAS,utilities,,,"The data set represents the incineration of waste, details about the waste composition, water conten",scraped_from_ilcd
f414bd20-d4a4-4e0b-856e-94a898ebcdec,,utilities,processes/f414bd20-d4a4-4e0b-856e-94a898ebcdec.xml,1,kg,FI,utilities,,,"The data set represents the incineration of waste, details about the waste composition, water conten",scraped_from_ilcd
9e745dfb-b2b4-4553-a0ce-2b5ce5ad0440,,utilities,processes/9e745dfb-b2b4-4553-a0ce-2b5ce5ad0440.xml,1,kg,FR,utilities,,,"The data set represents the incineration of waste, details about the waste composition, water conten",scraped_from_ilcd
a8f26777-24a0-48ba-ac67-f7d62e2cbe79,,utilities,processes/a8f26777-24a0-48ba-ac67-f7d62e2cbe79.xml,1,kg,IE,utilities,,,"The data set represents the incineration of waste, details about the waste composition, water conten",scraped_from_ilcd
6a19adec-0470-469d-84d4-00f01b983f9e,,utilities,processes/6a19adec-0470-469d-84d4-00f01b983f9e.xml,1,kg,PT,utilities,,,"The data set represents the incineration of waste, details about the waste composition, water conten",scraped_from_ilcd
a02dc77e-12fc-4d11-b99c-6039304b518e,,utilities,processes/a02dc77e-12fc-4d11-b99c-6039304b518e.xml,1,kg,SE,utilities,,,"The data set represents the incineration of waste, details about the waste composition, water conten",scraped_from_ilcd
6efc9c5d-b221-427c-a357-860b4e15d591,,utilities,processes/6efc9c5d-b221-427c-a357-860b4e15d591.xml,1,kg,NL,utilities,,,"The data set represents the incineration of waste, details about the waste composition, water conten",scraped_from_ilcd
30638e01-df55-44b0-977b-29b291c441fb,,utilities,processes/30638e01-df55-44b0-977b-29b291c441fb.xml,1,kg,RNA,utilities,,,"The data set represents the incineration of waste, details about the waste composition, water conten",scraped_from_ilcd
c23298dd-dcd1-4093-ad39-a932acfc155b,,utilities,processes/c23298dd-dcd1-4093-ad39-a932acfc155b.xml,1,kg,EU+EFTA+UK,utilities,,,"The data set represents the incineration of waste, details about the waste composition, water conten",scraped_from_ilcd
adf2e377-aa3f-4f5a-90ff-43706a551dbb,,utilities,processes/adf2e377-aa3f-4f5a-90ff-43706a551dbb.xml,1,kg,PL,utilities,,,"The data set represents the incineration of waste, details about the waste composition, water conten",scraped_from_ilcd
cf11cfb2-f844-434b-89cc-90d2dfaa70cd,,utilities,processes/cf11cfb2-f844-434b-89cc-90d2dfaa70cd.xml,1,kg,FR,utilities,,,"The data set represents the incineration of waste, details about the waste composition, water conten",scraped_from_ilcd
7bf8d03a-fd04-401a-9151-ed16018a4051,,utilities,processes/7bf8d03a-fd04-401a-9151-ed16018a4051.xml,1,kg,NO,utilities,,,"The data set represents the incineration of waste, details about the waste composition, water conten",scraped_from_ilcd
7d918bcf-1930-454e-837e-28682655fc81,,utilities,processes/7d918bcf-1930-454e-837e-28682655fc81.xml,1,kg,IT,utilities,,,"The data set represents the incineration of waste, details about the waste composition, water conten",scraped_from_ilcd
2b45a426-bf95-46f3-b133-1183a800f4db,,utilities,processes/2b45a426-bf95-46f3-b133-1183a800f4db.xml,1,kg,PL,utilities,,,"The data set represents the incineration of waste, details about the waste composition, water conten",scraped_from_ilcd
925d609f-7406-5a23-8990-efdc255c50a0,,utilities,processes/925d609f-7406-5a23-8990-efdc255c50a0.xml,1,kg,GLO,utilities,,,Plasma treatment can be performed in an evacuated enclosure or chamber. The air is pumped out and ga,scraped_from_ilcd
77d96285-2a10-49f9-9925-7b62671eadf3,,utilities,processes/77d96285-2a10-49f9-9925-7b62671eadf3.xml,1,kg,CH,utilities,,,"The data set represents the incineration of waste, details about the waste composition, water conten",scraped_from_ilcd
a201001a-a3b8-454a-b1c0-c674c13af6e7,,utilities,processes/a201001a-a3b8-454a-b1c0-c674c13af6e7.xml,1,kg,BE,utilities,,,"The data set represents the incineration of waste, details about the waste composition, water conten",scraped_from_ilcd
7ae1af73-7275-488e-8f7a-a5159cc1edbd,,utilities,processes/7ae1af73-7275-488e-8f7a-a5159cc1edbd.xml,1,kg,RAF,utilities,,,"The data set represents the incineration of waste, details about the waste composition, water conten",scraped_from_ilcd
1737be9f-222f-481d-975a-583d6df308fb,,utilities,processes/1737be9f-222f-481d-975a-583d6df308fb.xml,1,kg,LU,utilities,,,"The data set represents the incineration of waste, details about the waste composition, water conten",scraped_from_ilcd
7afbecbc-c802-4d2e-9f01-6ecb3d6c89e8,,utilities,processes/7afbecbc-c802-4d2e-9f01-6ecb3d6c89e8.xml,1,kg,IT,utilities,,,"The data set represents the incineration of waste, details about the waste composition, water conten",scraped_from_ilcd
bdac4644-3cf5-538c-af68-0c8d7bffe52a,,utilities,processes/bdac4644-3cf5-538c-af68-0c8d7bffe52a.xml,1,kg,GLO,utilities,,,"The treatment is carried out using caustic soda, which determines the contraction and swelling of th",scraped_from_ilcd
c8e6abf8-9e53-44a2-9134-e7600e9e40e2,,utilities,processes/c8e6abf8-9e53-44a2-9134-e7600e9e40e2.xml,1,kg,RAS,utilities,,,"The data set represents the incineration of waste, details about the waste composition, water conten",scraped_from_ilcd
67fb3633-5bef-42fe-a1ce-233f56f7dd11,,utilities,processes/67fb3633-5bef-42fe-a1ce-233f56f7dd11.xml,1,kg,LU,utilities,,,"The data set represents the incineration of waste, details about the waste composition, water conten",scraped_from_ilcd
acede726-cf46-46b6-a43a-8d7d11c0fda0,,utilities,processes/acede726-cf46-46b6-a43a-8d7d11c0fda0.xml,1,kg,PT,utilities,,,"The data set represents the incineration of waste, details about the waste composition, water conten",scraped_from_ilcd
95413661-4231-57c8-84e8-e80f1b245c2c,,utilities,processes/95413661-4231-57c8-84e8-e80f1b245c2c.xml,1,kg,RNA,utilities,,,The activity starts with the dried sawn wood from air and kiln drying with a gravimetric water conte,scraped_from_ilcd
0c8c105d-5d81-4bd2-ac8c-b4215a58de24,,utilities,processes/0c8c105d-5d81-4bd2-ac8c-b4215a58de24.xml,1,kg,EU+EFTA+UK,utilities,,,"The data set represents the incineration of waste, details about the waste composition, water conten",scraped_from_ilcd
41c4db29-afa8-4e9f-8542-16bcfd609a65,,utilities,processes/41c4db29-afa8-4e9f-8542-16bcfd609a65.xml,1,kg,PT,utilities,,,"The data set represents the incineration of waste, details about the waste composition, water conten",scraped_from_ilcd
98e6834f-a330-433a-b700-b786fdd19414,,utilities,processes/98e6834f-a330-433a-b700-b786fdd19414.xml,1,kg,IT,utilities,,,"The data set represents the incineration of waste, details about the waste composition, water conten",scraped_from_ilcd
5f481cba-34e4-49c4-af94-0f5d251da485,,utilities,processes/5f481cba-34e4-49c4-af94-0f5d251da485.xml,1,kg,HU,utilities,,,"The data set represents the incineration of waste, details about the waste composition, water conten",scraped_from_ilcd
6923f9f4-172a-4fdb-87b1-e750851870fd,,utilities,processes/6923f9f4-172a-4fdb-87b1-e750851870fd.xml,1,kg,ROC,utilities,,,"The data set represents the incineration of waste, details about the waste composition, water conten",scraped_from_ilcd
80ce3178-fa37-488e-92ba-88bd3247a54c,,utilities,processes/80ce3178-fa37-488e-92ba-88bd3247a54c.xml,1,kg,EU+EFTA+UK,utilities,,,"The data set represents the incineration of waste, details about the waste composition, water conten",scraped_from_ilcd
27aef71b-0e71-4107-ad2d-d3557c26fa59,,utilities,processes/27aef71b-0e71-4107-ad2d-d3557c26fa59.xml,1,kg,PT,utilities,,,"The data set represents the incineration of waste, details about the waste composition, water conten",scraped_from_ilcd
91dd069e-ca19-593a-ae43-e3cef0629fe3,,utilities,processes/91dd069e-ca19-593a-ae43-e3cef0629fe3.xml,1,kg,GLO,utilities,,,Water pressure is used for bonding in leisure and sports shoes using hydraulic pressure to press com,scraped_from_ilcd
20ddb568-f9b7-4e81-a374-e099167a7ff9,,utilities,processes/20ddb568-f9b7-4e81-a374-e099167a7ff9.xml,1,kg,DE,utilities,,,"The data set represents the incineration of waste, details about the waste composition, water conten",scraped_from_ilcd
4af26ccd-fd96-4ade-a601-6e3bf253f0ee,,utilities,processes/4af26ccd-fd96-4ade-a601-6e3bf253f0ee.xml,1,kg,CH,utilities,,,"The data set represents the incineration of waste, details about the waste composition, water conten",scraped_from_ilcd
f2867a84-e776-518e-8083-15e21c98e75f,,utilities,processes/f2867a84-e776-518e-8083-15e21c98e75f.xml,1,kg,GLO,utilities,,,"The drying machine used in this process does not produce any sewage in the drying process, saving en",scraped_from_ilcd
9d32c33e-5ee8-4082-9ccd-7840ea6ac3d2,,utilities,processes/9d32c33e-5ee8-4082-9ccd-7840ea6ac3d2.xml,1,kg,FR,utilities,,,"The data set represents the incineration of waste, details about the waste composition, water conten",scraped_from_ilcd
d95bfacc-980d-49c9-b8a5-2e0a5a8c8856,,utilities,processes/d95bfacc-980d-49c9-b8a5-2e0a5a8c8856.xml,1,kg,CH,utilities,,,"The data set represents the incineration of waste, details about the waste composition, water conten",scraped_from_ilcd
e04ad2e3-5c82-49be-ba94-ccfba9d2f78c,,utilities,processes/e04ad2e3-5c82-49be-ba94-ccfba9d2f78c.xml,1,kg,AT,utilities,,,"The data set represents the incineration of waste, details about the waste composition, water conten",scraped_from_ilcd
b6ca6b07-20af-4011-8a2c-6e2541fb5b0c,,utilities,processes/b6ca6b07-20af-4011-8a2c-6e2541fb5b0c.xml,1,kg,AT,utilities,,,"The data set represents the incineration of waste, details about the waste composition, water conten",scraped_from_ilcd
a93f8215-e3d2-4084-9e86-7ddedd807566,,utilities,processes/a93f8215-e3d2-4084-9e86-7ddedd807566.xml,1,kg,LT,utilities,,,"The data set represents the incineration of waste, details about the waste composition, water conten",scraped_from_ilcd
647287d7-d039-423e-902f-7253d77bad6f,,utilities,processes/647287d7-d039-423e-902f-7253d77bad6f.xml,1,kg,RNA,utilities,,,"The data set represents the incineration of waste, details about the waste composition, water conten",scraped_from_ilcd
5dd117ce-e180-40c9-810d-86116d2e5f67,,utilities,processes/5dd117ce-e180-40c9-810d-86116d2e5f67.xml,1,kg,HU,utilities,,,"The data set represents the incineration of waste, details about the waste composition, water conten",scraped_from_ilcd
546f1988-5631-41cd-8262-81e9f0d35991,,utilities,processes/546f1988-5631-41cd-8262-81e9f0d35991.xml,1,kg,RNA,utilities,,,"The data set represents the incineration of waste, details about the waste composition, water conten",scraped_from_ilcd
9694d26b-0b1e-468a-90d7-f538f646f1b7,,utilities,processes/9694d26b-0b1e-468a-90d7-f538f646f1b7.xml,1,kg,BE,utilities,,,"The data set represents the incineration of waste, details about the waste composition, water conten",scraped_from_ilcd
8d8fd46a-d824-5685-afb1-c0779011f476,,utilities,processes/8d8fd46a-d824-5685-afb1-c0779011f476.xml,1,kg,RNA,utilities,,,The activity starts with the dried sawn wood from air and kiln drying with a gravimetric water conte,scraped_from_ilcd
3834a0b5-98e2-48ad-81ee-463f9c53b930,,utilities,processes/3834a0b5-98e2-48ad-81ee-463f9c53b930.xml,1,kg,PT,utilities,,,"The data set represents the incineration of waste, details about the waste composition, water conten",scraped_from_ilcd
5c162a15-0660-406b-805a-5be2c8f3bcb0,,utilities,processes/5c162a15-0660-406b-805a-5be2c8f3bcb0.xml,1,kg,IE,utilities,,,"The data set represents the incineration of waste, details about the waste composition, water conten",scraped_from_ilcd
b6ad7ab1-ae87-432e-99e6-4fb0b6cd2353,,utilities,processes/b6ad7ab1-ae87-432e-99e6-4fb0b6cd2353.xml,1,kg,LU,utilities,,,"The data set represents the incineration of waste, details about the waste composition, water conten",scraped_from_ilcd
dbf7489d-bed0-40b0-9296-676f1171b922,,utilities,processes/dbf7489d-bed0-40b0-9296-676f1171b922.xml,1,kg,RAF,utilities,,,"The data set represents the incineration of waste, details about the waste composition, water conten",scraped_from_ilcd
ef_ae46be13,,utilities,processes/ef_ae46be13.xml,1,kg,EU+EFTA+UK,utilities,,,40 celcius degree is classified as warm water washing and also commonly used by consumers. This sett,scraped_from_ilcd
33edbef2-e73d-424a-b015-33239ac17b7c,,utilities,processes/33edbef2-e73d-424a-b015-33239ac17b7c.xml,1,kg,LU,utilities,,,"The data set represents the incineration of waste, details about the waste composition, water conten",scraped_from_ilcd
3a1e1693-34dd-4439-8246-c731f90fd1d0,,utilities,processes/3a1e1693-34dd-4439-8246-c731f90fd1d0.xml,1,kg,GLO,utilities,,,"The data set represents the incineration of waste, details about the waste composition, water conten",scraped_from_ilcd
8fe3b390-f46f-5cbf-b826-8cf6d0b4ea5c,,utilities,processes/8fe3b390-f46f-5cbf-b826-8cf6d0b4ea5c.xml,1,kg,GLO,utilities,,,Water pressure is used for bonding in leisure and sports shoes using hydraulic pressure to press com,scraped_from_ilcd
08856e05-f2e1-47b1-832a-a429c989f665,,utilities,processes/08856e05-f2e1-47b1-832a-a429c989f665.xml,1,kg,AT,utilities,,,"The data set represents the incineration of waste, details about the waste composition, water conten",scraped_from_ilcd
dcbb6a4d-51d0-4167-a08c-9074a7dc0111,,utilities,processes/dcbb6a4d-51d0-4167-a08c-9074a7dc0111.xml,1,kg,DK,utilities,,,"The data set represents the incineration of waste, details about the waste composition, water conten",scraped_from_ilcd
8946585e-9942-53c7-866c-7595126af8c8,,utilities,processes/8946585e-9942-53c7-866c-7595126af8c8.xml,1,kg,"WORLD (WITHOUT EU+EFTA+UK, US AND CA)",utilities,,,The activity starts with the dried sawn wood from air and kiln drying with a gravimetric water conte,scraped_from_ilcd
8d86caf2-7a4b-4472-bf08-da456d525192,,utilities,processes/8d86caf2-7a4b-4472-bf08-da456d525192.xml,1,kg,EU+EFTA+UK,utilities,,,"The data set represents the incineration of waste, details about the waste composition, water conten",scraped_from_ilcd
2f9cf510-f8a8-49e1-a7dc-80d8a9964b9b,,utilities,processes/2f9cf510-f8a8-49e1-a7dc-80d8a9964b9b.xml,1,kg,EU+EFTA+UK,utilities,,,"The data set represents the incineration of waste, details about the waste composition, water conten",scraped_from_ilcd
2f07be1f-d11a-46ac-b4f0-49c5f28b5b93,,utilities,processes/2f07be1f-d11a-46ac-b4f0-49c5f28b5b93.xml,1,kg,EU+EFTA+UK,utilities,,,"The data set represents the incineration of waste, details about the waste composition, water conten",scraped_from_ilcd
d9bb15fb-878d-4435-9f9f-6cd740d2805c,,utilities,processes/d9bb15fb-878d-4435-9f9f-6cd740d2805c.xml,1,kg,EE,utilities,,,"The data set represents the incineration of waste, details about the waste composition, water conten",scraped_from_ilcd
2cf29162-796d-513b-8470-6fc77a53ba96,,utilities,processes/2cf29162-796d-513b-8470-6fc77a53ba96.xml,1,kg,"WORLD (WITHOUT EU+EFTA+UK, US AND CA)",utilities,,,The activity starts with the dried sawn wood from air and kiln drying with a gravimetric water conte,scraped_from_ilcd
44f4d48d-a6a6-4fa1-8e19-d4180c00a61a,,utilities,processes/44f4d48d-a6a6-4fa1-8e19-d4180c00a61a.xml,1,kg,GB,utilities,,,"The data set represents the incineration of waste, details about the waste composition, water conten",scraped_from_ilcd
456b4dca-2336-49b8-b3c3-774641288515,,utilities,processes/456b4dca-2336-49b8-b3c3-774641288515.xml,1,kg,SE,utilities,,,"The data set represents the incineration of waste, details about the waste composition, water conten",scraped_from_ilcd
3e562d26-1bbd-4cf8-8ec4-49dea4aeb686,,utilities,processes/3e562d26-1bbd-4cf8-8ec4-49dea4aeb686.xml,1,kg,RNA,utilities,,,"The data set represents the incineration of waste, details about the waste composition, water conten",scraped_from_ilcd
af2560e3-3ea4-4c20-8e20-b5cac5899be7,,utilities,processes/af2560e3-3ea4-4c20-8e20-b5cac5899be7.xml,1,kg,AT,utilities,,,"The data set represents the incineration of waste, details about the waste composition, water conten",scraped_from_ilcd
121715de-e4a9-4396-835d-be204249b364,,utilities,processes/121715de-e4a9-4396-835d-be204249b364.xml,1,kg,EE,utilities,,,"The data set represents the incineration of waste, details about the waste composition, water conten",scraped_from_ilcd
03c6ca38-c023-41e2-9aca-8d86670bff2c,,utilities,processes/03c6ca38-c023-41e2-9aca-8d86670bff2c.xml,1,kg,DE,utilities,,,"The data set represents the incineration of waste, details about the waste composition, water conten",scraped_from_ilcd
7d075788-16dc-4898-bf2a-f61b643231be,,utilities,processes/7d075788-16dc-4898-bf2a-f61b643231be.xml,1,kg,SE,utilities,,,"The data set represents the incineration of waste, details about the waste composition, water conten",scraped_from_ilcd
c185d580-1ada-422d-9477-ddc273946757,,utilities,processes/c185d580-1ada-422d-9477-ddc273946757.xml,1,kg,DK,utilities,,,"The data set represents the incineration of waste, details about the waste composition, water conten",scraped_from_ilcd
3fcd5e59-e7a6-44af-a97e-d9532aa0938e,,utilities,processes/3fcd5e59-e7a6-44af-a97e-d9532aa0938e.xml,1,kg,ROC,utilities,,,"The data set represents the incineration of waste, details about the waste composition, water conten",scraped_from_ilcd
13f09f0d-3a5c-41fb-b009-ad978f46fc57,,utilities,processes/13f09f0d-3a5c-41fb-b009-ad978f46fc57.xml,1,kg,SE,utilities,,,"The data set represents the incineration of waste, details about the waste composition, water conten",scraped_from_ilcd
4492152a-26f6-567e-99ba-a37909a4cf84,,utilities,processes/4492152a-26f6-567e-99ba-a37909a4cf84.xml,1,kg,EU+EFTA+UK,utilities,,,The activity starts with the dried sawn wood from air and kiln drying with a gravimetric water conte,scraped_from_ilcd
d657d6af-d7e0-5dd5-8d47-ea2583497a4d,,utilities,processes/d657d6af-d7e0-5dd5-8d47-ea2583497a4d.xml,1,kg,"WORLD (WITHOUT EU+EFTA+UK, US AND CA)",utilities,,,The activity starts with the dried sawn wood from air and kiln drying with a gravimetric water conte,scraped_from_ilcd
7bad6626-18af-4c03-80f9-44d3c41ed06d,,utilities,processes/7bad6626-18af-4c03-80f9-44d3c41ed06d.xml,1,kg,ES,utilities,,,"The data set represents the incineration of waste, details about the waste composition, water conten",scraped_from_ilcd
3aea899f-673b-496a-9ec1-ea56d4c60157,,utilities,processes/3aea899f-673b-496a-9ec1-ea56d4c60157.xml,1,kg,FI,utilities,,,"The data set represents the incineration of waste, details about the waste composition, water conten",scraped_from_ilcd
2ea4b792-1f05-53d5-b928-557dd37e443d,,utilities,processes/2ea4b792-1f05-53d5-b928-557dd37e443d.xml,1,kg,RNA,utilities,,,The activity starts with the dried sawn wood from air and kiln drying with a gravimetric water conte,scraped_from_ilcd
af144276-b48c-42a7-9939-03cc5613fcf9,,utilities,processes/af144276-b48c-42a7-9939-03cc5613fcf9.xml,1,kg,EU+EFTA+UK,utilities,,,"The data set represents the incineration of waste, details about the waste composition, water conten",scraped_from_ilcd
b197a18f-2a2e-42b9-b9b2-df675c400555,,utilities,processes/b197a18f-2a2e-42b9-b9b2-df675c400555.xml,1,kg,GB,utilities,,,"The data set represents the incineration of waste, details about the waste composition, water conten",scraped_from_ilcd
798e7d4f-2732-45e5-a7fa-32c0048c76a3,,utilities,processes/798e7d4f-2732-45e5-a7fa-32c0048c76a3.xml,1,kg,NL,utilities,,,"The data set represents the incineration of waste, details about the waste composition, water conten",scraped_from_ilcd
601b328c-f976-4e98-9dc5-0e4a5636d6fa,,utilities,processes/601b328c-f976-4e98-9dc5-0e4a5636d6fa.xml,1,kg,CH,utilities,,,"The data set represents the incineration of waste, details about the waste composition, water conten",scraped_from_ilcd
530d4608-571d-4bc8-a535-fc9a3d98cb8f,,utilities,processes/530d4608-571d-4bc8-a535-fc9a3d98cb8f.xml,1,kg,NO,utilities,,,"The data set represents the incineration of waste, details about the waste composition, water conten",scraped_from_ilcd
ad89996f-bdb5-4096-a4d5-c03c67b7aee2,,utilities,processes/ad89996f-bdb5-4096-a4d5-c03c67b7aee2.xml,1,kg,FI,utilities,,,"The data set represents the incineration of waste, details about the waste composition, water conten",scraped_from_ilcd
2849a2ce-2a4e-4555-9e91-3a0de06de28b,,utilities,processes/2849a2ce-2a4e-4555-9e91-3a0de06de28b.xml,1,kg,SK,utilities,,,"The data set represents the incineration of waste, details about the waste composition, water conten",scraped_from_ilcd
b96407c0-98aa-5eec-88ff-82693a355abe,,utilities,processes/b96407c0-98aa-5eec-88ff-82693a355abe.xml,1,kg,GLO,utilities,,,"This process includes a heat treatment that imparts shape retention, creates resistance, resilience,",scraped_from_ilcd
5216edc9-e16c-4d04-8496-0fccedfb65a7,,utilities,processes/5216edc9-e16c-4d04-8496-0fccedfb65a7.xml,1,kg,CZ,utilities,,,"The data set represents the incineration of waste, details about the waste composition, water conten",scraped_from_ilcd
19a667ed-4f80-4cc8-a191-b22778954e94,,utilities,processes/19a667ed-4f80-4cc8-a191-b22778954e94.xml,1,kg,PL,utilities,,,"The data set represents the incineration of waste, details about the waste composition, water conten",scraped_from_ilcd
9c728021-514c-560b-bcf3-8c4542154a34,,utilities,processes/9c728021-514c-560b-bcf3-8c4542154a34.xml,1,kg,GLO,utilities,,,"Waterless dyeing is performed using supercritical carbon dioxide (CO2). For CO2, supercritical fluid",scraped_from_ilcd
50488deb-6641-4bb8-9cdc-fa8163dbb929,,utilities,processes/50488deb-6641-4bb8-9cdc-fa8163dbb929.xml,1,kg,CZ,utilities,,,"The data set represents the incineration of waste, details about the waste composition, water conten",scraped_from_ilcd
865d4c52-9f0a-48af-97b3-6f85d778568e,,utilities,processes/865d4c52-9f0a-48af-97b3-6f85d778568e.xml,1,kg,DK,utilities,,,"The data set represents the incineration of waste, details about the waste composition, water conten",scraped_from_ilcd
415daa6e-8030-45f6-8af7-f9a0f3b15474,,utilities,processes/415daa6e-8030-45f6-8af7-f9a0f3b15474.xml,1,kg,GB,utilities,,,"The data set represents the incineration of waste, details about the waste composition, water conten",scraped_from_ilcd
eae50d97-c20e-47c2-87aa-775ede9d298d,,utilities,processes/eae50d97-c20e-47c2-87aa-775ede9d298d.xml,1,kg,BE,utilities,,,"The data set represents the incineration of waste, details about the waste composition, water conten",scraped_from_ilcd
f3bfd68f-5c70-53a6-a92f-0d82ea31e8aa,,utilities,processes/f3bfd68f-5c70-53a6-a92f-0d82ea31e8aa.xml,1,kg,EU+EFTA+UK,utilities,,,The activity starts with the dried sawn wood from air and kiln drying with a gravimetric water conte,scraped_from_ilcd
7f2e314a-fca4-4020-9b4c-871b21df2908,,utilities,processes/7f2e314a-fca4-4020-9b4c-871b21df2908.xml,1,kg,LT,utilities,,,"The data set represents the incineration of waste, details about the waste composition, water conten",scraped_from_ilcd
37453b6a-03ce-46d6-852b-18c7f6d16adb,,utilities,processes/37453b6a-03ce-46d6-852b-18c7f6d16adb.xml,1,kg,NL,utilities,,,"The data set represents the incineration of waste, details about the waste composition, water conten",scraped_from_ilcd
2444ef7e-fe7f-4b08-9740-454243195d0d,,utilities,processes/2444ef7e-fe7f-4b08-9740-454243195d0d.xml,1,kg,DK,utilities,,,"The data set represents the incineration of waste, details about the waste composition, water conten",scraped_from_ilcd
f217b0d5-0f24-59be-823e-0c0712a226cf,,utilities,processes/f217b0d5-0f24-59be-823e-0c0712a226cf.xml,1,kg,EU+EFTA+UK,utilities,,,"60 celcius degree is classified as hot water washing and also commonly used by consumers. However,  ",scraped_from_ilcd
58720ea7-4e0e-4d62-9531-389b8cadd534,,utilities,processes/58720ea7-4e0e-4d62-9531-389b8cadd534.xml,1,kg,DE,utilities,,,"The data set represents the incineration of waste, details about the waste composition, water conten",scraped_from_ilcd
b2ac7626-0386-4dd8-a423-c811a7959ae5,,utilities,processes/b2ac7626-0386-4dd8-a423-c811a7959ae5.xml,1,kg,RAF,utilities,,,"The data set represents the incineration of waste, details about the waste composition, water conten",scraped_from_ilcd
66614ab9-721f-4819-8ed5-abfa4b33452d,,utilities,processes/66614ab9-721f-4819-8ed5-abfa4b33452d.xml,1,kg,RAS,utilities,,,"The data set represents the incineration of waste, details about the waste composition, water conten",scraped_from_ilcd
e12d2c45-aef3-49dc-8a08-1824ca067b4d,,utilities,processes/e12d2c45-aef3-49dc-8a08-1824ca067b4d.xml,1,kg,RAF,utilities,,,"The data set represents the incineration of waste, details about the waste composition, water conten",scraped_from_ilcd
7b825530-af99-4ade-b1e2-3c4628f0fe73,,utilities,processes/7b825530-af99-4ade-b1e2-3c4628f0fe73.xml,1,kg,LT,utilities,,,"The data set represents the incineration of waste, details about the waste composition, water conten",scraped_from_ilcd
07229913-872c-4e60-9e17-335ac6d8ddc2,,utilities,processes/07229913-872c-4e60-9e17-335ac6d8ddc2.xml,1,kg,HU,utilities,,,"The data set represents the incineration of waste, details about the waste composition, water conten",scraped_from_ilcd
39bb4bca-4b6a-4898-9405-6bc05adc793a,,utilities,processes/39bb4bca-4b6a-4898-9405-6bc05adc793a.xml,1,kg,FR,utilities,,,"The data set represents the incineration of waste, details about the waste composition, water conten",scraped_from_ilcd
c3afca70-a55c-434a-9b61-9fa89e436c43,,utilities,processes/c3afca70-a55c-434a-9b61-9fa89e436c43.xml,1,kg,RNA,utilities,,,"The data set represents the incineration of waste, details about the waste composition, water conten",scraped_from_ilcd
7dad4daf-0939-4f67-89fa-10a297e5c437,,utilities,processes/7dad4daf-0939-4f67-89fa-10a297e5c437.xml,1,kg,RAS,utilities,,,"The data set represents the incineration of waste, details about the waste composition, water conten",scraped_from_ilcd
4234f73d-11d3-4923-a6b7-f903e866e165,,utilities,processes/4234f73d-11d3-4923-a6b7-f903e866e165.xml,1,kg,EU+EFTA+UK,utilities,,,"The data set represents the incineration of waste, details about the waste composition, water conten",scraped_from_ilcd
2b4f18dd-75c1-4e23-ab99-6beaecd1df82,,utilities,processes/2b4f18dd-75c1-4e23-ab99-6beaecd1df82.xml,1,kg,LU,utilities,,,"The data set represents the incineration of waste, details about the waste composition, water conten",scraped_from_ilcd
dafc3b96-607f-46e8-be01-d466e922f97b,,utilities,processes/dafc3b96-607f-46e8-be01-d466e922f97b.xml,1,kg,NL,utilities,,,"The data set represents the incineration of waste, details about the waste composition, water conten",scraped_from_ilcd
04748e19-4b12-46df-9611-edb4ed42dd4f,,utilities,processes/04748e19-4b12-46df-9611-edb4ed42dd4f.xml,1,kg,SE,utilities,,,"The data set represents the incineration of waste, details about the waste composition, water conten",scraped_from_ilcd
1f10c9bc-354d-439c-9219-8cc75e95f2b9,,utilities,processes/1f10c9bc-354d-439c-9219-8cc75e95f2b9.xml,1,kg,IT,utilities,,,"The data set represents the incineration of waste, details about the waste composition, water conten",scraped_from_ilcd
0578096f-574f-4a5f-ae40-067f7d5ea3a2,,utilities,processes/0578096f-574f-4a5f-ae40-067f7d5ea3a2.xml,1,kg,LU,utilities,,,"The data set represents the incineration of waste, details about the waste composition, water conten",scraped_from_ilcd
e18e1d4a-9513-4f36-8b36-c6ca226710c8,,utilities,processes/e18e1d4a-9513-4f36-8b36-c6ca226710c8.xml,1,kg,SK,utilities,,,"The data set represents the incineration of waste, details about the waste composition, water conten",scraped_from_ilcd
ece5aaf9-6dae-587f-8971-ed6068ae5b00,,utilities,processes/ece5aaf9-6dae-587f-8971-ed6068ae5b00.xml,1,kg,"WORLD (WITHOUT EU+EFTA+UK, US AND CA)",utilities,,,The activity starts with the dried sawn wood from air and kiln drying with a gravimetric water conte,scraped_from_ilcd
d21d4651-8192-4347-88c5-03145cc5706f,,utilities,processes/d21d4651-8192-4347-88c5-03145cc5706f.xml,1,kg,RNA,utilities,,,"The data set represents the incineration of waste, details about the waste composition, water conten",scraped_from_ilcd
3421c39c-86e4-487e-8d82-60056d6647cc,,utilities,processes/3421c39c-86e4-487e-8d82-60056d6647cc.xml,1,kg,GLO,utilities,,,"The data set represents the incineration of waste, details about the waste composition, water conten",scraped_from_ilcd
adde97c7-d4af-460c-8283-372b3067102a,,utilities,processes/adde97c7-d4af-460c-8283-372b3067102a.xml,1,kg,LU,utilities,,,"The data set represents the incineration of waste, details about the waste composition, water conten",scraped_from_ilcd
b19136c2-8911-4668-ad7f-3b2444aea807,,utilities,processes/b19136c2-8911-4668-ad7f-3b2444aea807.xml,1,kg,CH,utilities,,,"The data set represents the incineration of waste, details about the waste composition, water conten",scraped_from_ilcd
a7cb5978-e164-4c1b-9cce-7cb524f4920b,,utilities,processes/a7cb5978-e164-4c1b-9cce-7cb524f4920b.xml,1,kg,EE,utilities,,,"The data set represents the incineration of waste, details about the waste composition, water conten",scraped_from_ilcd
a1ae691d-268e-4ba6-b4e6-f3b7263fd17b,,utilities,processes/a1ae691d-268e-4ba6-b4e6-f3b7263fd17b.xml,1,kg,EU+EFTA+UK,utilities,,,"The data set represents the incineration of waste, details about the waste composition, water conten",scraped_from_ilcd
855edd2c-d685-419c-8414-aa1eb794627a,,utilities,processes/855edd2c-d685-419c-8414-aa1eb794627a.xml,1,kg,RAF,utilities,,,"The data set represents the incineration of waste, details about the waste composition, water conten",scraped_from_ilcd
22a6bce1-f5d6-4751-af34-aad047c5b879,,utilities,processes/22a6bce1-f5d6-4751-af34-aad047c5b879.xml,1,kg,BE,utilities,,,"The data set represents the incineration of waste, details about the waste composition, water conten",scraped_from_ilcd
a8746ec5-ef5d-472c-9638-92eae9a6632d,,utilities,processes/a8746ec5-ef5d-472c-9638-92eae9a6632d.xml,1,kg,IE,utilities,,,"The data set represents the incineration of waste, details about the waste composition, water conten",scraped_from_ilcd
edc07613-4f78-44b6-bb40-727698bb5668,,utilities,processes/edc07613-4f78-44b6-bb40-727698bb5668.xml,1,kg,SK,utilities,,,"The data set represents the incineration of waste, details about the waste composition, water conten",scraped_from_ilcd
b9bbb7e3-5641-4ebe-ba7c-95abd5850413,,utilities,processes/b9bbb7e3-5641-4ebe-ba7c-95abd5850413.xml,1,kg,DE,utilities,,,"The data set represents the incineration of waste, details about the waste composition, water conten",scraped_from_ilcd
9655c774-e2bf-42a7-a5ce-dad696dd8a39,,utilities,processes/9655c774-e2bf-42a7-a5ce-dad696dd8a39.xml,1,kg,ROC,utilities,,,"The data set represents the incineration of waste, details about the waste composition, water conten",scraped_from_ilcd
c20989dc-dc37-5b35-be0f-c386a9f76c89,,utilities,processes/c20989dc-dc37-5b35-be0f-c386a9f76c89.xml,1,kg,GLO,utilities,,,"In this model, the bio-polishing treatment is done with cold rinsing and drying followed. Cellulase ",scraped_from_ilcd
5f4692ca-f84d-423d-98d2-aec4e8488f4a,,utilities,processes/5f4692ca-f84d-423d-98d2-aec4e8488f4a.xml,1,kg,BE,utilities,,,"The data set represents the incineration of waste, details about the waste composition, water conten",scraped_from_ilcd
6fb4bd9a-99bb-43f9-911d-957ac9c24e69,,utilities,processes/6fb4bd9a-99bb-43f9-911d-957ac9c24e69.xml,1,kg,IE,utilities,,,"The data set represents the incineration of waste, details about the waste composition, water conten",scraped_from_ilcd
d55aa981-ab75-4eee-b425-a60d920fe667,,utilities,processes/d55aa981-ab75-4eee-b425-a60d920fe667.xml,1,kg,NL,utilities,,,"The data set represents the incineration of waste, details about the waste composition, water conten",scraped_from_ilcd
9f620158-d538-4f87-8307-d250886f7333,,utilities,processes/9f620158-d538-4f87-8307-d250886f7333.xml,1,kg,DK,utilities,,,"The data set represents the incineration of waste, details about the waste composition, water conten",scraped_from_ilcd
268aaf53-8ffd-42a5-a172-faedb02e3a4f,,utilities,processes/268aaf53-8ffd-42a5-a172-faedb02e3a4f.xml,1,kg,CH,utilities,,,"The data set represents the incineration of waste, details about the waste composition, water conten",scraped_from_ilcd
19f36fdd-829d-418f-a203-4a334571756d,,utilities,processes/19f36fdd-829d-418f-a203-4a334571756d.xml,1,kg,EE,utilities,,,"The data set represents the incineration of waste, details about the waste composition, water conten",scraped_from_ilcd
c789fa5b-26c4-4b65-8965-7697090cfe98,,utilities,processes/c789fa5b-26c4-4b65-8965-7697090cfe98.xml,1,kg,SK,utilities,,,"The data set represents the incineration of waste, details about the waste composition, water conten",scraped_from_ilcd
50ef701e-c531-4023-a89f-6723244ad091,,utilities,processes/50ef701e-c531-4023-a89f-6723244ad091.xml,1,kg,DE,utilities,,,"The data set represents the incineration of waste, details about the waste composition, water conten",scraped_from_ilcd
57144d99-fd4b-42f4-a0f5-7f6644739849,,utilities,processes/57144d99-fd4b-42f4-a0f5-7f6644739849.xml,1,kg,ES,utilities,,,"The data set represents the incineration of waste, details about the waste composition, water conten",scraped_from_ilcd
061572a7-989d-4104-8e39-85b46e3d249b,,utilities,processes/061572a7-989d-4104-8e39-85b46e3d249b.xml,1,kg,HU,utilities,,,"The data set represents the incineration of waste, details about the waste composition, water conten",scraped_from_ilcd
0840c7d5-fe03-4c4c-b836-fac790d205c0,,utilities,processes/0840c7d5-fe03-4c4c-b836-fac790d205c0.xml,1,kg,EE,utilities,,,"The data set represents the incineration of waste, details about the waste composition, water conten",scraped_from_ilcd
db669be0-9bb3-4b28-8dc2-1c9c9064e4e3,,utilities,processes/db669be0-9bb3-4b28-8dc2-1c9c9064e4e3.xml,1,kg,SK,utilities,,,"The data set represents the incineration of waste, details about the waste composition, water conten",scraped_from_ilcd
f29934cc-0136-4421-8d17-77eb03afb179,,utilities,processes/f29934cc-0136-4421-8d17-77eb03afb179.xml,1,kg,ROC,utilities,,,"The data set represents the incineration of waste, details about the waste composition, water conten",scraped_from_ilcd
90fd72de-03b3-4185-91ae-959fb5564f2e,,utilities,processes/90fd72de-03b3-4185-91ae-959fb5564f2e.xml,1,kg,DE,utilities,,,"The data set represents the incineration of waste, details about the waste composition, water conten",scraped_from_ilcd
3ec114cc-1643-47a3-a8bb-d5feee1d636b,,utilities,processes/3ec114cc-1643-47a3-a8bb-d5feee1d636b.xml,1,kg,AT,utilities,,,"The data set represents the incineration of waste, details about the waste composition, water conten",scraped_from_ilcd
518963fc-c37e-4691-8645-021cff35d080,,utilities,processes/518963fc-c37e-4691-8645-021cff35d080.xml,1,kg,ROC,utilities,,,"The data set represents the incineration of waste, details about the waste composition, water conten",scraped_from_ilcd
dbd08777-4931-4650-90d6-afcdfdb7b7d3,,utilities,processes/dbd08777-4931-4650-90d6-afcdfdb7b7d3.xml,1,kg,IE,utilities,,,"The data set represents the incineration of waste, details about the waste composition, water conten",scraped_from_ilcd
3736e816-c6db-4a0b-bfea-bf3266043c07,,utilities,processes/3736e816-c6db-4a0b-bfea-bf3266043c07.xml,1,kg,AT,utilities,,,"The data set represents the incineration of waste, details about the waste composition, water conten",scraped_from_ilcd
7707f5e3-0601-486d-9a45-8d2dd28e0fc1,,utilities,processes/7707f5e3-0601-486d-9a45-8d2dd28e0fc1.xml,1,kg,DK,utilities,,,"The data set represents the incineration of waste, details about the waste composition, water conten",scraped_from_ilcd
55cd3dde-21f9-47f8-8f15-bc319c732107,,utilities,processes/55cd3dde-21f9-47f8-8f15-bc319c732107.xml,1,kg,EU+EFTA+UK,utilities,,,"The data set represents the incineration of waste, details about the waste composition, water conten",scraped_from_ilcd
2815d83f-1f6d-4ce7-b4da-a0a5e9e10bff,,utilities,processes/2815d83f-1f6d-4ce7-b4da-a0a5e9e10bff.xml,1,kg,DK,utilities,,,"The data set represents the incineration of waste, details about the waste composition, water conten",scraped_from_ilcd
82a1feae-a8fb-46bc-a007-72121f040ed6,,utilities,processes/82a1feae-a8fb-46bc-a007-72121f040ed6.xml,1,kg,RAS,utilities,,,"The data set represents the incineration of waste, details about the waste composition, water conten",scraped_from_ilcd
df2f1038-d81e-4a2e-bfe5-6f290161d5f9,,utilities,processes/df2f1038-d81e-4a2e-bfe5-6f290161d5f9.xml,1,kg,SK,utilities,,,"The data set represents the incineration of waste, details about the waste composition, water conten",scraped_from_ilcd
e37e1631-3258-4468-a804-9a3c9de510d4,,utilities,processes/e37e1631-3258-4468-a804-9a3c9de510d4.xml,1,kg,AT,utilities,,,"The data set represents the incineration of waste, details about the waste composition, water conten",scraped_from_ilcd
d2a61c25-856e-456a-9359-a0d5742d4716,,utilities,processes/d2a61c25-856e-456a-9359-a0d5742d4716.xml,1,kg,IT,utilities,,,"The data set represents the incineration of waste, details about the waste composition, water conten",scraped_from_ilcd
6ff0fb92-a71b-4a6d-94dd-10d7f7fabae2,,utilities,processes/6ff0fb92-a71b-4a6d-94dd-10d7f7fabae2.xml,1,kg,DE,utilities,,,"The data set represents the incineration of waste, details about the waste composition, water conten",scraped_from_ilcd
4f6c2191-7849-4b2d-ad24-f69440f6f625,,utilities,processes/4f6c2191-7849-4b2d-ad24-f69440f6f625.xml,1,kg,RAF,utilities,,,"The data set represents the incineration of waste, details about the waste composition, water conten",scraped_from_ilcd
5ed3d800-a656-5bde-ba06-0e82f1712a29,,utilities,processes/5ed3d800-a656-5bde-ba06-0e82f1712a29.xml,1,kg,GLO,utilities,,,"Waterless dyeing is performed using supercritical carbon dioxide (CO2). For CO2, supercritical fluid",scraped_from_ilcd
39e60674-00ce-5fb1-88e2-a5069c99542c,,utilities,processes/39e60674-00ce-5fb1-88e2-a5069c99542c.xml,1,kg,EU+EFTA+UK,utilities,,,The activity starts with the dried sawn wood from air and kiln drying with a gravimetric water conte,scraped_from_ilcd
33cc7c93-6971-47e6-a551-13ffe11fcfa4,,utilities,processes/33cc7c93-6971-47e6-a551-13ffe11fcfa4.xml,1,kg,CH,utilities,,,"The data set represents the incineration of waste, details about the waste composition, water conten",scraped_from_ilcd
8ab7a8b1-ea28-46fc-aafb-6314b10a1410,,utilities,processes/8ab7a8b1-ea28-46fc-aafb-6314b10a1410.xml,1,kg,DE,utilities,,,"The data set represents the incineration of waste, details about the waste composition, water conten",scraped_from_ilcd
190fef73-b90a-4e96-a810-ed60a8ab5b45,,utilities,processes/190fef73-b90a-4e96-a810-ed60a8ab5b45.xml,1,kg,DE,utilities,,,"The data set represents the incineration of waste, details about the waste composition, water conten",scraped_from_ilcd
2d26f82f-2cb8-4892-b20a-70f500cce173,,utilities,processes/2d26f82f-2cb8-4892-b20a-70f500cce173.xml,1,kg,RAS,utilities,,,"The data set represents the incineration of waste, details about the waste composition, water conten",scraped_from_ilcd
5ac878f7-2776-4c69-b9e6-ce9c30a5bf06,,utilities,processes/5ac878f7-2776-4c69-b9e6-ce9c30a5bf06.xml,1,kg,DE,utilities,,,"The data set represents the incineration of waste, details about the waste composition, water conten",scraped_from_ilcd
a4823810-d9d4-4789-97d2-2226d1778a67,,utilities,processes/a4823810-d9d4-4789-97d2-2226d1778a67.xml,1,kg,HU,utilities,,,"The data set represents the incineration of waste, details about the waste composition, water conten",scraped_from_ilcd
6c4a300c-dbdc-45a6-881a-a3ef7abccc65,,utilities,processes/6c4a300c-dbdc-45a6-881a-a3ef7abccc65.xml,1,kg,FI,utilities,,,"The data set represents the incineration of waste, details about the waste composition, water conten",scraped_from_ilcd
74ceebf1-5f87-44a1-8bff-6349517332f0,,utilities,processes/74ceebf1-5f87-44a1-8bff-6349517332f0.xml,1,kg,EU+EFTA+UK,utilities,,,"The data set represents the incineration of waste, details about the waste composition, water conten",scraped_from_ilcd
3823de29-433d-46be-8ffa-0f863d56c0e1,,utilities,processes/3823de29-433d-46be-8ffa-0f863d56c0e1.xml,1,kg,CZ,utilities,,,"The data set represents the incineration of waste, details about the waste composition, water conten",scraped_from_ilcd
f77ad4b2-5ca9-4f4f-9d77-9937b515f825,,utilities,processes/f77ad4b2-5ca9-4f4f-9d77-9937b515f825.xml,1,kg,NO,utilities,,,"The data set represents the incineration of waste, details about the waste composition, water conten",scraped_from_ilcd
ab8a73d7-2efc-43d9-b75e-ea8d95410561,,utilities,processes/ab8a73d7-2efc-43d9-b75e-ea8d95410561.xml,1,kg,DK,utilities,,,"The data set represents the incineration of waste, details about the waste composition, water conten",scraped_from_ilcd
66ef8a3e-e666-5615-8a8b-dfe8464b11f7,,utilities,processes/66ef8a3e-e666-5615-8a8b-dfe8464b11f7.xml,1,kg,GLO,utilities,,,"The treatment is carried out using caustic soda, which determines the contraction and swelling of th",scraped_from_ilcd
0be82a64-cbe6-43c4-98f9-69045c145aa0,,utilities,processes/0be82a64-cbe6-43c4-98f9-69045c145aa0.xml,1,kg,HU,utilities,,,"The data set represents the incineration of waste, details about the waste composition, water conten",scraped_from_ilcd
0b948c6e-942f-42cc-a2e2-d7bf5f6605f7,,utilities,processes/0b948c6e-942f-42cc-a2e2-d7bf5f6605f7.xml,1,kg,SK,utilities,,,"The data set represents the incineration of waste, details about the waste composition, water conten",scraped_from_ilcd
9775bec1-d8de-45bc-b2c2-403038f7c0a7,,utilities,processes/9775bec1-d8de-45bc-b2c2-403038f7c0a7.xml,1,kg,FI,utilities,,,"The data set represents the incineration of waste, details about the waste composition, water conten",scraped_from_ilcd
070edc71-22b7-43ef-b522-af222abcb996,,utilities,processes/070edc71-22b7-43ef-b522-af222abcb996.xml,1,kg,SE,utilities,,,"The data set represents the incineration of waste, details about the waste composition, water conten",scraped_from_ilcd
1e3c30d5-c62f-4922-baf0-e97f4ef5358d,,utilities,processes/1e3c30d5-c62f-4922-baf0-e97f4ef5358d.xml,1,kg,ES,utilities,,,"The data set represents the incineration of waste, details about the waste composition, water conten",scraped_from_ilcd
bdedf4e5-bf38-4d80-b5ee-e24a3ee6d81b,,utilities,processes/bdedf4e5-bf38-4d80-b5ee-e24a3ee6d81b.xml,1,kg,PL,utilities,,,"The data set represents the incineration of waste, details about the waste composition, water conten",scraped_from_ilcd
9d683287-882e-4761-8e21-ec79b5dad54e,,utilities,processes/9d683287-882e-4761-8e21-ec79b5dad54e.xml,1,kg,CZ,utilities,,,"The data set represents the incineration of waste, details about the waste composition, water conten",scraped_from_ilcd
bc075396-b46f-47fc-b2c5-58e4cfdbaf7b,,utilities,processes/bc075396-b46f-47fc-b2c5-58e4cfdbaf7b.xml,1,kg,CH,utilities,,,"The data set represents the incineration of waste, details about the waste composition, water conten",scraped_from_ilcd
cac7f07c-13af-4ff3-b322-29b8361cbbcb,,utilities,processes/cac7f07c-13af-4ff3-b322-29b8361cbbcb.xml,1,kg,ES,utilities,,,"The data set represents the incineration of waste, details about the waste composition, water conten",scraped_from_ilcd
cf1ac3dc-90f5-4200-85df-61d53c7b168f,,utilities,processes/cf1ac3dc-90f5-4200-85df-61d53c7b168f.xml,1,kg,CZ,utilities,,,"The data set represents the incineration of waste, details about the waste composition, water conten",scraped_from_ilcd
f40c156e-7abb-4706-b855-85f076a3112d,,utilities,processes/f40c156e-7abb-4706-b855-85f076a3112d.xml,1,kg,SE,utilities,,,"The data set represents the incineration of waste, details about the waste composition, water conten",scraped_from_ilcd
a72bc787-3ac7-4f97-bd8d-bce3ca44ca95,,utilities,processes/a72bc787-3ac7-4f97-bd8d-bce3ca44ca95.xml,1,kg,EU+EFTA+UK,utilities,,,"The data set represents the incineration of waste, details about the waste composition, water conten",scraped_from_ilcd
6e085928-663b-4a49-853c-12a32d393887,,utilities,processes/6e085928-663b-4a49-853c-12a32d393887.xml,1,kg,RAF,utilities,,,"The data set represents the incineration of waste, details about the waste composition, water conten",scraped_from_ilcd
82ac5c75-2668-49c5-8cd4-55b81dba1a16,,utilities,processes/82ac5c75-2668-49c5-8cd4-55b81dba1a16.xml,1,kg,EU+EFTA+UK,utilities,,,"The data set represents the incineration of waste, details about the waste composition, water conten",scraped_from_ilcd
0ff74388-e8d8-5dd6-992a-fed0fa7d3159,,utilities,processes/0ff74388-e8d8-5dd6-992a-fed0fa7d3159.xml,1,kg,EU+EFTA+UK,utilities,,,The activity starts with the dried sawn wood from air and kiln drying with a gravimetric water conte,scraped_from_ilcd
ea0b84ec-55cd-436a-8ae0-aec988473582,,utilities,processes/ea0b84ec-55cd-436a-8ae0-aec988473582.xml,1,kg,EE,utilities,,,"The data set represents the incineration of waste, details about the waste composition, water conten",scraped_from_ilcd
1f9268b5-3b33-4717-aaa5-6d089fce1020,,utilities,processes/1f9268b5-3b33-4717-aaa5-6d089fce1020.xml,1,kg,PL,utilities,,,"The data set represents the incineration of waste, details about the waste composition, water conten",scraped_from_ilcd
22c3f1fc-95e9-4dc9-9944-c7023b30d8fd,,utilities,processes/22c3f1fc-95e9-4dc9-9944-c7023b30d8fd.xml,1,kg,IT,utilities,,,"The data set represents the incineration of waste, details about the waste composition, water conten",scraped_from_ilcd
9098a6c1-9357-48ae-b32e-cfeecf5d81ba,,utilities,processes/9098a6c1-9357-48ae-b32e-cfeecf5d81ba.xml,1,kg,BE,utilities,,,"The data set represents the incineration of waste, details about the waste composition, water conten",scraped_from_ilcd
7c6453be-1050-42ca-a5de-6101eed823bb,,utilities,processes/7c6453be-1050-42ca-a5de-6101eed823bb.xml,1,kg,EU+EFTA+UK,utilities,,,"The data set represents the incineration of waste, details about the waste composition, water conten",scraped_from_ilcd
b136ebe0-3f56-4cd8-a25d-c9cc17548b1a,,utilities,processes/b136ebe0-3f56-4cd8-a25d-c9cc17548b1a.xml,1,kg,RNA,utilities,,,"The data set represents the incineration of waste, details about the waste composition, water conten",scraped_from_ilcd
9883cbbb-d2e3-481d-ba6a-c379ca569487,,utilities,processes/9883cbbb-d2e3-481d-ba6a-c379ca569487.xml,1,kg,PL,utilities,,,"The data set represents the incineration of waste, details about the waste composition, water conten",scraped_from_ilcd
1bf0260d-a8f5-4c14-8359-f2a08cec0eb9,,utilities,processes/1bf0260d-a8f5-4c14-8359-f2a08cec0eb9.xml,1,kg,IE,utilities,,,"The data set represents the incineration of waste, details about the waste composition, water conten",scraped_from_ilcd
a6e9242f-9ab1-45fb-b533-dc0050fecbcd,,utilities,processes/a6e9242f-9ab1-45fb-b533-dc0050fecbcd.xml,1,kg,PL,utilities,,,"The data set represents the incineration of waste, details about the waste composition, water conten",scraped_from_ilcd
e936647f-db27-405f-be54-a65cc25e0343,,utilities,processes/e936647f-db27-405f-be54-a65cc25e0343.xml,1,kg,RAS,utilities,,,"The data set represents the incineration of waste, details about the waste composition, water conten",scraped_from_ilcd
79802d84-0103-4ac0-86ba-5169a2c30d8f,,utilities,processes/79802d84-0103-4ac0-86ba-5169a2c30d8f.xml,1,kg,RNA,utilities,,,"The data set represents the incineration of waste, details about the waste composition, water conten",scraped_from_ilcd
b32705cd-e134-403b-9105-b67b936395a1,,utilities,processes/b32705cd-e134-403b-9105-b67b936395a1.xml,1,kg,EU+EFTA+UK,utilities,,,"The data set represents the incineration of waste, details about the waste composition, water conten",scraped_from_ilcd
04b84177-0d90-44ff-a9a8-2ebc967f670e,,utilities,processes/04b84177-0d90-44ff-a9a8-2ebc967f670e.xml,1,kg,ROC,utilities,,,"The data set represents the incineration of waste, details about the waste composition, water conten",scraped_from_ilcd
ed37c0d2-9f28-4c36-9fe5-93250f2c634b,,utilities,processes/ed37c0d2-9f28-4c36-9fe5-93250f2c634b.xml,1,kg,FR,utilities,,,"The data set represents the incineration of waste, details about the waste composition, water conten",scraped_from_ilcd
f1dc2214-9adb-41fa-8141-6979438603c5,,utilities,processes/f1dc2214-9adb-41fa-8141-6979438603c5.xml,1,kg,IE,utilities,,,"The data set represents the incineration of waste, details about the waste composition, water conten",scraped_from_ilcd
8617e779-c645-49da-bad8-57141df0b37b,,utilities,processes/8617e779-c645-49da-bad8-57141df0b37b.xml,1,kg,PT,utilities,,,"The data set represents the incineration of waste, details about the waste composition, water conten",scraped_from_ilcd
74eb28c6-3858-4372-b3eb-1a76b93c05b2,,utilities,processes/74eb28c6-3858-4372-b3eb-1a76b93c05b2.xml,1,kg,ROC,utilities,,,"The data set represents the incineration of waste, details about the waste composition, water conten",scraped_from_ilcd
7362d4a4-0aa3-4f1c-9c60-b60a7dc1b50a,,utilities,processes/7362d4a4-0aa3-4f1c-9c60-b60a7dc1b50a.xml,1,kg,FI,utilities,,,"The data set represents the incineration of waste, details about the waste composition, water conten",scraped_from_ilcd
b72c2c79-4d83-4ca6-89bc-8068a88be9f6,,utilities,processes/b72c2c79-4d83-4ca6-89bc-8068a88be9f6.xml,1,kg,FI,utilities,,,"The data set represents the incineration of waste, details about the waste composition, water conten",scraped_from_ilcd
76affaa5-7f11-4bfa-9e0f-308e558d3d99,,utilities,processes/76affaa5-7f11-4bfa-9e0f-308e558d3d99.xml,1,kg,FI,utilities,,,"The data set represents the incineration of waste, details about the waste composition, water conten",scraped_from_ilcd
92404311-47c3-4355-a900-de02943f23ea,,utilities,processes/92404311-47c3-4355-a900-de02943f23ea.xml,1,kg,CH,utilities,,,"The data set represents the incineration of waste, details about the waste composition, water conten",scraped_from_ilcd
6fc38ec0-f671-4087-b37f-d9b8da23dbeb,,utilities,processes/6fc38ec0-f671-4087-b37f-d9b8da23dbeb.xml,1,kg,FI,utilities,,,"The data set represents the incineration of waste, details about the waste composition, water conten",scraped_from_ilcd
e68ed793-52be-4775-9c05-ae2b9b6a203b,,utilities,processes/e68ed793-52be-4775-9c05-ae2b9b6a203b.xml,1,kg,ES,utilities,,,"The data set represents the incineration of waste, details about the waste composition, water conten",scraped_from_ilcd
246c1ac4-9825-4323-968f-b76e8b548b53,,utilities,processes/246c1ac4-9825-4323-968f-b76e8b548b53.xml,1,kg,ROC,utilities,,,"The data set represents the incineration of waste, details about the waste composition, water conten",scraped_from_ilcd
9d4dfbb8-dcad-462e-974f-1e4a3104d29b,,utilities,processes/9d4dfbb8-dcad-462e-974f-1e4a3104d29b.xml,1,kg,RNA,utilities,,,"The data set represents the incineration of waste, details about the waste composition, water conten",scraped_from_ilcd
1fd8955d-7d78-4460-8efe-18030cdb1b42,,utilities,processes/1fd8955d-7d78-4460-8efe-18030cdb1b42.xml,1,kg,DK,utilities,,,"The data set represents the incineration of waste, details about the waste composition, water conten",scraped_from_ilcd
df58bb22-268f-53e2-9ef6-bc36a8732a19,,utilities,processes/df58bb22-268f-53e2-9ef6-bc36a8732a19.xml,1,kg,GLO,utilities,,,Uses Same technology as Anti Microbial treatment. Acarid (dust mite) treatment works because it remo,scraped_from_ilcd
ea385cdf-a066-4895-9a14-8a4f707a0b59,,utilities,processes/ea385cdf-a066-4895-9a14-8a4f707a0b59.xml,1,kg,NO,utilities,,,"The data set represents the incineration of waste, details about the waste composition, water conten",scraped_from_ilcd
bc19bfd5-355c-42c1-ba67-86beafdb6b8b,,utilities,processes/bc19bfd5-355c-42c1-ba67-86beafdb6b8b.xml,1,kg,ES,utilities,,,"The data set represents the incineration of waste, details about the waste composition, water conten",scraped_from_ilcd
ae6fb847-f82d-538c-b10d-4459232ab878,,utilities,processes/ae6fb847-f82d-538c-b10d-4459232ab878.xml,1,kg,RNA,utilities,,,The activity starts with the dried sawn wood from air and kiln drying with a gravimetric water conte,scraped_from_ilcd
5710e053-996b-4e9b-bdec-eb9adb4d6a82,,utilities,processes/5710e053-996b-4e9b-bdec-eb9adb4d6a82.xml,1,kg,GLO,utilities,,,"The data set represents the incineration of waste, details about the waste composition, water conten",scraped_from_ilcd
cb32c694-93d4-46a3-b864-f9733e64dcf4,,utilities,processes/cb32c694-93d4-46a3-b864-f9733e64dcf4.xml,1,kg,FR,utilities,,,"The data set represents the incineration of waste, details about the waste composition, water conten",scraped_from_ilcd
b6ce954d-deb4-4c16-907a-c67b71e1e862,,utilities,processes/b6ce954d-deb4-4c16-907a-c67b71e1e862.xml,1,kg,EU+EFTA+UK,utilities,,,"The data set represents the incineration of waste, details about the waste composition, water conten",scraped_from_ilcd
0642b7d1-0a3e-5aac-af04-432e1c26e618,,utilities,processes/0642b7d1-0a3e-5aac-af04-432e1c26e618.xml,1,kg,GLO,utilities,,,"The treatment is carried out using caustic soda, which determines the contraction and swelling of th",scraped_from_ilcd
f5a9bf57-479d-4ef2-bbd4-432e4d0d00c3,,utilities,processes/f5a9bf57-479d-4ef2-bbd4-432e4d0d00c3.xml,1,kg,PL,utilities,,,"The data set represents the incineration of waste, details about the waste composition, water conten",scraped_from_ilcd
df67203a-b106-44c3-8dec-0a44d674d563,,utilities,processes/df67203a-b106-44c3-8dec-0a44d674d563.xml,1,kg,CZ,utilities,,,"The data set represents the incineration of waste, details about the waste composition, water conten",scraped_from_ilcd
eef64081-3522-4e55-93af-4bd68e58b6e0,,utilities,processes/eef64081-3522-4e55-93af-4bd68e58b6e0.xml,1,kg,EE,utilities,,,"The data set represents the incineration of waste, details about the waste composition, water conten",scraped_from_ilcd
fa2ed531-5588-42b1-ba66-566fae6fbbb2,,utilities,processes/fa2ed531-5588-42b1-ba66-566fae6fbbb2.xml,1,kg,IE,utilities,,,"The data set represents the incineration of waste, details about the waste composition, water conten",scraped_from_ilcd
87e5fc1d-45e0-478e-8f4b-e3369374ca0e,,utilities,processes/87e5fc1d-45e0-478e-8f4b-e3369374ca0e.xml,1,kg,SE,utilities,,,"The data set represents the incineration of waste, details about the waste composition, water conten",scraped_from_ilcd
59a6368f-76f9-4213-b7be-ddc824ef5b38,,utilities,processes/59a6368f-76f9-4213-b7be-ddc824ef5b38.xml,1,kg,DE,utilities,,,"The data set represents the incineration of waste, details about the waste composition, water conten",scraped_from_ilcd
b46637b3-bfd6-4423-ab98-2a47607d1dc2,,utilities,processes/b46637b3-bfd6-4423-ab98-2a47607d1dc2.xml,1,kg,DK,utilities,,,"The data set represents the incineration of waste, details about the waste composition, water conten",scraped_from_ilcd
f06e44a8-126e-462b-9b1e-fd91ba2c96e7,,utilities,processes/f06e44a8-126e-462b-9b1e-fd91ba2c96e7.xml,1,kg,LT,utilities,,,"The data set represents the incineration of waste, details about the waste composition, water conten",scraped_from_ilcd
f79eb8b4-078e-423b-91ad-4af34b5a619b,,utilities,processes/f79eb8b4-078e-423b-91ad-4af34b5a619b.xml,1,kg,ES,utilities,,,"The data set represents the incineration of waste, details about the waste composition, water conten",scraped_from_ilcd
5738a8c3-5aa9-437a-8880-71f3f20ece22,,utilities,processes/5738a8c3-5aa9-437a-8880-71f3f20ece22.xml,1,kg,CH,utilities,,,"The data set represents the incineration of waste, details about the waste composition, water conten",scraped_from_ilcd
7b33edaf-0ff2-51a9-97aa-455ce3458192,,utilities,processes/7b33edaf-0ff2-51a9-97aa-455ce3458192.xml,1,kg,FI,utilities,,,The activity starts with the dried sawn wood from air and kiln drying with a gravimetric water conte,scraped_from_ilcd
4c08d513-d9d8-419a-bb41-34d71b5699f7,,utilities,processes/4c08d513-d9d8-419a-bb41-34d71b5699f7.xml,1,kg,LT,utilities,,,"The data set represents the incineration of waste, details about the waste composition, water conten",scraped_from_ilcd
1422051d-ba74-4b1e-9cf7-c84e3859f6c0,,utilities,processes/1422051d-ba74-4b1e-9cf7-c84e3859f6c0.xml,1,kg,PT,utilities,,,"The data set represents the incineration of waste, details about the waste composition, water conten",scraped_from_ilcd
f384f05d-9d78-4728-b71d-c46ebbc73233,,utilities,processes/f384f05d-9d78-4728-b71d-c46ebbc73233.xml,1,kg,EE,utilities,,,"The data set represents the incineration of waste, details about the waste composition, water conten",scraped_from_ilcd
e2840e2c-07c4-49c5-938c-77da03d58c14,,utilities,processes/e2840e2c-07c4-49c5-938c-77da03d58c14.xml,1,kg,PL,utilities,,,"The data set represents the incineration of waste, details about the waste composition, water conten",scraped_from_ilcd
5bb9dca8-ab75-46d9-96af-c6ba3474bfc8,,utilities,processes/5bb9dca8-ab75-46d9-96af-c6ba3474bfc8.xml,1,kg,CH,utilities,,,"The data set represents the incineration of waste, details about the waste composition, water conten",scraped_from_ilcd
37f04766-56b2-4b38-842f-30bfb90f38c4,,utilities,processes/37f04766-56b2-4b38-842f-30bfb90f38c4.xml,1,kg,NL,utilities,,,"The data set represents the incineration of waste, details about the waste composition, water conten",scraped_from_ilcd
b20b427f-b799-4d1a-824e-c2c1a71fa346,,utilities,processes/b20b427f-b799-4d1a-824e-c2c1a71fa346.xml,1,kg,EE,utilities,,,"The data set represents the incineration of waste, details about the waste composition, water conten",scraped_from_ilcd
9f36167c-9cf6-422a-ab93-dfd46e56b1bd,,utilities,processes/9f36167c-9cf6-422a-ab93-dfd46e56b1bd.xml,1,kg,CZ,utilities,,,"The data set represents the incineration of waste, details about the waste composition, water conten",scraped_from_ilcd
cebfe482-275e-4397-b967-2b07f342a35b,,utilities,processes/cebfe482-275e-4397-b967-2b07f342a35b.xml,1,kg,FR,utilities,,,"The data set represents the incineration of waste, details about the waste composition, water conten",scraped_from_ilcd
af5bb45f-de5d-4386-b1f0-009e5ee62e32,,utilities,processes/af5bb45f-de5d-4386-b1f0-009e5ee62e32.xml,1,kg,ES,utilities,,,"The data set represents the incineration of waste, details about the waste composition, water conten",scraped_from_ilcd
cd994e90-e95d-4897-9f43-12edfb3c044b,,utilities,processes/cd994e90-e95d-4897-9f43-12edfb3c044b.xml,1,kg,EU+EFTA+UK,utilities,,,"The data set represents the incineration of waste, details about the waste composition, water conten",scraped_from_ilcd
30e79b41-c0ad-5fbb-9def-625f39f7160e,,utilities,processes/30e79b41-c0ad-5fbb-9def-625f39f7160e.xml,1,kg,GLO,utilities,,,"The drying machine used in this process does not produce any sewage in the drying process, saving en",scraped_from_ilcd
90577f53-a808-42e0-8a09-5c25d4223d59,,utilities,processes/90577f53-a808-42e0-8a09-5c25d4223d59.xml,1,kg,DE,utilities,,,"The data set represents the incineration of waste, details about the waste composition, water conten",scraped_from_ilcd
1982e1b9-cda1-4385-9cb4-8cd83739103c,,utilities,processes/1982e1b9-cda1-4385-9cb4-8cd83739103c.xml,1,kg,GB,utilities,,,"The data set represents the incineration of waste, details about the waste composition, water conten",scraped_from_ilcd
8f42ab2e-6c4a-48e0-955f-92114091f1b6,,utilities,processes/8f42ab2e-6c4a-48e0-955f-92114091f1b6.xml,1,kg,DE,utilities,,,"The data set represents the incineration of waste, details about the waste composition, water conten",scraped_from_ilcd
7d21a9c3-b53b-480b-a029-f853ea0791b1,,utilities,processes/7d21a9c3-b53b-480b-a029-f853ea0791b1.xml,1,kg,EU+EFTA+UK,utilities,,,"The data set represents the incineration of waste, details about the waste composition, water conten",scraped_from_ilcd
722fbf04-7841-4ce5-b0ae-a446beb793b1,,utilities,processes/722fbf04-7841-4ce5-b0ae-a446beb793b1.xml,1,kg,FI,utilities,,,"The data set represents the incineration of waste, details about the waste composition, water conten",scraped_from_ilcd
baa79f9a-25c9-4deb-879d-0aa278e945ed,,utilities,processes/baa79f9a-25c9-4deb-879d-0aa278e945ed.xml,1,kg,FI,utilities,,,"The data set represents the incineration of waste, details about the waste composition, water conten",scraped_from_ilcd
7602857f-e3e9-4fc6-9598-643d15d78a3f,,utilities,processes/7602857f-e3e9-4fc6-9598-643d15d78a3f.xml,1,kg,IE,utilities,,,"The data set represents the incineration of waste, details about the waste composition, water conten",scraped_from_ilcd
cda67fa4-6def-4041-859e-a4b765af3e80,,utilities,processes/cda67fa4-6def-4041-859e-a4b765af3e80.xml,1,kg,RNA,utilities,,,"The data set represents the incineration of waste, details about the waste composition, water conten",scraped_from_ilcd
e787e23d-4552-5d30-965e-c0696c76ab1c,,utilities,processes/e787e23d-4552-5d30-965e-c0696c76ab1c.xml,1,kg,GLO,utilities,,,Uses Same technology as Anti Microbial treatment. Acarid (dust mite) treatment works because it remo,scraped_from_ilcd
46302fbe-e4d5-405f-94ad-1fcad781257f,,utilities,processes/46302fbe-e4d5-405f-94ad-1fcad781257f.xml,1,kg,FI,utilities,,,"The data set represents the incineration of waste, details about the waste composition, water conten",scraped_from_ilcd
ced455eb-f516-4e7c-8860-c87af59a64c4,,utilities,processes/ced455eb-f516-4e7c-8860-c87af59a64c4.xml,1,kg,RAF,utilities,,,"The data set represents the incineration of waste, details about the waste composition, water conten",scraped_from_ilcd
b6281d52-9b98-4837-b565-62a331bad3cc,,utilities,processes/b6281d52-9b98-4837-b565-62a331bad3cc.xml,1,kg,BE,utilities,,,"The data set represents the incineration of waste, details about the waste composition, water conten",scraped_from_ilcd
51682370-3c7b-45c1-95c6-3929249a94a9,,utilities,processes/51682370-3c7b-45c1-95c6-3929249a94a9.xml,1,kg,GB,utilities,,,"The data set represents the incineration of waste, details about the waste composition, water conten",scraped_from_ilcd
6bc0c8ec-bb96-41f7-a5e9-2d79297b1acc,,utilities,processes/6bc0c8ec-bb96-41f7-a5e9-2d79297b1acc.xml,1,kg,IT,utilities,,,"The data set represents the incineration of waste, details about the waste composition, water conten",scraped_from_ilcd
4b0bb5de-1060-5dac-a77f-6828c00c78af,,utilities,processes/4b0bb5de-1060-5dac-a77f-6828c00c78af.xml,1,kg,GLO,utilities,,,"Waterless dyeing is performed using supercritical carbon dioxide (CO2). For CO2, supercritical fluid",scraped_from_ilcd
e7191276-0d82-4b2e-8969-60d50367668d,,utilities,processes/e7191276-0d82-4b2e-8969-60d50367668d.xml,1,kg,SE,utilities,,,"The data set represents the incineration of waste, details about the waste composition, water conten",scraped_from_ilcd
b51755f7-aa2f-4da9-a2e9-346a81265fd7,,utilities,processes/b51755f7-aa2f-4da9-a2e9-346a81265fd7.xml,1,kg,PT,utilities,,,"The data set represents the incineration of waste, details about the waste composition, water conten",scraped_from_ilcd
98f34138-f266-426c-9388-19980cdbd418,,utilities,processes/98f34138-f266-426c-9388-19980cdbd418.xml,1,kg,EU+EFTA+UK,utilities,,,"The data set represents the incineration of waste, details about the waste composition, water conten",scraped_from_ilcd
db0ef2f6-cdd3-457b-97a2-9b17c26fefa3,,utilities,processes/db0ef2f6-cdd3-457b-97a2-9b17c26fefa3.xml,1,kg,GB,utilities,,,"The data set represents the incineration of waste, details about the waste composition, water conten",scraped_from_ilcd
7e4086f7-828f-4868-aee1-777bcaec7ea3,,utilities,processes/7e4086f7-828f-4868-aee1-777bcaec7ea3.xml,1,kg,AT,utilities,,,"The data set represents the incineration of waste, details about the waste composition, water conten",scraped_from_ilcd
b9ac2613-fd50-4130-816f-96a5c3bb38de,,utilities,processes/b9ac2613-fd50-4130-816f-96a5c3bb38de.xml,1,kg,SK,utilities,,,"The data set represents the incineration of waste, details about the waste composition, water conten",scraped_from_ilcd
23588d59-be5e-5462-805f-5d691687aeee,,utilities,processes/23588d59-be5e-5462-805f-5d691687aeee.xml,1,kg,GLO,utilities,,,Plasma treatment can be performed in an evacuated enclosure or chamber. The air is pumped out and ga,scraped_from_ilcd
2fb74c24-850d-4f52-9e55-410a91101979,,utilities,processes/2fb74c24-850d-4f52-9e55-410a91101979.xml,1,kg,IE,utilities,,,"The data set represents the incineration of waste, details about the waste composition, water conten",scraped_from_ilcd
7f748e86-00a0-4ed7-9d4d-758b02290525,,utilities,processes/7f748e86-00a0-4ed7-9d4d-758b02290525.xml,1,kg,SE,utilities,,,"The data set represents the incineration of waste, details about the waste composition, water conten",scraped_from_ilcd
a2af208c-eac2-4f78-830f-cbc0021f42b9,,utilities,processes/a2af208c-eac2-4f78-830f-cbc0021f42b9.xml,1,kg,LT,utilities,,,"The data set represents the incineration of waste, details about the waste composition, water conten",scraped_from_ilcd
fa158634-c471-4b0e-afef-407d1073b086,,utilities,processes/fa158634-c471-4b0e-afef-407d1073b086.xml,1,kg,EU+EFTA+UK,utilities,,,"The data set represents the incineration of waste, details about the waste composition, water conten",scraped_from_ilcd
7b75dda4-b006-4d8c-8949-e16c2e0dd5c0,,utilities,processes/7b75dda4-b006-4d8c-8949-e16c2e0dd5c0.xml,1,kg,EU+EFTA+UK,utilities,,,"The data set represents the incineration of waste, details about the waste composition, water conten",scraped_from_ilcd
d791ca86-8701-40c0-90a1-937e724051f6,,utilities,processes/d791ca86-8701-40c0-90a1-937e724051f6.xml,1,kg,FR,utilities,,,"The data set represents the incineration of waste, details about the waste composition, water conten",scraped_from_ilcd
136ca651-4eaa-4c19-a17b-7fc2b2e9cc6e,,utilities,processes/136ca651-4eaa-4c19-a17b-7fc2b2e9cc6e.xml,1,kg,RAS,utilities,,,"The data set represents the incineration of waste, details about the waste composition, water conten",scraped_from_ilcd
67ab4981-099b-4f2d-9c3d-26b19f547ffc,,utilities,processes/67ab4981-099b-4f2d-9c3d-26b19f547ffc.xml,1,kg,DE,utilities,,,"The data set represents the incineration of waste, details about the waste composition, water conten",scraped_from_ilcd
72a8df5e-8c7e-407e-a008-4b556801af79,,utilities,processes/72a8df5e-8c7e-407e-a008-4b556801af79.xml,1,kg,BE,utilities,,,"The data set represents the incineration of waste, details about the waste composition, water conten",scraped_from_ilcd
ca41bedc-45a4-4d9c-8875-6bae45bf20e1,,utilities,processes/ca41bedc-45a4-4d9c-8875-6bae45bf20e1.xml,1,kg,EE,utilities,,,"The data set represents the incineration of waste, details about the waste composition, water conten",scraped_from_ilcd
67fd5993-7cbb-5709-9774-c7f31043c0d9,,utilities,processes/67fd5993-7cbb-5709-9774-c7f31043c0d9.xml,1,kg,GLO,utilities,,,Uses Same technology as Anti Microbial treatment. Acarid (dust mite) treatment works because it remo,scraped_from_ilcd
aa14f4af-1d64-4044-93ac-2f69849c79f1,,utilities,processes/aa14f4af-1d64-4044-93ac-2f69849c79f1.xml,1,kg,NO,utilities,,,"The data set represents the incineration of waste, details about the waste composition, water conten",scraped_from_ilcd
c4c4ac32-06ef-5631-81db-a073effe049d,,utilities,processes/c4c4ac32-06ef-5631-81db-a073effe049d.xml,1,kg,GLO,utilities,,,"Waterless dyeing is performed using supercritical carbon dioxide (CO2). For CO2, supercritical fluid",scraped_from_ilcd
2c81f2e1-abac-5e59-b3e0-d611e2915f2e,,utilities,processes/2c81f2e1-abac-5e59-b3e0-d611e2915f2e.xml,1,kg,GLO,utilities,,,"This process includes a heat treatment that imparts shape retention, creates resistance, resilience,",scraped_from_ilcd
034b2afb-2aa4-4d64-99b5-f39f700f3d44,,utilities,processes/034b2afb-2aa4-4d64-99b5-f39f700f3d44.xml,1,kg,EU+EFTA+UK,utilities,,,"The data set represents the incineration of waste, details about the waste composition, water conten",scraped_from_ilcd
9ffeada3-d6fa-4db2-8183-b8ad9e5aae5f,,utilities,processes/9ffeada3-d6fa-4db2-8183-b8ad9e5aae5f.xml,1,kg,LU,utilities,,,"The data set represents the incineration of waste, details about the waste composition, water conten",scraped_from_ilcd
ad32acea-e85c-4f19-b611-f22c3ea77845,,utilities,processes/ad32acea-e85c-4f19-b611-f22c3ea77845.xml,1,kg,GLO,utilities,,,"The data set represents the incineration of waste, details about the waste composition, water conten",scraped_from_ilcd
3bbd4521-7adb-438b-b3d2-19d230aba0c7,,utilities,processes/3bbd4521-7adb-438b-b3d2-19d230aba0c7.xml,1,kg,IT,utilities,,,"The data set represents the incineration of waste, details about the waste composition, water conten",scraped_from_ilcd
95e554d8-fccb-4feb-a2ef-c5829a40702f,,utilities,processes/95e554d8-fccb-4feb-a2ef-c5829a40702f.xml,1,kg,FR,utilities,,,"The data set represents the incineration of waste, details about the waste composition, water conten",scraped_from_ilcd
020c880b-a516-41be-83ef-be09d8ae1092,,utilities,processes/020c880b-a516-41be-83ef-be09d8ae1092.xml,1,kg,PL,utilities,,,"The data set represents the incineration of waste, details about the waste composition, water conten",scraped_from_ilcd
f3a4a6c0-23e0-597e-9164-da9923b5c17a,,utilities,processes/f3a4a6c0-23e0-597e-9164-da9923b5c17a.xml,1,kg,SE,utilities,,,The activity starts with the dried sawn wood from air and kiln drying with a gravimetric water conte,scraped_from_ilcd
eb963300-5943-4164-87d6-6c3c7f730e8a,,utilities,processes/eb963300-5943-4164-87d6-6c3c7f730e8a.xml,1,kg,GB,utilities,,,"The data set represents the incineration of waste, details about the waste composition, water conten",scraped_from_ilcd
bda12c1b-9050-45dc-992d-720be5162ff5,,utilities,processes/bda12c1b-9050-45dc-992d-720be5162ff5.xml,1,kg,PT,utilities,,,"The data set represents the incineration of waste, details about the waste composition, water conten",scraped_from_ilcd
db43b207-5180-436a-bf00-4408f306483c,,utilities,processes/db43b207-5180-436a-bf00-4408f306483c.xml,1,kg,NO,utilities,,,"The data set represents the incineration of waste, details about the waste composition, water conten",scraped_from_ilcd
fa0d1d01-338d-46cb-b2e1-907fe5393b34,,utilities,processes/fa0d1d01-338d-46cb-b2e1-907fe5393b34.xml,1,kg,LU,utilities,,,"The data set represents the incineration of waste, details about the waste composition, water conten",scraped_from_ilcd
c8cd775b-b12c-4d25-b255-a7cb53dfe91c,,utilities,processes/c8cd775b-b12c-4d25-b255-a7cb53dfe91c.xml,1,kg,IE,utilities,,,"The data set represents the incineration of waste, details about the waste composition, water conten",scraped_from_ilcd
909539c1-96d7-4fff-b6ef-ac8d56afc39b,,utilities,processes/909539c1-96d7-4fff-b6ef-ac8d56afc39b.xml,1,kg,SK,utilities,,,"The data set represents the incineration of waste, details about the waste composition, water conten",scraped_from_ilcd
8ee61fea-0096-4149-9d0b-905599893170,,utilities,processes/8ee61fea-0096-4149-9d0b-905599893170.xml,1,kg,ROC,utilities,,,"The data set represents the incineration of waste, details about the waste composition, water conten",scraped_from_ilcd
963adf42-f47b-4406-bb5a-66430e679943,,utilities,processes/963adf42-f47b-4406-bb5a-66430e679943.xml,1,kg,SK,utilities,,,"The data set represents the incineration of waste, details about the waste composition, water conten",scraped_from_ilcd
afc647d8-b169-419b-8bdb-8475abb63958,,utilities,processes/afc647d8-b169-419b-8bdb-8475abb63958.xml,1,kg,RAF,utilities,,,"The data set represents the incineration of waste, details about the waste composition, water conten",scraped_from_ilcd
b8507914-8fd4-4245-8e43-35f2413c38fd,,utilities,processes/b8507914-8fd4-4245-8e43-35f2413c38fd.xml,1,kg,LT,utilities,,,"The data set represents the incineration of waste, details about the waste composition, water conten",scraped_from_ilcd
